"Germplasm","Rep","Plot","Row","Range","NDVI_73","NDVI_88","NDVI_95","NDVI_101","NDVI_107","NDVI_117","NDVI_131","NDVI_138","NDVI_145","NDVI_152","NDVI_160","NDVI_161","NDVI_165","NDVI_173","NDVI_179","NDVI_187","NDVI_192","NDVI_201","NDVI_206","NDVI_215","NDVI_223","NDVI_228","NDVI_237","NDVI_242","NDVI_257","NDVI_263","NDVI_270","NDVI_278","NDVI_283","NDVI_293","NDVI_299","NDVI_307"
"SW_8421S",1,100,1,1,0.447605447,0.451655472,0.432500977,0.449849243,0.467676324,0.462062197,0.404367359,0.422070838,0.499096815,0.510859884,0.243591044,0.514911081,0.313637281,0.407856749,0.433260896,0.332983345,0.443327586,0.376336617,0.42445291,0.262117029,0.439569986,0.36626584,0.468136965,0.464170761,0.320858806,0.420584716,0.458475496,0.463079058,0.381671126,0.412223027,0.465170254,0.50311007
"SW_1011",1,101,1,2,0.446397707,0.442674864,0.427679085,0.437763325,0.458546541,0.427174501,0.405377118,0.443246819,0.44583688,0.478753533,0.22945833,0.499088007,0.325712375,0.388462712,0.420886095,0.390089825,0.443430429,0.372515758,0.428228624,0.305829229,0.437765848,0.381703679,0.468518112,0.476221429,0.302535373,0.406067694,0.524570428,0.460701777,0.343420851,0.387131994,0.421456831,0.457700999
"SW_9813",2,102,1,3,0.437026184,0.436793026,0.431043743,0.440012979,0.466796951,0.43468896,0.411466251,0.449106971,0.422188921,0.452279268,0.168432035,0.515959872,0.393057017,0.324904009,0.377824529,0.357597123,0.435257611,0.315955141,0.411263378,0.280181986,0.438453279,0.372241081,0.459276209,0.484939061,0.317382111,0.428300728,0.492806581,0.479392245,0.344625459,0.422857626,0.449742313,0.474024103
"DONA_ANA",2,103,1,4,0.455132714,0.449536064,0.44866974,0.461038485,0.487315574,0.471637122,0.38994019,0.431810224,0.487322382,0.503095607,0.163506147,0.515845873,0.400787502,0.39689034,0.419479665,0.321068037,0.437919327,0.375626367,0.443767762,0.262820074,0.451660153,0.387526597,0.486546118,0.494473066,0.303687972,0.43639786,0.556528869,0.496496346,0.317845472,0.434446859,0.462001327,0.492179772
"NM1715PAR",3,104,1,5,0.446554435,0.450583994,0.459502077,0.454573006,0.464583922,0.427927664,0.358972958,0.449098904,0.402788788,0.389580715,0.177038903,0.51618787,0.399833234,0.237625906,0.359323011,0.307776244,0.434044487,0.260963596,0.39809272,0.24318096,0.430172688,0.316021047,0.373148116,0.390718882,0.272381532,0.380672628,0.504180353,0.383961887,0.290926147,0.29304163,0.374828933,0.369714151
"NM170506PAR",3,105,1,6,0.446015302,0.446374924,0.451209851,0.445736464,0.469706703,0.456573262,0.358822146,0.436150303,0.464642049,0.485839655,0.157382696,0.512061104,0.390525356,0.389347898,0.438702715,0.428646558,0.422447783,0.3533782,0.435228886,0.223367402,0.425509223,0.380248602,0.461969405,0.475407772,0.316422124,0.451683315,0.515151331,0.49644045,0.299936069,0.401359051,0.449682812,0.473873564
"NM1704PAR",4,106,1,7,0.44536989,0.447285385,0.452652693,0.457041684,0.477433469,0.46444624,0.315602128,0.453867675,0.484030226,0.51844149,0.16070192,0.502963976,0.400994422,0.418164907,0.455278703,0.339837376,0.424305183,0.366843324,0.434480377,0.195216354,0.421042919,0.380089425,0.454839116,0.469213657,0.304130801,0.436589599,0.473365173,0.506890794,0.25630443,0.367459995,0.438910786,0.478659502
"NM1712PAR",4,107,1,8,0.443007014,0.448788927,0.440015014,0.451786157,0.4669388,0.446328055,0.302077948,0.441762612,0.453545259,0.49231523,0.187713725,0.517305062,0.393833183,0.352879427,0.419900732,0.356125072,0.424187083,0.334523737,0.413721459,0.198551523,0.40748851,0.353379346,0.420758944,0.436820138,0.273248448,0.415142344,0.464208018,0.469593542,0.281418015,0.326256641,0.410386743,0.426357433
"NUMEX_BILL_MELTON_CA_2019",4,108,2,8,0.447307804,0.437891987,0.4343305,0.453866418,0.474624398,0.47596427,0.287943489,0.426003392,0.482036821,0.522032369,0.226895552,0.526607387,0.389853369,0.364783791,0.442905942,0.335264067,0.42038617,0.358170677,0.427096683,0.194955669,0.421221545,0.364675178,0.497276544,0.463845414,0.29639285,0.411805179,0.47470986,0.510125717,0.29973034,0.383777534,0.435470405,0.448996335
"NUMEX_BILL_MELTON_CA_2019",4,109,2,7,0.447606405,0.438318575,0.436361733,0.452125406,0.472624985,0.44531104,0.316609997,0.424595623,0.474312404,0.506540836,0.201101211,0.521751026,0.399683299,0.359210904,0.441829511,0.318575429,0.42297513,0.33669056,0.427312415,0.195687738,0.430094611,0.344498385,0.467610527,0.455623592,0.298691183,0.401609413,0.458853024,0.494334387,0.273092695,0.380888742,0.443026752,0.458660305
"NUMEX_BILL_MELTON_CA_2019",3,110,2,6,0.446824177,0.444241912,0.451636241,0.4493516,0.46772798,0.441856134,0.307713417,0.435672424,0.461167502,0.487413632,0.229346755,0.522845417,0.397112138,0.323702384,0.396738611,0.408452254,0.420232611,0.302392818,0.395530106,0.227534246,0.408214167,0.322109891,0.472015602,0.393619843,0.317254565,0.373721339,0.482721386,0.458424841,0.277282704,0.345911637,0.413999531,0.434046178
"NUMEX_BILL_MELTON_CA_2019",3,111,2,5,0.450971577,0.446469571,0.456557341,0.455931158,0.467362867,0.495933961,0.343477753,0.438049902,0.467923739,0.483345497,0.218602643,0.495645235,0.387961048,0.342794577,0.396423061,0.37327003,0.425304011,0.319338238,0.411077629,0.246569593,0.424392196,0.360488251,0.456313827,0.434147972,0.307244041,0.401377824,0.500415112,0.468542813,0.312546382,0.369525401,0.422030597,0.447077289
"NUMEX_BILL_MELTON_CA_2019",2,112,2,4,0.446694821,0.442378446,0.451405873,0.463243486,0.49265377,0.466689061,0.395576835,0.427523926,0.463536499,0.49506121,0.257975023,0.500843593,0.387212923,0.347826127,0.406979069,0.388109413,0.428170348,0.349826022,0.417088994,0.255121992,0.435347099,0.340714543,0.442504939,0.44032964,0.310183319,0.418663243,0.504505135,0.470193019,0.291034324,0.3657832,0.422489426,0.447873102
"NUMEX_BILL_MELTON_CA_2019",2,113,2,3,0.431995265,0.430518522,0.424311736,0.440615479,0.467261433,0.47992103,0.407964857,0.412835036,0.443936664,0.472568428,0.304411495,0.526926585,0.350665994,0.341881507,0.409877471,0.453757835,0.422960654,0.360267376,0.414530635,0.272145003,0.439506015,0.365140392,0.418856747,0.459631904,0.316351207,0.423466428,0.530325752,0.501704214,0.327632147,0.417120286,0.44047594,0.477747467
"NUMEX_BILL_MELTON_CA_2019",1,114,2,2,0.44546086,0.435189247,0.421720898,0.447922316,0.478853402,0.469784389,0.411683184,0.442971703,0.457205092,0.489937926,0.340793515,0.517008664,0.365807423,0.368254021,0.425632483,0.441895656,0.442323517,0.358177696,0.422759233,0.331616411,0.441420594,0.36828601,0.456929936,0.455030578,0.306821913,0.417394584,0.520828404,0.489627893,0.30871901,0.408485803,0.428788475,0.462973784
"NUMEX_BILL_MELTON_CA_2019",1,115,2,1,0.455950084,0.439661428,0.423757516,0.463029937,0.490906327,0.48876519,0.406858962,0.424740824,0.501972396,0.524192198,0.417693987,0.528203374,0.353178815,0.40152577,0.453699361,0.363570701,0.443595599,0.370992551,0.428560802,0.308502007,0.436466914,0.384358213,0.472124534,0.453906352,0.357711885,0.42851468,0.474235905,0.484557683,0.366390893,0.40509215,0.438287497,0.487470212
"AFX_779",1,116,3,1,0.461530635,0.454829015,0.439409485,0.475053108,0.495643748,0.484069238,0.42393059,0.438227197,0.516563116,0.522725695,0.521198638,0.688508892,0.389750252,0.404035715,0.483077125,0.335601948,0.437411151,0.385964066,0.438115551,0.279031561,0.443431829,0.376999003,0.48838171,0.42039857,0.334095348,0.430050621,0.479726764,0.489085612,0.34005428,0.428105702,0.441228128,0.480824501
"NM1703PAR",1,117,3,2,0.453925623,0.449832398,0.437159217,0.467895249,0.498085229,0.478827516,0.414986384,0.423697101,0.513100536,0.508789144,0.442646789,0.645736434,0.385923623,0.379938104,0.4644665,0.412371734,0.442182052,0.384514878,0.44052764,0.3279631,0.443253058,0.393677601,0.474507141,0.426422128,0.336632999,0.450155784,0.530064348,0.518149962,0.366344573,0.454575485,0.437964596,0.490438041
"SW_1011",2,118,3,3,0.439043683,0.431553283,0.42583438,0.452430481,0.487186094,0.481457328,0.399418687,0.408335393,0.479326857,0.491635514,0.363439605,0.609439124,0.386995399,0.353075268,0.434441691,0.417565752,0.429070916,0.359608878,0.425814153,0.297656404,0.438873361,0.371350856,0.450182647,0.411849485,0.323500958,0.420988371,0.550355514,0.447303881,0.379780735,0.438725834,0.429439145,0.459288806
"NM1715PAR",2,119,3,4,0.452971702,0.453749576,0.457379108,0.455711402,0.481082892,0.472989165,0.415601982,0.442044067,0.422688641,0.412099465,0.346297401,0.637414501,0.404932847,0.296965466,0.374306779,0.333593884,0.432694646,0.369523953,0.393188835,0.25894692,0.437003448,0.312295098,0.375668366,0.337343112,0.320202826,0.390325113,0.497576576,0.360632315,0.36589932,0.357147687,0.382906385,0.355716167
"NM1703PAR",3,120,3,5,0.455024135,0.450173697,0.468716636,0.473356868,0.492738246,0.498751252,0.350747309,0.427059582,0.483808939,0.474898386,0.326250957,0.666917465,0.390557238,0.358122824,0.450805583,0.341166454,0.436593762,0.379973428,0.448130374,0.272467732,0.450881484,0.389196452,0.490624218,0.462202006,0.322256424,0.45251112,0.519803485,0.504415783,0.381847764,0.450079687,0.459707361,0.490933777
"SW_9720",3,121,3,6,0.444856403,0.440991961,0.447052657,0.452113833,0.470869846,0.478120206,0.333497851,0.445436508,0.448840673,0.474075999,0.268584122,0.668399453,0.41654693,0.309173781,0.415952923,0.341851316,0.424441536,0.308706836,0.410809325,0.224948501,0.418622038,0.337630914,0.405555334,0.381296813,0.291255018,0.385867733,0.473725423,0.428488822,0.332755864,0.376864355,0.401538217,0.405419332
"NUMEX_BILL_MELTON_CA_2019",4,122,3,7,0.450278399,0.446042642,0.459068708,0.465429808,0.490357752,0.506359373,0.332333269,0.427876469,0.501844061,0.522251205,0.310473206,0.669129047,0.408262926,0.361948276,0.47994539,0.317144621,0.425244663,0.353174379,0.450231149,0.212260672,0.430089362,0.381162472,0.470752228,0.44729106,0.315570413,0.443536454,0.502574941,0.502243076,0.359912565,0.424071126,0.44155742,0.462918106
"AMERISTAND_803T",4,123,3,8,0.449126973,0.447161463,0.445888625,0.461888503,0.488054527,0.510481146,0.328085929,0.428402029,0.516750156,0.535877016,0.354163465,0.670519836,0.413692452,0.360997598,0.479474315,0.291245119,0.423854638,0.374675743,0.459823619,0.20766455,0.445908335,0.388152539,0.488538076,0.457969675,0.332360949,0.460093843,0.469159462,0.516506414,0.379949517,0.448260086,0.461806689,0.470870786
"NM1702PAR",4,124,4,8,0.457047682,0.449082084,0.463502928,0.473104924,0.485267025,0.524005085,0.34602386,0.427769681,0.477768726,0.489533734,0.456071788,0.658390333,0.421819438,0.391115545,0.444198106,0.34661755,0.422856211,0.346259062,0.438860276,0.201076752,0.422112967,0.357407501,0.493916494,0.427090027,0.295854486,0.412543493,0.508218137,0.48811232,0.378058587,0.450140079,0.449602614,0.444737182
"AFX_779",4,125,4,7,0.453808183,0.454316678,0.472046267,0.47930889,0.494536707,0.504297729,0.358999356,0.433466352,0.495008673,0.50347008,0.431651075,0.653328773,0.424706591,0.368368806,0.459200127,0.350579814,0.431352105,0.338701955,0.44449323,0.24451603,0.432883921,0.350660047,0.505935535,0.394972139,0.307577097,0.412034866,0.479839826,0.471804476,0.375498558,0.440070028,0.442533183,0.455371776
"AFX_149092",3,126,4,6,0.448111724,0.452081722,0.476597554,0.484729955,0.500555691,0.507077009,0.33841146,0.43828627,0.548092106,0.542014507,0.381372105,0.66128591,0.426941152,0.386608866,0.508661563,0.38202716,0.429594847,0.373672345,0.472497544,0.267011784,0.426380045,0.36999544,0.487708084,0.418069867,0.315684669,0.442805013,0.48678552,0.502987064,0.376093099,0.450664789,0.47374663,0.503635535
"NUMEX_BILL_MELTON_FG2011",3,127,4,5,0.445019234,0.436692797,0.459720377,0.459193758,0.460006151,0.505250567,0.332755325,0.440526995,0.446583218,0.446452681,0.391110668,0.669425445,0.401230317,0.337496781,0.402962926,0.319604702,0.429593596,0.363322375,0.412550466,0.273319223,0.429284807,0.334687061,0.479689676,0.38360163,0.322928969,0.379555551,0.531381114,0.442185925,0.377453757,0.390848294,0.416793893,0.416835466
"NUMEX_BILL_MELTON_CA_2019",2,128,4,4,0.445802952,0.444185615,0.463935669,0.46513429,0.494110152,0.469464468,0.373196962,0.418479471,0.477345403,0.473488551,0.46404015,0.676972184,0.412749422,0.355129904,0.430553754,0.332196888,0.432834571,0.393754908,0.443621214,0.286316169,0.438254485,0.375628893,0.424985803,0.439571184,0.320814117,0.432804782,0.526425588,0.507496453,0.363017545,0.441214325,0.451676673,0.481380936
"AFX_149092",2,129,4,3,0.451659491,0.454706466,0.451001075,0.483200553,0.503694182,0.523375344,0.356502628,0.428836951,0.511434193,0.518160989,0.441369916,0.685134519,0.397064846,0.379686796,0.46554757,0.434367195,0.438914322,0.389816894,0.455414671,0.309128003,0.44685871,0.382781353,0.469830429,0.429260503,0.34303067,0.442590798,0.488519451,0.502165999,0.368505337,0.474164279,0.471128186,0.505652933
"TMA_990",1,130,4,2,0.443804741,0.434387358,0.42457366,0.465796326,0.497549555,0.513733328,0.391341173,0.429997906,0.529485527,0.517343798,0.4916922,0.694619243,0.398387622,0.402250251,0.47276208,0.438043577,0.445311422,0.396986849,0.467695056,0.303768131,0.451288108,0.397673847,0.440291077,0.474633712,0.339302297,0.454993999,0.532829703,0.507447827,0.362321794,0.481408836,0.475137898,0.496122957
"NM1704PAR",1,131,4,1,0.458291416,0.454598005,0.443913036,0.497868504,0.511062864,0.508477088,0.41974761,0.433346206,0.532859146,0.548689751,0.547383164,0.689808482,0.381764053,0.41415186,0.49327908,0.390276276,0.437731682,0.40710369,0.452121377,0.311911927,0.449769705,0.384737821,0.45439177,0.436601857,0.376086345,0.428349224,0.471597785,0.491199332,0.371322705,0.44198609,0.444850054,0.482272635
"NUMEX_BILL_MELTON_CA_2019",1,132,5,1,0.451439421,0.448683027,0.442598173,0.476580574,0.494793964,0.530457584,0.403809046,0.429762591,0.528209148,0.531083178,0.519278436,0.552165983,0.386592982,0.423822426,0.489254316,0.349576155,0.433406712,0.378983334,0.441172256,0.304017589,0.443888665,0.376843171,0.465289724,0.39379248,0.41949573,0.406365646,0.445794121,0.458724322,0.382612887,0.417449854,0.422847914,0.439556081
"NUMEX_BILL_MELTON_CA_2019",1,133,5,2,0.444225724,0.442968535,0.440886217,0.47688442,0.481086761,0.514233829,0.352897728,0.431485658,0.478346086,0.479682367,0.55464666,0.55877793,0.396260551,0.373601514,0.437678929,0.359758288,0.443034698,0.391729818,0.434573459,0.333724982,0.4486389,0.368599276,0.466241791,0.414129834,0.392406306,0.436748637,0.517500261,0.480557004,0.392354927,0.428901124,0.438104002,0.439182588
"NUMEX_BILL_MELTON_CA_2019",2,134,5,3,0.454107034,0.445379436,0.443406906,0.465585412,0.463937048,0.491624582,0.352674328,0.444308298,0.462674226,0.473534637,0.538676422,0.563246694,0.41362207,0.404912077,0.441173144,0.344612315,0.443144921,0.387594035,0.444649483,0.309741944,0.449908145,0.360162229,0.47670638,0.430473313,0.340043755,0.444304522,0.489683382,0.490959178,0.387443032,0.438688142,0.442010234,0.449035328
"NUMEX_BILL_MELTON_CA_2019",2,135,5,4,0.43775065,0.429444033,0.438421601,0.440431606,0.454996985,0.484592899,0.350002027,0.439739389,0.4679844,0.468106477,0.529459948,0.56623347,0.412900658,0.400789285,0.445927905,0.326528215,0.428104209,0.396063648,0.45027824,0.322534101,0.44413651,0.345905116,0.487959872,0.442709194,0.328446763,0.446711062,0.497499144,0.505316458,0.375973947,0.394406437,0.425943296,0.428698245
"NUMEX_BILL_MELTON_CA_2019",3,136,5,5,0.440455278,0.439667379,0.453753739,0.455248019,0.447425214,0.47462346,0.374894355,0.443549356,0.463255414,0.46464028,0.516309256,0.567966256,0.392226827,0.386489902,0.420178653,0.289014898,0.436055286,0.373909428,0.409989721,0.289626098,0.439162049,0.355971395,0.423799196,0.380352122,0.320127516,0.416000726,0.480064854,0.443963115,0.399852812,0.387909141,0.411609484,0.397027252
"NUMEX_BILL_MELTON_CA_2019",3,137,5,6,0.446176806,0.443729575,0.457070897,0.468955411,0.460008423,0.492978797,0.345477938,0.45164789,0.465659848,0.480835668,0.544263456,0.572001824,0.417760597,0.404418315,0.46153672,0.315992385,0.439072579,0.368242538,0.447517824,0.2799601,0.445556413,0.355787632,0.438549499,0.394925505,0.309389035,0.418551453,0.497930395,0.450207659,0.390713275,0.407012138,0.424489015,0.412693187
"NUMEX_BILL_MELTON_CA_2019",4,138,5,7,0.447043959,0.443194201,0.457585361,0.469669782,0.469052711,0.499826232,0.374839702,0.457107674,0.483000797,0.486283292,0.529615676,0.573324213,0.43260971,0.393550197,0.440319201,0.301202171,0.443371447,0.351489298,0.435562189,0.253447267,0.44851998,0.353424977,0.420024375,0.383850702,0.310282532,0.41980347,0.506400442,0.449778131,0.387883852,0.4063286,0.411968897,0.402771989
"NUMEX_BILL_MELTON_CA_2019",4,139,5,8,0.453933909,0.44454254,0.455482308,0.473058244,0.483106705,0.514752271,0.368614596,0.429840546,0.502013838,0.489875506,0.525998821,0.575079799,0.420698585,0.385477156,0.451719656,0.305621428,0.43835009,0.344702487,0.454118453,0.233730219,0.449474292,0.353339958,0.453670936,0.415857825,0.313360045,0.438775705,0.516339532,0.469613092,0.397498676,0.425097199,0.433999863,0.414119354
"NM1713PAR",4,140,6,8,0.447185349,0.450268956,0.454796593,0.471113671,0.46815938,0.514753955,0.357071483,0.428655531,0.453636246,0.456378938,0.501612708,0.578408573,0.420501089,0.386350109,0.412621882,0.298697615,0.433375316,0.316430785,0.412393537,0.208181661,0.413683827,0.323013554,0.505372843,0.374695303,0.277442814,0.403646462,0.520055384,0.428116399,0.386739099,0.418721989,0.423616816,0.409455535
"AFX_149092",4,141,6,7,0.439071465,0.444219927,0.457507838,0.463814123,0.470465637,0.548541577,0.337059683,0.431686598,0.501985507,0.501543902,0.535832587,0.581988144,0.424566893,0.40186477,0.472577477,0.279479305,0.441898991,0.393464904,0.473287757,0.255908491,0.448393187,0.373311828,0.514721191,0.434700627,0.317859049,0.441306714,0.492452986,0.492382399,0.385428425,0.445289184,0.454012022,0.447519232
"NM1705PAR",3,142,6,6,0.450111949,0.445616727,0.459423327,0.46673837,0.468284117,0.518208774,0.336395423,0.44206917,0.487016795,0.489686364,0.546665743,0.589078887,0.426622919,0.405246478,0.478627063,0.29615401,0.441991122,0.388991375,0.473583623,0.263882743,0.443680022,0.375446162,0.486238982,0.434278944,0.317838002,0.439127618,0.494194838,0.506228952,0.383183211,0.437478037,0.451600356,0.454638146
"DONA_ANA",3,143,6,5,0.450149043,0.458121018,0.465072627,0.479496625,0.484568549,0.499088896,0.369317741,0.425689124,0.519327181,0.508453159,0.516650306,0.601869585,0.402738498,0.411555281,0.489906334,0.291447434,0.431584734,0.37859491,0.468461896,0.276234521,0.44456681,0.370852638,0.466039048,0.425173724,0.328554951,0.413510462,0.462898589,0.495931891,0.378431373,0.432210626,0.445295947,0.440954367
"NUMEX_BILL_MELTON_FG2011",2,144,6,4,0.458107911,0.45667413,0.4615609,0.467151308,0.466770493,0.519598302,0.354079363,0.432369762,0.471307824,0.487173975,0.504644708,0.607660739,0.411561011,0.410561564,0.448133365,0.321784644,0.433228559,0.395225081,0.434072071,0.283437274,0.432516805,0.338768371,0.456471259,0.421993066,0.331114086,0.399877156,0.531078617,0.476212706,0.396659037,0.387175802,0.395466599,0.404443227
"SW_8888",2,145,6,3,0.450958179,0.451634845,0.463062186,0.474213525,0.48236115,0.505472516,0.312873287,0.419325836,0.495384578,0.498525954,0.484875028,0.609074327,0.410514197,0.411033786,0.490774095,0.322499958,0.431214839,0.406217189,0.462544206,0.311519149,0.442690116,0.401183526,0.459525973,0.442266347,0.349998232,0.432000321,0.548827325,0.512397833,0.38382562,0.421962694,0.434393461,0.442941804
"DONA_ANA",1,146,6,2,0.463192448,0.463065178,0.47665089,0.500349415,0.515924358,0.503851186,0.339305239,0.451885644,0.565094959,0.566794447,0.509921508,0.611559508,0.4117797,0.453405437,0.531352979,0.303647898,0.446576568,0.436740822,0.499867834,0.325913681,0.466716531,0.396162312,0.460868504,0.477388302,0.36081799,0.467426978,0.528139126,0.539374682,0.393692272,0.471811179,0.473577734,0.492585518
"AFX_149092",1,147,6,1,0.450269559,0.44231065,0.441596507,0.462966305,0.476930197,0.494091408,0.378810461,0.432218721,0.524948326,0.52914341,0.468384376,0.613178295,0.394257045,0.438039642,0.506389596,0.322959105,0.433601404,0.40532725,0.470668926,0.331016384,0.462990811,0.399655259,0.424281514,0.448628321,0.413335699,0.450683883,0.515742398,0.529347207,0.377010605,0.455856477,0.463629678,0.476851736
"NUMEX_BILL_MELTON_CA_2019",1,148,7,1,0.442425541,0.447458613,0.453579317,0.476084078,0.488567573,0.520794585,0.326566479,0.424927912,0.505617902,0.540389007,0.481387913,0.48499772,0.402222576,0.430335263,0.507408428,0.378636672,0.427276243,0.43592831,0.482819271,0.327269895,0.45284194,0.402330273,0.501978092,0.474436522,0.409135674,0.45428453,0.496336802,0.529996195,0.375495596,0.433780776,0.455527283,0.470055863
"NM170506PAR",1,149,7,2,0.447695342,0.45125484,0.457915594,0.476366607,0.480088796,0.507787081,0.309617945,0.425024204,0.500413191,0.535161069,0.48264456,0.485316917,0.411273536,0.431695995,0.497549343,0.359712174,0.429274864,0.414537127,0.480193165,0.308865963,0.448690077,0.402895823,0.500077602,0.466819559,0.41430025,0.465735974,0.505176195,0.525974794,0.38609613,0.46225136,0.465899982,0.483028137
"SW_9720",2,150,7,3,0.446439824,0.444392438,0.45248849,0.467546758,0.476165264,0.500187575,0.297919702,0.422660241,0.468594217,0.523537636,0.489841454,0.486454812,0.407559017,0.416029813,0.474015496,0.368253862,0.441215898,0.391498463,0.463346654,0.297409263,0.435534424,0.372651478,0.480562451,0.454673348,0.342724584,0.44189744,0.542009054,0.502048211,0.367797218,0.433362793,0.443482993,0.42812896
"AMERISTAND_803T",2,151,7,4,0.441868263,0.458074848,0.463073058,0.484027472,0.486014559,0.518209111,0.339439192,0.432934448,0.505271786,0.542260009,0.487728108,0.484610123,0.404836601,0.41803241,0.512087376,0.377238567,0.428942104,0.404462258,0.500956297,0.300945965,0.45857476,0.430443256,0.516170128,0.501978206,0.375667737,0.477992114,0.466009701,0.543888913,0.381089487,0.464862842,0.460701159,0.473411479
"SW_8421S",3,152,7,5,0.446356123,0.454146274,0.459856885,0.476142432,0.465303708,0.500641022,0.36106152,0.433301924,0.491933549,0.512911253,0.45831748,0.484610123,0.405075345,0.426270955,0.501887424,0.365272996,0.428108973,0.387760574,0.487475241,0.285071655,0.448489963,0.412316405,0.484694,0.4696243,0.331295535,0.461215761,0.468399902,0.521193825,0.371506264,0.434385014,0.446007565,0.449072388
"NM1713PAR",3,153,7,6,0.44819471,0.448471063,0.456601997,0.473953498,0.466179786,0.492295608,0.384172153,0.440142675,0.475497694,0.463493862,0.48708572,0.486798906,0.429545495,0.394445003,0.465084016,0.356409645,0.444757065,0.381507442,0.448932022,0.263776307,0.420919899,0.386685282,0.433297351,0.391345304,0.296751008,0.434330797,0.499637641,0.459228533,0.362166235,0.434092051,0.416536484,0.439480469
"NUMEX_BILL_MELTON_FG2011",4,154,7,7,0.437823557,0.438251256,0.447740864,0.466580227,0.462922297,0.493498981,0.367258806,0.419633932,0.483919988,0.484894699,0.509840375,0.488508892,0.423877641,0.400699876,0.475673044,0.362237489,0.437053384,0.377582642,0.469214532,0.269967513,0.435455685,0.358327234,0.466110351,0.443112981,0.318780627,0.439639425,0.533127783,0.480895065,0.362062586,0.411117229,0.423960152,0.420015334
"TMA_990",4,155,7,8,0.431289379,0.435389205,0.444140145,0.460397016,0.466322619,0.49741099,0.341353518,0.42259313,0.499807893,0.52403939,0.457822102,0.498996808,0.409927276,0.403447007,0.489406849,0.330332193,0.422402445,0.400151156,0.482969889,0.266505222,0.479626477,0.398446047,0.491778469,0.457400989,0.337774063,0.466605668,0.479793,0.494406281,0.366057154,0.434289256,0.453558183,0.430485528
"NUMEX_BILL_MELTON_CA_2019",4,156,8,8,0.447944853,0.463800801,0.456159764,0.47764399,0.477856671,0.500419998,0.346695011,0.428329592,0.478974522,0.526172253,0.47628657,0.509165527,0.420850382,0.389505987,0.488829018,0.345696847,0.435322045,0.384691986,0.465694854,0.253246074,0.415286047,0.360640656,0.506453434,0.458483508,0.322267429,0.423066383,0.497821126,0.520004315,0.370855457,0.415459957,0.443334054,0.435896044
"NUMEX_BILL_MELTON_CA_2019",4,157,8,7,0.454846251,0.460265645,0.45473985,0.480817808,0.483921676,0.50556462,0.338537194,0.424382277,0.493194112,0.519762536,0.495376533,0.510077519,0.424277769,0.408913772,0.496961485,0.369470942,0.445571716,0.381622105,0.476830358,0.253601365,0.441583587,0.375440333,0.499017301,0.481649037,0.338947625,0.430105951,0.507002633,0.515045743,0.361209708,0.425497358,0.441583743,0.452674652
"NUMEX_BILL_MELTON_CA_2019",3,158,8,6,0.457699668,0.468930734,0.470009558,0.491049636,0.491973745,0.529241364,0.329079727,0.425808035,0.490288972,0.505495333,0.508645995,0.513905792,0.431071134,0.414519001,0.491476289,0.373260356,0.448774475,0.369244273,0.48098324,0.265355536,0.44628281,0.36861948,0.532168481,0.462407975,0.331562482,0.439781092,0.479515715,0.509075701,0.350633289,0.427756055,0.451450862,0.467384693
"NUMEX_BILL_MELTON_CA_2019",3,159,8,5,0.449075969,0.458288215,0.454807624,0.476891133,0.465908977,0.506389587,0.329060889,0.437756123,0.498288268,0.531197907,0.474269251,0.523894209,0.410175254,0.401734674,0.488732145,0.352776165,0.433219249,0.388833369,0.485379863,0.257456057,0.452969225,0.371721125,0.475973577,0.484045429,0.347113379,0.427153429,0.481825751,0.52242752,0.344800333,0.432583079,0.439979969,0.460050762
"NUMEX_BILL_MELTON_CA_2019",2,160,8,4,0.448533026,0.457956589,0.460161678,0.483283695,0.47812123,0.501560882,0.335026282,0.434435073,0.474778075,0.534768951,0.493040894,0.534815321,0.415954089,0.392770236,0.472319883,0.35632074,0.440115398,0.381674215,0.457315633,0.27701153,0.436330115,0.367853925,0.486261927,0.459017362,0.348953023,0.422940151,0.495572114,0.508504145,0.352433212,0.420550197,0.439662319,0.459878087
"NUMEX_BILL_MELTON_CA_2019",2,161,8,3,0.450635855,0.459414309,0.460095434,0.482960661,0.490600934,0.522351426,0.321340484,0.438974708,0.502079304,0.557047362,0.476518592,0.538873689,0.409092209,0.427535268,0.512958066,0.375943429,0.434800545,0.41995044,0.491549085,0.30811714,0.453749668,0.41309559,0.467619251,0.510376537,0.369434833,0.447357822,0.533188053,0.540119805,0.348861261,0.437890724,0.452080065,0.482594207
"NUMEX_BILL_MELTON_CA_2019",1,162,8,2,0.448266032,0.454842574,0.45595907,0.475341783,0.478789257,0.519783295,0.314995227,0.429715133,0.488813279,0.536138272,0.501348339,0.541450068,0.411337124,0.413672516,0.481469981,0.389906944,0.440015502,0.412408322,0.468989075,0.313857222,0.44230415,0.370537445,0.483035048,0.46698966,0.436373433,0.43570757,0.503607412,0.505410703,0.352274218,0.422304161,0.423799017,0.463571144
"NUMEX_BILL_MELTON_CA_2019",1,163,8,1,0.451746406,0.454651027,0.452610416,0.467985169,0.476932841,0.513973851,0.346379518,0.425077855,0.48434756,0.53231593,0.493404765,0.539056088,0.417366972,0.427073519,0.486369121,0.395414006,0.439745584,0.432632063,0.474848148,0.377708453,0.44755107,0.438735963,0.494682521,0.494589688,0.417601428,0.448190177,0.490998294,0.519608257,0.371253676,0.426517698,0.456890278,0.48658772
"NUMEX_BILL_MELTON_FG2011",1,164,9,1,0.453898962,0.463285412,0.458208674,0.471973268,0.488933025,0.501511883,0.40756279,0.442163581,0.473548866,0.520709444,0.470812751,0.530825353,0.407153836,0.426528695,0.483724263,0.363494038,0.438110258,0.428265864,0.457174609,0.341725042,0.44357422,0.451279544,0.468034323,0.473147456,0.404928638,0.436301833,0.446799442,0.492603543,0.368883349,0.438935091,0.442983013,0.47816931
"SW_9720",1,165,9,2,0.44116219,0.444881132,0.443694548,0.463377759,0.470738641,0.505983044,0.292733487,0.440960723,0.467358899,0.529212586,0.42894611,0.529069767,0.41215208,0.429423537,0.484248126,0.360324561,0.434604426,0.426829539,0.465351048,0.319678401,0.440012368,0.438643345,0.478702317,0.47212911,0.416997213,0.42965469,0.497714609,0.483688453,0.319861303,0.426967913,0.439279938,0.450347875
"NM1712PAR",2,166,9,3,0.457010948,0.458588901,0.454252617,0.474893017,0.481959642,0.505041506,0.317473846,0.449577601,0.443859681,0.517180033,0.354059493,0.518445052,0.415366916,0.415802628,0.468899553,0.357138264,0.437056625,0.376346411,0.464495164,0.285796017,0.438691619,0.442289252,0.477195042,0.460663304,0.387371786,0.43788293,0.540685267,0.519280637,0.361784565,0.437299655,0.425381406,0.461504899
"NUMEX_BILL_MELTON_FG2012",2,167,9,4,0.457846311,0.46656744,0.462618082,0.48421002,0.489328869,0.509270999,0.320140369,0.421740281,0.472332798,0.532602836,0.491353706,0.520383037,0.411963984,0.411567156,0.481674215,0.348736143,0.436175941,0.368701736,0.468712655,0.284689991,0.441659203,0.450548995,0.46730274,0.461052056,0.357049657,0.448028297,0.510769314,0.504710377,0.336731626,0.43643324,0.433856294,0.467356495
"NM1702PAR",3,168,9,5,0.446090686,0.446838613,0.441599687,0.454972291,0.46027012,0.481521481,0.302813563,0.425257631,0.423168908,0.491303213,0.476841111,0.531782946,0.416020688,0.402260267,0.453375973,0.352515649,0.431665517,0.379780324,0.467561031,0.294894162,0.443936397,0.450376338,0.477255102,0.472185521,0.368220793,0.456528991,0.46219495,0.514656605,0.33303075,0.437324608,0.440713381,0.471728468
"AFX_779",3,169,9,6,0.456911674,0.468406039,0.46865353,0.483627735,0.495267285,0.512838469,0.339150026,0.436599076,0.475885555,0.524158826,0.447835334,0.522982216,0.419633172,0.417343376,0.51430164,0.352248037,0.429434119,0.395814185,0.493972709,0.285442833,0.441942807,0.448396908,0.478082328,0.466964661,0.337014489,0.465991112,0.474120479,0.5403501,0.351898247,0.445109914,0.438867228,0.499338392
"SW_8421S",4,170,9,7,0.441269556,0.459022831,0.455538571,0.474919975,0.495494709,0.524540702,0.337959639,0.427969497,0.502892745,0.541713179,0.42085174,0.523552212,0.402547025,0.423298354,0.520871529,0.366733375,0.436324159,0.431588381,0.520255574,0.304170328,0.474227841,0.453738889,0.521063383,0.500423895,0.380041506,0.492035769,0.506377015,0.554866168,0.361231134,0.464861715,0.461151025,0.482089143
"SW_8888",4,171,9,8,0.448729662,0.463252629,0.460793007,0.485374395,0.498859691,0.527607069,0.332918574,0.431527919,0.500986877,0.547264589,0.447573782,0.542248062,0.410615359,0.420051687,0.523223218,0.349279235,0.43616336,0.428123793,0.509487843,0.297226394,0.480798945,0.416702227,0.511906479,0.477888643,0.335151165,0.479869161,0.542137215,0.556685759,0.380382381,0.414201842,0.449530704,0.471467069
"NM1703PAR",4,172,10,8,0.460299537,0.468652853,0.464079977,0.477726788,0.499891325,0.472498506,0.329465431,0.436990811,0.496619896,0.53697089,0.396542288,0.551983584,0.405534478,0.409518993,0.521657326,0.320182349,0.424917951,0.421799058,0.50250169,0.250114961,0.458118377,0.449110807,0.442308336,0.498077982,0.32195983,0.482949027,0.520319752,0.560331259,0.410645477,0.451271612,0.458289492,0.498241056
"SW_9813",4,173,10,7,0.439582386,0.456309901,0.458384805,0.483288298,0.504059352,0.488713563,0.329571889,0.428632703,0.49110129,0.543735405,0.390526727,0.522138623,0.403054913,0.416743944,0.510463916,0.332598028,0.426181271,0.398749725,0.495796251,0.278599509,0.451139545,0.456746795,0.493198665,0.485854963,0.327197959,0.455356788,0.518903701,0.533045957,0.373946629,0.44411153,0.449520013,0.48614546
"TMA_990",3,174,10,6,0.410803469,0.452150756,0.452420201,0.472404842,0.498249249,0.4959705,0.34262877,0.427725085,0.511234589,0.562072254,0.398770599,0.486092111,0.397933294,0.396630838,0.517767541,0.331221947,0.419982006,0.401091912,0.502204668,0.291534728,0.457485065,0.462178011,0.518441487,0.495161963,0.345070507,0.470475443,0.468514698,0.543641629,0.331905075,0.482655868,0.474080911,0.506053648
"NM1704PAR",3,175,10,5,0.459244881,0.465283207,0.466856273,0.489040436,0.497972191,0.490716878,0.311751444,0.436821003,0.487214981,0.5551007,0.474158136,0.482398541,0.413626666,0.420732811,0.515811561,0.285688547,0.447733669,0.39389904,0.49149997,0.272899129,0.454310806,0.454696856,0.463569042,0.495095684,0.357780606,0.475143921,0.493021717,0.531055648,0.329622546,0.454211662,0.453997239,0.493490556
"MESQUITE",2,176,10,4,0.449591625,0.445003639,0.442995082,0.459275407,0.468467026,0.516910316,0.318777666,0.429300478,0.460374162,0.527234865,0.486998882,0.483173735,0.412688595,0.412213079,0.471795257,0.293996057,0.449652089,0.388086711,0.459951883,0.288078089,0.446418952,0.460658003,0.5052292,0.444959096,0.385420713,0.444240095,0.535277938,0.475888743,0.324053751,0.437729161,0.430756836,0.449054839
"TMA_990",2,177,10,3,0.436124405,0.437090473,0.43179252,0.451814289,0.464930309,0.520207949,0.301255628,0.429179368,0.501386896,0.549527039,0.33673654,0.47754218,0.39007209,0.410582649,0.518126399,0.313268428,0.436937292,0.413638455,0.495243252,0.289585269,0.470822302,0.493715132,0.505787659,0.504521724,0.365714218,0.459849966,0.550459775,0.534731667,0.336445284,0.45567082,0.452498609,0.478716975
"AMERISTAND_803T",1,178,10,2,0.448779314,0.445071092,0.443008307,0.453402034,0.468197917,0.518674176,0.288266572,0.422555713,0.456529193,0.518465496,0.409883928,0.470451436,0.403924745,0.452157735,0.502903474,0.307471529,0.433980148,0.415761483,0.483576576,0.334646174,0.443592267,0.466075332,0.492461966,0.490927081,0.388215286,0.452573383,0.505927023,0.522963094,0.317785721,0.441647825,0.434303655,0.479580283
"NUMEX_BILL_MELTON_FG2012",1,179,10,1,0.453144767,0.452088337,0.443325333,0.450471934,0.466074835,0.522706284,0.410729915,0.425918431,0.429315306,0.482089653,0.477198376,0.467419061,0.406875144,0.419010227,0.456641554,0.279589993,0.436800391,0.424987943,0.444970692,0.362143309,0.435926279,0.44737089,0.522913568,0.427028535,0.409442025,0.413507304,0.47345121,0.484559603,0.381735057,0.425979587,0.411545732,0.454025937
"NUMEX_BILL_MELTON_CA_2019",1,180,11,1,0.444238465,0.44868852,0.446359509,0.463508185,0.481002135,0.489202805,0.407670088,0.428131522,0.455766636,0.502881502,0.486539781,0.563315093,0.415537666,0.410500681,0.467683924,0.302813037,0.435767429,0.396402919,0.459499291,0.317423825,0.442964534,0.44927745,0.456837161,0.441124118,0.382481752,0.421095347,0.461849512,0.496564022,0.375101614,0.422700853,0.44112048,0.452138119
"NUMEX_BILL_MELTON_CA_2019",1,181,11,2,0.450476357,0.45048951,0.445087329,0.46392444,0.48283136,0.499050674,0.340623523,0.43771386,0.47506957,0.534565999,0.490421482,0.565640675,0.419327958,0.425943883,0.497558582,0.314099686,0.448812645,0.414288354,0.469847736,0.29833234,0.446575763,0.455686237,0.472268596,0.461814341,0.346655048,0.437926243,0.465926443,0.513691095,0.330690211,0.429909123,0.432950083,0.474218764
"NUMEX_BILL_MELTON_CA_2019",2,182,11,3,0.448494662,0.451888697,0.442865675,0.468124587,0.47874669,0.496812568,0.325238822,0.42747354,0.488850517,0.535547482,0.451867474,0.574076607,0.420897708,0.409304896,0.487409374,0.33450849,0.445501153,0.394534008,0.484642517,0.25212226,0.445344572,0.450176688,0.460272706,0.451247405,0.335348336,0.442622741,0.470320258,0.494980293,0.362620023,0.422639743,0.429330273,0.448645951
"NUMEX_BILL_MELTON_CA_2019",2,183,11,4,0.456737547,0.453201379,0.452366825,0.464367549,0.479082241,0.491242921,0.354150756,0.435949263,0.470200843,0.5179372,0.484736291,0.577656179,0.419362701,0.404288665,0.451871624,0.315280595,0.450332395,0.339256709,0.436117348,0.264493857,0.431494257,0.441830065,0.422839222,0.426865455,0.327894343,0.42070524,0.446225876,0.457368837,0.37213129,0.424363223,0.413977356,0.430961897
"NUMEX_BILL_MELTON_CA_2019",3,184,11,5,0.454293733,0.459934697,0.460326363,0.479602854,0.492731241,0.511169651,0.358239624,0.430032577,0.486093527,0.535516218,0.474209068,0.580072959,0.422679697,0.409147445,0.499816506,0.303459939,0.448187616,0.376641702,0.481834666,0.267669241,0.447789238,0.456422839,0.466699381,0.465560736,0.334030763,0.453434081,0.449985169,0.515344403,0.348736372,0.432895658,0.434275012,0.442389418
"NUMEX_BILL_MELTON_CA_2019",3,185,11,6,0.440191433,0.468990635,0.475085038,0.512828456,0.53493306,0.556223406,0.3654793,0.441772052,0.541109203,0.566826607,0.453834089,0.577086183,0.415522433,0.425322904,0.534184388,0.304960919,0.438484454,0.403737705,0.505955624,0.303730454,0.461373794,0.462075006,0.504945371,0.494428865,0.326060499,0.481063137,0.434536237,0.574325011,0.348887391,0.444605615,0.456029721,0.495379989
"NUMEX_BILL_MELTON_CA_2019",4,186,11,7,0.447667051,0.462127415,0.468243111,0.497587398,0.524785694,0.538944093,0.359115565,0.42435155,0.512366915,0.547929747,0.438510012,0.578590971,0.409961589,0.403963874,0.518247065,0.30789662,0.430987575,0.377648611,0.491608815,0.284326674,0.446096638,0.445092849,0.494391444,0.481639379,0.318594196,0.483792354,0.490337146,0.555397177,0.388897076,0.437221839,0.447045149,0.503483284
"NUMEX_BILL_MELTON_CA_2019",4,187,11,8,0.454659528,0.457858912,0.454802648,0.468095976,0.489597371,0.499658862,0.367672892,0.427336076,0.502716749,0.535019366,0.46301029,0.585499316,0.40603006,0.399769058,0.512546478,0.30742115,0.43869236,0.394195092,0.492210749,0.280503962,0.466563165,0.461628584,0.488881031,0.469684125,0.315821725,0.470258749,0.515587173,0.515300071,0.370413165,0.421658868,0.444197383,0.472356603
"NM170506PAR",4,188,12,8,0.458251796,0.459420312,0.460314402,0.475864636,0.502740066,0.526848842,0.395597248,0.426525855,0.531010019,0.549159426,0.454879929,0.593182855,0.399143933,0.422560472,0.536295114,0.358011941,0.44410487,0.425460445,0.513405381,0.274159035,0.456318994,0.448409173,0.498041537,0.501547978,0.336549681,0.482080796,0.533651902,0.541502369,0.364857436,0.450571493,0.455914968,0.496302277
"NUMEX_BILL_MELTON_FG2012",4,189,12,7,0.46078104,0.466835945,0.479462174,0.507742597,0.53572382,0.486797835,0.413139509,0.439830865,0.533919177,0.558571706,0.455182606,0.60250798,0.408306676,0.425838943,0.524097678,0.359920615,0.444579114,0.386171398,0.492311146,0.296922306,0.44443586,0.442446693,0.409715718,0.508964646,0.324633162,0.468957027,0.50940836,0.558459881,0.370116349,0.449240866,0.445484985,0.497543904
"AMERISTAND_803T",3,190,12,6,0.432243714,0.460946339,0.47316836,0.499512016,0.534125185,0.478460166,0.374734839,0.460204899,0.554175279,0.56702365,0.45467201,0.595371637,0.410703112,0.435629985,0.542205924,0.36332256,0.444473224,0.426101105,0.510497095,0.30261372,0.46529999,0.463919854,0.448525639,0.495154319,0.354692899,0.480182394,0.490610516,0.567354911,0.362897,0.485317138,0.471224645,0.503362041
"NM1701PAR",3,191,12,5,0.451373536,0.459714842,0.46601235,0.488547695,0.509652776,0.500347536,0.351711608,0.427943751,0.503631585,0.534502897,0.458699726,0.585864113,0.409107817,0.412249223,0.502420906,0.352059329,0.444031856,0.372250402,0.467980453,0.272137497,0.431915395,0.42971914,0.452732911,0.446116473,0.342404996,0.440474572,0.476402743,0.507144216,0.355748568,0.431201262,0.425367682,0.443538598
"NM170506PAR",2,192,12,4,0.457978377,0.457849922,0.459323334,0.475235488,0.493684307,0.515940528,0.355147182,0.436407529,0.496654143,0.517204329,0.477361154,0.582330141,0.405104947,0.431511807,0.483350724,0.351743197,0.451242791,0.385532063,0.467483156,0.262712131,0.445465461,0.457526701,0.452674211,0.458268964,0.383392286,0.456854263,0.45903117,0.499410637,0.32510539,0.457044496,0.432797633,0.456055333
"NM1702PAR",2,193,12,3,0.453337828,0.449630637,0.449447344,0.456427814,0.473567307,0.556437806,0.325694582,0.424282234,0.44767628,0.497145426,0.506065305,0.584176927,0.419510783,0.417325166,0.453740938,0.371997243,0.451365733,0.392847415,0.461060447,0.273558029,0.43706381,0.445370699,0.501806178,0.446869701,0.389968786,0.41806382,0.465315479,0.478781243,0.322888313,0.431316326,0.431433899,0.452141037
"NM1713PAR",1,194,12,2,0.457794655,0.463361091,0.455102547,0.471330778,0.48561498,0.545460898,0.357510194,0.443649841,0.443235132,0.485640339,0.49541357,0.596899225,0.42517941,0.411884174,0.456085981,0.357550341,0.450746201,0.378173086,0.435410471,0.320529884,0.430419549,0.436223937,0.502498528,0.392357069,0.371877705,0.388741291,0.447609778,0.425730125,0.362065373,0.434892141,0.425546187,0.421464282
"NM1705PAR",1,195,12,1,0.450485794,0.465485116,0.462183784,0.477907833,0.503427684,0.509685214,0.386715698,0.444863583,0.529983424,0.550367756,0.472645469,0.603875969,0.402694794,0.468378489,0.523842073,0.358831784,0.446423969,0.425201927,0.502788268,0.341808684,0.457976984,0.475961106,0.507001451,0.484771677,0.400968935,0.444788537,0.435790634,0.538312387,0.346920509,0.452363727,0.450277829,0.505621173
"SW_9812",1,196,13,1,0.456614738,0.450883031,0.448243299,0.462610031,0.47605717,0.466063867,0.308884027,0.432272615,0.441966175,0.500802422,0.498362657,0.615275878,0.419028308,0.403951551,0.438384326,0.350679003,0.448332197,0.43010503,0.451664686,0.310753749,0.436997707,0.43928418,0.440958457,0.411402148,0.382615782,0.424214594,0.44351276,0.440069783,0.316046047,0.449661319,0.436572111,0.44173652
"NM1712PAR",1,197,13,2,0.449888738,0.459965776,0.457777018,0.484171786,0.505136977,0.516731914,0.306490062,0.427048728,0.52970722,0.541308239,0.494990666,0.612950296,0.403740546,0.457490927,0.504349353,0.391165291,0.442300335,0.40847271,0.492509027,0.322364734,0.456561919,0.470286257,0.468508755,0.47166663,0.372305664,0.460935365,0.473655865,0.497849527,0.3174206,0.447376814,0.446311541,0.483943383
"AFX_779",2,198,13,3,0.46149973,0.468217581,0.477431264,0.493718005,0.504612439,0.49917568,0.303449769,0.444651782,0.507751339,0.528682146,0.493986176,0.608002736,0.412623058,0.421848314,0.480492603,0.387793999,0.45293497,0.401196686,0.471591397,0.294915637,0.44783849,0.44924967,0.454947258,0.446881476,0.391421211,0.452859785,0.439102428,0.499887967,0.303778203,0.457811147,0.444403791,0.492026562
"SW_8421S",2,199,13,4,0.457502006,0.460975518,0.469280724,0.489512913,0.498769067,0.496777882,0.315749982,0.429676429,0.513344925,0.526859508,0.421711614,0.600638395,0.403502447,0.412409872,0.468719291,0.378092287,0.443471473,0.36759116,0.463820047,0.236646156,0.443742501,0.454588868,0.442835686,0.448640107,0.365388831,0.455418656,0.461657515,0.481673678,0.319277213,0.440304212,0.431564174,0.466553026
"SW_1011",3,200,13,5,0.462517674,0.468783582,0.473176704,0.492443918,0.504390742,0.503829802,0.366663714,0.442323179,0.510599908,0.516652396,0.385989004,0.594436845,0.40597747,0.431149616,0.476219149,0.371886001,0.435992312,0.364569139,0.476066856,0.265286385,0.44573873,0.442114547,0.438867065,0.438352479,0.322175469,0.449799907,0.470174785,0.470625607,0.331786643,0.426333874,0.424370566,0.431264371
"SW_9813",3,201,13,6,0.439993417,0.465181831,0.478180721,0.506204915,0.537829633,0.545802036,0.37489978,0.448338622,0.546969255,0.552989649,0.403079279,0.593821249,0.402581438,0.453854836,0.517318321,0.36094397,0.437536005,0.41653981,0.513763702,0.326633304,0.469831413,0.465533619,0.49104968,0.488898671,0.348755804,0.491654079,0.475549353,0.557591463,0.342910622,0.463340814,0.475873354,0.477893028
"SW_9812",4,202,13,7,0.412493419,0.469314343,0.477590979,0.510723813,0.542587558,0.558024735,0.416050415,0.453351218,0.566051844,0.56226779,0.411219118,0.595064233,0.40226243,0.470986537,0.544158578,0.379117615,0.439787019,0.419465939,0.529160418,0.326622378,0.489840795,0.487137869,0.512127,0.510340311,0.361874911,0.523559911,0.520522574,0.545569983,0.339557116,0.476789693,0.478154745,0.505963181
"DONA_ANA",4,203,13,8,0.450629207,0.464057265,0.476692398,0.505225798,0.540222732,0.553141037,0.414417,0.449575026,0.571767016,0.570510189,0.406229074,0.598996808,0.40430115,0.453946947,0.546076159,0.357971103,0.449125883,0.459041764,0.53936195,0.306640658,0.494360408,0.490754346,0.553145253,0.541139921,0.374264811,0.530593317,0.54604051,0.569253276,0.395273806,0.461414908,0.466029148,0.502251121
"NUMEX_BILL_MELTON_CA_2019",4,204,14,8,0.449132262,0.445121277,0.44722517,0.456518102,0.487916943,0.517350542,0.410848941,0.425975586,0.466103697,0.503758343,0.40624391,0.601823985,0.418866217,0.400222595,0.463819495,0.374360285,0.442926353,0.366465879,0.473318968,0.268836309,0.415192716,0.407745256,0.467494259,0.481972704,0.335505826,0.461714265,0.508310328,0.517587353,0.360855561,0.41696923,0.424339337,0.419217986
"NUMEX_BILL_MELTON_CA_2019",4,205,14,7,0.460535068,0.458245178,0.454497264,0.478378118,0.51307231,0.50529589,0.426934972,0.427457159,0.505221284,0.533687955,0.421035047,0.614090287,0.421720923,0.398348416,0.491123743,0.3673331,0.450824325,0.366345875,0.490477709,0.267651246,0.445176444,0.438559126,0.442317626,0.49698908,0.336086746,0.459474477,0.470780707,0.520296414,0.347194059,0.438082359,0.43568439,0.457104341
"NUMEX_BILL_MELTON_CA_2019",3,206,14,6,0.455520237,0.476277153,0.486488177,0.513015992,0.550315496,0.512623444,0.376671095,0.451636399,0.540211694,0.554449632,0.446364117,0.614090287,0.421395044,0.427135452,0.506899435,0.378057725,0.443223736,0.396835692,0.488376751,0.318852522,0.463002785,0.429580261,0.446374995,0.484125498,0.349498729,0.449873545,0.480512565,0.545153645,0.332425234,0.446608712,0.463983177,0.488656333
"NUMEX_BILL_MELTON_CA_2019",3,207,14,5,0.458349282,0.464656863,0.465452043,0.487466657,0.517738393,0.496388082,0.366715471,0.434611405,0.498156935,0.50762455,0.435824461,0.611559508,0.417274676,0.380157635,0.452076184,0.380851596,0.441843816,0.338025283,0.450353366,0.226179207,0.445934251,0.417536524,0.412214567,0.42780169,0.316610269,0.424320845,0.474710871,0.470686953,0.34212812,0.414409511,0.42617539,0.464650818
"NUMEX_BILL_MELTON_CA_2019",2,208,14,4,0.457284348,0.4554397,0.4629976,0.481430812,0.503470423,0.50339457,0.309590739,0.449440119,0.484603419,0.500443165,0.491639429,0.621477428,0.413226603,0.413929443,0.430660136,0.396454977,0.448999635,0.327043523,0.421879025,0.20220098,0.438946681,0.454937921,0.427971645,0.41601126,0.353552532,0.38899326,0.4421928,0.453249056,0.334045807,0.418066713,0.398923241,0.461820624
"NUMEX_BILL_MELTON_CA_2019",2,209,14,3,0.465781652,0.46895634,0.471365305,0.489708268,0.514926784,0.564940436,0.31578741,0.443023631,0.491600099,0.518168541,0.513800625,0.624874601,0.410522167,0.424659898,0.458902434,0.412994988,0.451442204,0.356606019,0.444339818,0.27622663,0.443757607,0.448422831,0.47788218,0.452896251,0.382910609,0.4219283,0.454623534,0.47328891,0.366940825,0.429721498,0.42393613,0.473710806
"NUMEX_BILL_MELTON_CA_2019",1,210,14,2,0.458241691,0.465757847,0.456012326,0.470154454,0.501757221,0.516651332,0.309571331,0.438207559,0.490499586,0.521937096,0.508262766,0.622379986,0.416404517,0.428143604,0.462599253,0.360929246,0.451987069,0.368643158,0.451219695,0.280131152,0.435963257,0.445271911,0.484211416,0.44928736,0.383385812,0.415906111,0.44074046,0.47141887,0.347840455,0.427419589,0.426253555,0.465913778
"NUMEX_BILL_MELTON_CA_2019",1,211,14,1,0.456826557,0.466171665,0.463763273,0.480425084,0.517849062,0.491584371,0.37145305,0.420340932,0.5025696,0.531387391,0.49522629,0.621751026,0.41534539,0.441381194,0.487014082,0.407310684,0.44778093,0.390858358,0.47255525,0.299752182,0.439063305,0.451502564,0.487788749,0.46505007,0.384686867,0.430442959,0.439134071,0.477527879,0.336767493,0.440367687,0.438577798,0.498041499
"NM1701PAR",1,212,15,1,0.458381551,0.461751147,0.460483596,0.470682119,0.509991502,0.53355773,0.399978435,0.429568014,0.50725628,0.517645157,0.503509132,0.577108983,0.40992543,0.423206092,0.481362109,0.406414633,0.443200654,0.378809818,0.468557241,0.24539378,0.438061952,0.445460394,0.463737611,0.464651718,0.351860612,0.418098048,0.466735094,0.488226001,0.41338197,0.419373686,0.415844532,0.464804479
"NM1715PAR",1,213,15,2,0.458816097,0.466143622,0.465238206,0.471810389,0.50307383,0.510637571,0.325841036,0.431921617,0.481428681,0.49806082,0.507040457,0.579092567,0.419770727,0.428147004,0.446182541,0.339499336,0.451185743,0.362451655,0.440404529,0.259085759,0.427369787,0.434648029,0.428619818,0.422389787,0.412318676,0.423406513,0.441821133,0.469988962,0.403493938,0.456237904,0.443762983,0.437925241
"NM1703PAR",2,214,15,3,0.456754146,0.461542092,0.470272784,0.469910819,0.512559869,0.526938095,0.313575733,0.426540445,0.515374203,0.529094304,0.494119625,0.576789786,0.406273093,0.451512136,0.487229494,0.444671918,0.448823363,0.387929285,0.475252158,0.249718415,0.443136763,0.448042875,0.469682014,0.479526864,0.389173002,0.462687509,0.42450359,0.527080066,0.437102304,0.447124873,0.445456719,0.497124148
"SW_9812",2,215,15,4,0.459582149,0.462545458,0.465841352,0.469780249,0.506676338,0.515478235,0.320564925,0.435053939,0.531148425,0.519368179,0.445778532,0.573187415,0.408121724,0.446392782,0.487490045,0.452399563,0.445113372,0.377111802,0.461694635,0.214358174,0.444344989,0.448054051,0.462643599,0.462819551,0.326710951,0.461585833,0.457847856,0.526784487,0.410362404,0.453324262,0.448996426,0.52842079
"MESQUITE",3,216,15,5,0.452101599,0.455268578,0.452520031,0.457683055,0.489612376,0.48742084,0.270766041,0.427133486,0.493474455,0.504981845,0.426505108,0.573597811,0.405631939,0.417609681,0.46167219,0.434656939,0.441285311,0.350634839,0.452917155,0.258890709,0.437041338,0.435422285,0.451698438,0.452697528,0.322318466,0.437960396,0.469324372,0.474661157,0.393784927,0.437229665,0.420578561,0.473633757
"SW_8888",3,217,15,6,0.464191622,0.474835915,0.494029044,0.509457594,0.552858377,0.573097601,0.330251276,0.479962549,0.5577483,0.573117925,0.447700577,0.571409029,0.425924332,0.463921017,0.519687117,0.441805119,0.456379577,0.40608983,0.5087184,0.30369711,0.472916933,0.470102772,0.504480487,0.48598358,0.340187238,0.48672983,0.501975279,0.550336388,0.40190681,0.466964286,0.483052413,0.517953731
"NM1705PAR",4,218,15,7,0.44956225,0.456457867,0.454594803,0.459043153,0.500433573,0.518218035,0.361805614,0.426554862,0.5125153,0.528016392,0.334619727,0.584017328,0.405998648,0.448087864,0.507891921,0.414866001,0.448716966,0.389703053,0.524370543,0.288658308,0.467081328,0.453040445,0.502532939,0.506443261,0.342507851,0.4913286,0.486794116,0.525399915,0.393220522,0.451259549,0.439170418,0.451305448
"SW_1011",4,219,15,8,0.443808988,0.450279769,0.453272382,0.460801577,0.504307661,0.528379932,0.361324409,0.433616087,0.505758537,0.519555063,0.371799248,0.589580483,0.413270861,0.433974543,0.496446548,0.413873875,0.449546808,0.389735402,0.516348031,0.281823208,0.476398416,0.463985858,0.50217754,0.488507203,0.348306014,0.475111367,0.514596222,0.491706829,0.396097767,0.425225681,0.440170524,0.430341352
"NM1715PAR",4,220,16,8,0.461186628,0.464331198,0.472509257,0.471184607,0.493192752,0.540211317,0.273423479,0.44708742,0.481010019,0.494002601,0.39764296,0.581668947,0.411628999,0.41902439,0.455956915,0.428430356,0.442499297,0.335176223,0.457065951,0.244458008,0.365692332,0.365588977,0.48324047,0.421044321,0.281285483,0.425541629,0.494506298,0.478897829,0.388511935,0.440642165,0.416781328,0.433821265
"MESQUITE",4,221,16,7,0.451323514,0.451758081,0.452062288,0.454227107,0.486018437,0.536672981,0.32677558,0.431619363,0.501664519,0.521682547,0.426367466,0.57127223,0.399934641,0.419298992,0.479473576,0.422442035,0.44421439,0.370089123,0.486371074,0.273544906,0.403678607,0.393726658,0.465765784,0.49421728,0.327308369,0.450422927,0.457417427,0.507357616,0.412148641,0.439107344,0.450384636,0.454831704
"NM1712PAR",3,222,16,6,0.469263886,0.474925198,0.482756045,0.489465304,0.53191221,0.540393554,0.287942833,0.450282687,0.507968169,0.547123723,0.451962762,0.572663019,0.410634465,0.426837048,0.488160447,0.438470806,0.448743616,0.347679805,0.465579724,0.304464583,0.427640596,0.408956294,0.478060772,0.435075649,0.323701788,0.434063535,0.502199604,0.527001358,0.411650954,0.450882031,0.440687891,0.482574871
"NUMEX_BILL_MELTON_CA_2019",3,223,16,5,0.465506706,0.467373103,0.468440973,0.481422819,0.518770429,0.545144344,0.248247873,0.423962968,0.53079319,0.542854993,0.467962607,0.582421341,0.400471181,0.376531055,0.475862451,0.434591369,0.440118495,0.364605543,0.468211144,0.253455721,0.430139883,0.423517214,0.469699457,0.506522249,0.323477445,0.443087165,0.471528827,0.519629659,0.418858439,0.44447094,0.426319155,0.497594489
"NM1704PAR",2,224,16,4,0.453311931,0.474049129,0.478900723,0.485562606,0.525131007,0.533982943,0.281577254,0.437986019,0.533091174,0.534885486,0.468041697,0.578841769,0.410144889,0.39129695,0.497749657,0.448199519,0.443388422,0.383519507,0.471927674,0.211111959,0.438522834,0.44674931,0.482297356,0.461355567,0.304465606,0.452098211,0.457589991,0.550190325,0.441733571,0.446778711,0.441133415,0.528498962
"NM1701PAR",2,225,16,3,0.456997499,0.457720588,0.461820489,0.471488034,0.509966131,0.555247671,0.306515194,0.427292388,0.50948496,0.531755431,0.475457769,0.582786138,0.409138797,0.441135012,0.487161122,0.436103993,0.44891319,0.373823502,0.458280974,0.188806283,0.43158398,0.43696404,0.453309456,0.462327544,0.331102149,0.448010792,0.429018563,0.545369669,0.444940912,0.453259281,0.43066167,0.492685107
"NM1702PAR",1,226,16,2,0.454508937,0.458417092,0.459534395,0.474264286,0.508468775,0.521186068,0.295447444,0.433354101,0.495712253,0.528959134,0.524452631,0.589261286,0.403785713,0.443052157,0.4794004,0.331630143,0.441211517,0.35859639,0.466265018,0.202945556,0.427423096,0.438621338,0.493240973,0.461820863,0.344453337,0.440326456,0.44697788,0.548597934,0.436643289,0.443965839,0.435346228,0.489378911
"SW_9813",1,227,16,1,0.446144896,0.465727831,0.459609864,0.47388773,0.509448175,0.510329604,0.400412003,0.436536772,0.52353083,0.521474307,0.508482581,0.590674875,0.400625432,0.454727339,0.498486817,0.414593624,0.441847473,0.385058605,0.480013229,0.215420558,0.442155058,0.458410693,0.443903163,0.47893998,0.332001779,0.444370155,0.436248723,0.548520472,0.42895397,0.448786718,0.44615133,0.51088746
"NUMEX_BILL_MELTON_CA_2019",1,228,17,1,0.456533421,0.460010058,0.457398581,0.475711283,0.521695738,0.547732848,0.40507911,0.421178324,0.518748173,0.521429684,0.550166488,0.588349293,0.410865932,0.39105178,0.488794277,0.420283403,0.415896007,0.35832682,0.479707213,0.188772939,0.424816371,0.427312699,0.468502548,0.517565268,0.310934256,0.438761268,0.447615857,0.569426482,0.424225337,0.435848135,0.429062146,0.511259006
"NUMEX_BILL_MELTON_CA_2019",1,229,17,2,0.447711976,0.465340425,0.46580669,0.491220667,0.53759357,0.574149808,0.314333114,0.428030256,0.518572195,0.549535056,0.569700296,0.596830825,0.413377615,0.410316558,0.493742945,0.374658387,0.428559504,0.370680444,0.478203955,0.187170927,0.435786528,0.429847556,0.47340086,0.495983689,0.323151567,0.453789015,0.4351785,0.602341988,0.420920586,0.451661939,0.47514067,0.524287045
"NUMEX_BILL_MELTON_CA_2019",2,230,17,3,0.451021623,0.472790386,0.465600349,0.493878683,0.538359693,0.581950682,0.263239122,0.433545695,0.53040477,0.549148227,0.501091862,0.592339261,0.409249762,0.398432985,0.481895406,0.462179424,0.443958842,0.349893839,0.449198519,0.180330932,0.412391783,0.416283795,0.435282331,0.433116034,0.330302158,0.413988028,0.446741633,0.534334272,0.410043968,0.45165107,0.437445418,0.492864459
"NUMEX_BILL_MELTON_CA_2019",2,231,17,4,0.444455963,0.479365594,0.46973003,0.492485946,0.534970413,0.549146735,0.223194264,0.436445919,0.509803121,0.535356423,0.456871449,0.579297766,0.415257807,0.402177346,0.49082639,0.466969186,0.445165029,0.379402063,0.472978535,0.178972691,0.427124566,0.436395553,0.475724442,0.492901939,0.305567174,0.448554351,0.462281435,0.570314074,0.418278182,0.438400974,0.428743941,0.53288
"NUMEX_BILL_MELTON_CA_2019",3,232,17,5,0.433133105,0.479919431,0.483076876,0.509526744,0.557977865,0.593162301,0.260426266,0.419540561,0.538139597,0.577965019,0.475609219,0.583424533,0.39181501,0.404636913,0.513580989,0.449175675,0.43274393,0.414600981,0.493829201,0.274654482,0.445164634,0.432436028,0.526100703,0.579632931,0.335162781,0.478251763,0.488360013,0.578685617,0.392028652,0.446023205,0.439223632,0.523340928
"NUMEX_BILL_MELTON_CA_2019",3,233,17,6,0.437396026,0.494675468,0.512010455,0.539140081,0.589760862,0.63479605,0.247387161,0.439608907,0.583321521,0.5977506,0.458972023,0.581737346,0.415486331,0.433726778,0.559904908,0.449965684,0.441045458,0.461965663,0.530546258,0.330020698,0.459774298,0.453861696,0.543475055,0.567960632,0.35009825,0.517571082,0.479079258,0.593374989,0.397097699,0.473213955,0.49885875,0.567114291
"NUMEX_BILL_MELTON_CA_2019",4,234,17,7,0.45909873,0.458419778,0.445822375,0.467000482,0.500768575,0.526556041,0.260799129,0.429163274,0.501774195,0.536384142,0.448524468,0.590538076,0.401695847,0.384623757,0.48884066,0.452933145,0.439541693,0.391344166,0.487885171,0.296560974,0.418444068,0.401875517,0.48418121,0.521068748,0.324183905,0.46635804,0.482164346,0.502614792,0.38041219,0.44045741,0.436666353,0.505971194
"NUMEX_BILL_MELTON_CA_2019",4,235,17,8,0.459926155,0.455856571,0.458599277,0.467840482,0.511514152,0.539268165,0.267017182,0.432901451,0.515833423,0.536378641,0.444081323,0.607159143,0.412053244,0.392689421,0.496566456,0.443123146,0.445578105,0.381115971,0.481527855,0.264040985,0.445014549,0.417424873,0.496385866,0.511746953,0.323074895,0.462771842,0.471891886,0.508050418,0.40097116,0.428160332,0.42917228,0.492972458
"SW_9720",4,236,18,8,0.426332959,0.460313341,0.45654056,0.4761955,0.512397796,0.573671272,0.256358186,0.4411533,0.531754938,0.544172404,0.4969561,0.578248974,0.421279912,0.391052496,0.50611186,0.475723676,0.450445201,0.381742772,0.487373179,0.281739378,0.424167643,0.38655355,0.495933311,0.55604557,0.31754142,0.43517537,0.507906448,0.48845017,0.38295933,0.452059789,0.446201593,0.499656654
"NM1701PAR",4,237,18,7,0.437308673,0.484598005,0.481461794,0.508108297,0.542978939,0.618916764,0.266987059,0.456234474,0.556050548,0.569689629,0.470391784,0.544049248,0.415367918,0.409741805,0.515589166,0.462645128,0.437187824,0.421151376,0.504750701,0.296883674,0.404607367,0.401632767,0.542860175,0.571702861,0.326938294,0.468980085,0.478889293,0.520720213,0.340652306,0.465456872,0.463372823,0.543889427
"NUMEX_BILL_MELTON_FG2012",3,238,18,6,0.441607806,0.522494782,0.525240597,0.557664194,0.601334574,0.585326868,0.259129393,0.500415564,0.604502955,0.630670155,0.438732232,0.54619243,0.41340158,0.458129897,0.561952196,0.463046118,0.448711592,0.471836847,0.5347435,0.303597737,0.427592864,0.425849348,0.44558239,0.582926105,0.319870406,0.491495126,0.491376864,0.590315818,0.351529205,0.472980791,0.497370653,0.587856411
"SW_9812",3,239,18,5,0.433774932,0.499060801,0.498703016,0.531996573,0.57398314,0.586723747,0.230926513,0.479643303,0.608156628,0.620220631,0.396234207,0.552120383,0.394962538,0.485335715,0.567066965,0.435615026,0.442602794,0.504509379,0.545075868,0.266413292,0.483469335,0.475161897,0.560889939,0.616884057,0.36798976,0.533685738,0.493608642,0.603989396,0.352803559,0.491452075,0.501168783,0.567272188
"NM1705PAR",2,240,18,4,0.427849413,0.488044813,0.483894331,0.515634575,0.559135577,0.612939156,0.230132665,0.461894807,0.585851794,0.606620315,0.374857289,0.530620155,0.408722323,0.479086745,0.557928047,0.439733277,0.443362511,0.478374827,0.538657373,0.229027934,0.470942043,0.468341015,0.563173468,0.572192332,0.324080265,0.49999621,0.483680018,0.605123398,0.351830447,0.47595061,0.482291776,0.594731002
"NM1713PAR",2,241,18,3,0.471040009,0.483327326,0.47181284,0.50012148,0.536874808,0.638920348,0.243089901,0.441402834,0.542947985,0.551671508,0.453863752,0.493593251,0.41652532,0.393330108,0.470519889,0.465001173,0.443971802,0.354080763,0.429588585,0.188897084,0.407383368,0.397078433,0.55011118,0.431140675,0.29526672,0.41873131,0.494139982,0.506923626,0.351653323,0.46730851,0.409309614,0.490818607
"SW_8888",1,242,18,2,0.443319899,0.487889273,0.484714061,0.524444941,0.573128241,0.567127045,0.325441469,0.464278275,0.584191734,0.600560826,0.503759938,0.481440948,0.420846961,0.483945481,0.551805655,0.452525219,0.452682634,0.429148996,0.529471132,0.218513081,0.46420281,0.461945134,0.521887825,0.555323319,0.323629427,0.489051077,0.445317477,0.615282439,0.367977414,0.455770836,0.463329213,0.553609927
"MESQUITE",1,243,18,1,0.446201285,0.468704688,0.456725909,0.483809104,0.527392985,0.545815001,0.402848999,0.448603044,0.545834448,0.555524086,0.503745899,0.483492932,0.400431298,0.432995082,0.507402643,0.438049845,0.425788457,0.387700324,0.491478715,0.205711961,0.437465677,0.420503227,0.495107408,0.540914621,0.29694801,0.449077108,0.448485002,0.567810744,0.391237092,0.45623684,0.442691362,0.527299123
