"Germplasm","Plot","Rep","Row","Range","gndvi_138","gndvi_145","gndvi_152","yld2","gndvi_160","gndvi_165","gndvi_173","gndvi_179","yld3","gndvi_187","gndvi_192","gndvi_201","yld4","gndvi_215","gndvi_223","gndvi_228","gndvi_237","gndvi_242","yld5","gndvi_257","gndvi_263","gndvi_278","yld6","gndvi_293","gndvi_299","gndvi_307","yld7"
"SW_8421S","100","1","1","1",0.00520580492779123,0.00378413214294249,0.0121842878521111,-1.10493756684983,0.0420872541464299,-0.0159634670440752,0.0428603329659161,-0.00443988059653007,-1.17630273606737,0.022888683320489,-0.0103125406042594,0.00622846361071293,-0.907801951367015,-0.0132583488449043,-0.0203513970790289,-0.00624459063017029,0.00249869055923687,-0.0584558286820964,-0.593550950275293,0.0205175583748406,-0.0266759716219092,-0.0311669806393054,-0.464484037573309,0.0403666864308597,0.026868771475998,0.0348931852152515,-0.120421745968572
"SW_1011","101","1","1","2",-0.0217539012124523,-0.025172884908347,-0.0268265942973051,-1.62352093138857,0.0414729091293375,-0.0286694335898555,0.0337677042473174,-0.0267884655234398,-1.52150637832537,0.0348026505535737,-0.0164887364868032,-0.00178051551940247,-1.14561267767568,-0.0203052529479424,-0.0104904553433089,0.00306278097287835,0.00999999132724745,-0.0533188275708126,-0.646614061718148,0.027001922361393,-0.0311442000674827,-0.0187690526456099,-0.65026839797478,0.0410818916666293,0.0110609620185736,0.0271546483649752,-0.251810113954374
"SW_9813","102","2","1","3",-0.0275343862052442,-0.0382515451196734,-0.0518842354206751,-1.8602920634473,0.0465140253722409,-0.0332186079306899,0.03031961369436,-0.0389870078208316,-1.70519311080815,0.0380888798346605,-0.0162442078586044,0.00120798858042767,-1.19396366434996,-0.00684585888701343,0.00576131601195418,0.0110567172864143,0.0123141502237131,-0.0479455241816937,-0.665502507877581,0.0502387765221871,-0.0241391557323126,-0.0131846955560029,-0.64506970803569,0.041698556457516,0.0114816170777559,0.0244811661648436,-0.348808920896412
"DONA_ANA","103","2","1","4",-0.0388413752990057,-0.0548783374150652,-0.0782176152762306,-2.10800731082822,0.0475926018709898,-0.0396906980797663,0.0217987354035795,-0.059033588152058,-1.9290561901603,0.0279349155507538,-0.0193823259637863,0.00149866024425565,-1.29037110067492,-0.00442813242407672,0.00219277385155626,0.00528810042380848,0.0132720525654687,-0.0534430346736231,-0.883921904093085,0.048148954447403,-0.0297727063622707,-0.0214881754365065,-0.938203396192823,0.0350462087139949,0.00230741618026673,0.00607521935574355,-0.638588209588776
"NM1715PAR","104","3","1","5",-0.0451026218282193,-0.0687169675272534,-0.109622744278987,-2.45852362560746,0.0464094080920863,-0.0443631344901107,0.00887467840008688,-0.0797080820566355,-2.29795916217485,0.0150544880971933,-0.0265110117577206,-0.0110185836886172,-1.57469288358177,0.00858253048845527,-0.0121451584416179,-0.00586579853937273,-0.0133259619973265,-0.0651078560790947,-1.32302726875885,0.042011262741696,-0.0440660516286235,-0.0230257029529582,-1.2003696156301,0.0220398794531035,-0.00560541951891452,0.00171830569643494,-0.966635661045665
"NM170506PAR","105","3","1","6",-0.0332325112165514,-0.0402199597175129,-0.0622632367271227,-2.12492106870554,0.0510147563348655,-0.0374518567427176,0.0436984087223843,-0.0324474853632021,-1.89845225578952,0.0373700914623419,-0.0107489877218201,0.0130757350146585,-1.45969929496382,0.0346094515109091,-0.00374642447762265,5.55648699942096e-06,0.00716828248448375,-0.0617221690174653,-1.42526093160697,0.0312670519104267,-0.0428978549874291,-0.00511312102072752,-1.16634696884212,0.0296088563994457,0.00518448913673752,0.0146577700112177,-0.841834929259117
"NM1704PAR","106","4","1","7",-0.00796777204056319,-0.00666131601849328,-0.00983855023589257,-1.32825325932554,0.0513156021302656,-0.0271400330795157,0.0664781090170746,0.00833148158246759,-1.26222653734979,0.0125904887025864,-0.00522341366563342,0.0305974224321505,-1.04017522231841,0.0179244719818686,0.00982966740200488,0.00359692893813999,0.00516846042802054,-0.0510286734620134,-1.01041649960061,0.0327506500300383,-0.033815458457487,0.0133097794124213,-0.756724022574264,0.0417909821011178,0.0167573697971556,0.0255911080967865,-0.385172978087105
"NM1712PAR","107","4","1","8",-0.00863369776539471,-0.00626260680145171,-0.0157241383752915,-1.51921031244913,0.0454035418587558,-0.0246285944327015,0.063067938606917,0.00329023183046169,-1.3114275814644,-0.010352951019295,-0.0105516760596178,0.0266217852210407,-1.05664491874818,-0.000416122284047509,0.00970287283036307,-0.00445972330034903,-0.0100049122493056,-0.0498169846269277,-1.04069132119766,0.015982133005902,-0.0434211917839683,0.00222840842661601,-0.859346221519488,0.0326596294372794,0.00831893174655166,0.00641045457301312,-0.466107164684906
"NUMEX_BILL_MELTON_CA_2019","108","4","2","8",0.0169002152933917,0.018321257970084,0.023024266499171,-0.69800502794686,0.0351184315973236,-0.00199464241400634,0.0379498213550832,0.00972450503866124,-0.750530524766181,0.0325479569182299,0.02074877208279,0.0111374502542204,-0.601164094939899,-0.0111396746535135,-0.0130502714584844,0.00881822628277185,0.0304693313670414,-0.087966069966729,-0.379429477705614,0.0088640021158426,-0.0164916922013345,-0.0198612252437354,-0.306011304922691,0.0396474654989942,0.0269846561815581,0.0149803760517899,-0.0892421298262133
"NUMEX_BILL_MELTON_CA_2019","109","4","2","7",-0.0108263376509322,-0.00924589791958568,-0.0129904531044702,-1.14399499398819,0.0364467541246218,-0.0145562122529124,0.028188691533609,-0.0150414040270645,-1.09939391831521,0.043289537800065,0.0138365434831699,-0.00406665401440864,-0.837459810816723,-0.0287698995354045,-0.00606026930450896,0.0093910132495749,0.0237395902270256,-0.0868157085157077,-0.424553008120794,0.00535060834446853,-0.0233249380644003,-0.00753456997445706,-0.487242498612257,0.0405734115924533,0.0104187435806377,0.00972380017335362,-0.179612790137122
"NUMEX_BILL_MELTON_CA_2019","110","3","2","6",-0.0138119586657051,-0.0187396025516628,-0.0270145966683749,-1.27618058510902,0.0464674682770777,-0.0164393695682251,0.028012012020455,-0.0176676072230297,-1.19956808545501,0.0529143678447817,0.0143715625734145,-0.00215510363223331,-0.804226787918573,-0.00738938573287429,0.0128426834764539,0.0217647901415735,0.00736523626175279,-0.082357087208864,-0.387176814583482,0.0203851452904961,-0.0166519318511565,-0.00294756799498695,-0.423812974089771,0.0416168339928117,0.0105356095968172,0.00952301156653922,-0.257635322125358
"NUMEX_BILL_MELTON_CA_2019","111","3","2","5",-0.0285433250845254,-0.0359233879131328,-0.0511541947929245,-1.52742906111337,0.0473217678744626,-0.0268026947085639,0.0176384340645039,-0.041024266085286,-1.43170708416629,0.0368083093973594,0.00415327786831465,-0.00719256023744752,-0.928710980345277,-0.0102257314987037,0.00742571671038176,0.016612763273534,0.00975573278490732,-0.0904082652874345,-0.592681873058766,0.0138502894315578,-0.0244788570667822,-0.0198843164457708,-0.702388818808542,0.0331328134171321,-0.00150668297736987,-0.0113222400901059,-0.540718237675361
"NUMEX_BILL_MELTON_CA_2019","112","2","2","4",-0.036388101516054,-0.0497270691072099,-0.0748122669867467,-1.88875575432747,0.0438612519768118,-0.0344272070591375,0.00538534025251917,-0.0593363230147644,-1.86096703499396,0.0302166373181178,-0.010764329496312,-0.021520387217903,-1.26653709882054,0.0124532763213532,-0.00656814292275368,0.00704408973106726,0.0172394974701627,-0.103362497289871,-1.08696994187568,0.00504568841929592,-0.0401120569058481,-0.0203836392170233,-1.04652689773628,0.0167990077094963,-0.0102572442634866,-0.010773904932441,-0.902772552442096
"NUMEX_BILL_MELTON_CA_2019","113","2","2","3",-0.028601046888507,-0.02615154093459,-0.0434364136111937,-1.63139092506058,0.048810668296066,-0.0289020517480337,0.0327457132262939,-0.0286268709254356,-1.55640326555915,0.0402105239728488,-0.00466659521488711,-0.000510789269006661,-1.19165513301618,0.0277852238958533,-0.00287269471807934,0.00867804760427074,0.0211865267861623,-0.101288823087249,-1.23764790465619,-0.00710508875762429,-0.0399062094871586,-0.00864669110596878,-1.08595052656354,0.0244894872368948,0.000686529926480252,0.00380464677760231,-0.770132068252734
"NUMEX_BILL_MELTON_CA_2019","114","1","2","2",-0.00269482900488197,0.00327304558743567,0.0017114660545426,-0.856178907155316,0.0517423347140158,-0.0168542485648705,0.0528366339224609,0.00944193590991057,-0.927248766450711,0.0147110626339706,-0.00781910839633241,0.0210567933137711,-0.746413169928583,0.0182751598552292,0.0158473805881549,0.0161404943130014,0.0142072762218245,-0.0851986912487982,-0.731239831868909,0.014917895859215,-0.0271092790090673,0.0147585026019105,-0.583845651486522,0.0391179128580489,0.0136640268840591,0.0219030498877459,-0.286203117213928
"NUMEX_BILL_MELTON_CA_2019","115","1","2","1",-0.00263700946038806,0.00281553668577037,-0.0021837119170722,-1.03729441132239,0.048726299276771,-0.0135756591626136,0.0508094805004486,0.00828970263925377,-0.976473434913829,-0.00799404289920167,-0.018149205203253,0.0225424597845731,-0.741952513305382,0.00539325098336083,0.0180577596726838,0.0126333391036999,0.0185643599800559,-0.0791696788752946,-0.708539052818359,0.0159713565812747,-0.0349229519239968,0.0110911439875599,-0.613489005524784,0.0319321955243267,0.00752307286527149,0.00946280926197608,-0.349202120708218
"AFX_779","116","1","3","1",0.0208617010023336,0.0291518005103962,0.00897043124733748,-0.567082691337379,0.0154528532175316,0.0163901021909697,0.000290866790757739,0.0100088170241194,-0.565041702885329,0.0319696241762637,0.0218098346298662,0.000765551216561503,-0.519911446672809,-0.0091332711555368,-0.00391177716119051,0.01216703873065,0.00756364655347004,-0.123496293106427,-0.462556059184057,0.00429524974596172,-0.0240017993844447,-0.0257919512736998,-0.373132954806687,0.0162528691272734,0.0190919428378847,-0.00429095240257782,-0.150825131164443
"NM1703PAR","117","1","3","2",-0.00485360253987033,0.005718826072641,-0.0237513303129113,-0.939273423586729,0.0196304004026988,0.00575005937750909,-0.0107594848281988,-0.0179840776968386,-0.924622461461056,0.0425659187489303,0.0150860890168408,-0.0184365131843142,-0.79354123383462,-0.0310563999627045,-0.000793707006966681,0.00403347956890868,0.00463371602002738,-0.124411350945605,-0.501819038641079,-0.00786464431470023,-0.0343439724180611,-0.0141707274442896,-0.604289747887709,0.0167842897767091,0.00219276731922503,-0.00423084506759038,-0.21599900496036
"SW_1011","118","2","3","3",-0.0037394356143997,0.000743103811158034,-0.0318011703783869,-1.01800172251714,0.0345441156574803,0.00353995253387749,-0.0124168373210786,-0.0157436257433249,-0.971718262123236,0.0444851885107371,0.0125665882859157,-0.0226344444635206,-0.764103076047813,-0.0217560442533152,0.0134267371656436,0.00548826952107578,-0.0102861714706016,-0.119671472226486,-0.441728721113955,-0.00989619477397116,-0.0293240902788829,-0.0151864451520704,-0.577631756549282,0.0172984854441521,0.00144597385016285,-0.00275868137540275,-0.273732697929684
"NM1715PAR","119","2","3","4",-0.0207690487846104,-0.0195633551410612,-0.0618217161634348,-1.32557265020189,0.0347380833360679,-0.0107572439507117,-0.0275401643955428,-0.0474507646015534,-1.2577789914791,0.0170554213772004,-0.00227528270364329,-0.0349202958684264,-0.919393907655394,-0.015727531194639,0.00537243141406909,-0.00277133124647185,-0.0304996959294394,-0.128380948858398,-0.602620219148415,-0.0169106956305941,-0.0370121768617912,-0.0327596489757546,-0.786313487760095,0.00832897113993738,-0.0118496256975635,-0.0238714372357239,-0.542062174337521
"NM1703PAR","120","3","3","5",-0.0257784718414916,-0.0324469650134931,-0.075495961111573,-1.62455880478181,0.0288498356142473,-0.0199063137517009,-0.0355867593866126,-0.0585137881925243,-1.68051121470344,0.0186576334327807,-0.0179376740945472,-0.0486571960745666,-1.25214365058283,0.00137983764891443,-0.00683354292435418,-0.00883197493607835,-0.000838338127906523,-0.140095009153103,-1.05157317038218,-0.0242782674108369,-0.0538137389341996,-0.0302204056870294,-1.07995187744921,-0.0099140526273366,-0.0208793253064855,-0.016680866700312,-0.87707410716158
"SW_9720","121","3","3","6",-0.0171626984687098,-0.0102341943262124,-0.0437004569260361,-1.30912628681139,0.0394382720107814,-0.0120316230044378,-0.00774141688456554,-0.0301772816918096,-1.30124792343252,0.0308476271838369,-0.0118368362413948,-0.0222572755014289,-1.12896185427837,0.0275180086329346,-0.00247731924488795,-0.00723818689939395,-0.00706951450293294,-0.136617692730644,-1.13602257168421,-0.0241191544696796,-0.0497154115614542,-0.0138958068828826,-1.05834127541423,-0.000349642326418017,-0.00950897601067054,-0.00414884775326889,-0.710107832722481
"NUMEX_BILL_MELTON_CA_2019","122","4","3","7",0.0102182637446168,0.0180324213991058,0.00337537766288224,-0.474087024215825,0.0451693485021513,0.00159277731669023,0.0114434777968024,0.00813429314582899,-0.650561373983569,0.0234422784759872,-0.0161110480545959,0.00303050074317012,-0.65471211548182,0.0261067037643913,0.0177938052995866,0.00362482323597881,0.0157895052712146,-0.119143448541785,-0.552178953352801,0.008262251992569,-0.0328371586610193,0.0113483839629733,-0.460805550360365,0.016979660830894,0.00422610186431764,0.0106135994520744,-0.213180366088152
"AMERISTAND_803T","123","4","3","8",0.0103738050275994,0.0154753296912167,-0.00246603064989691,-0.621373492367819,0.0450320237824058,0.00490145008883957,0.0123376585335107,0.0101782303228623,-0.685397734231201,0.00969095492936377,-0.0284841237125033,0.00745393618313634,-0.634064810892316,0.0152461394003466,0.0196259351051913,0.00235157109951777,0.0226023545835639,-0.111104529691541,-0.492063386317456,0.0148406770189391,-0.0364151255964318,0.00917062982048184,-0.420557613279734,0.0115598561642548,-0.000581982134696058,-0.000487331345941331,-0.263977665014713
"NM1702PAR","124","4","4","8",0.0223629192622241,0.0292933309093229,0.0038077127350218,-0.477398555413654,0.00607891882575978,0.042246333991196,-0.0254764119878659,0.0135710491795767,-0.394442271233498,0.0425073933770543,0.0219007148703095,0.00551514176520651,-0.351625929685823,-0.02271417266622,0.00944084203789825,0.0103968182244511,0.00465436563398997,-0.114557934568229,-0.441402662632407,-0.00562926590327849,-0.0163217528122443,-0.033152711320711,-0.229810781772157,0.00674947813273493,0.0184803848110971,-0.0114789515237347,-0.0882135979322822
"AFX_779","125","4","4","7",-0.00224184124518869,0.00866518950338094,-0.0284499991308358,-0.754569021144487,0.0123900617664854,0.0336324029405494,-0.0341834048871669,-0.0140422795106864,-0.658653792143319,0.0491718271621373,0.0146648401800283,-0.0137738705121564,-0.591370553748741,-0.0325154163140352,0.00805881305331685,0.0030681007273266,0.00246461451298518,-0.114296254174253,-0.388951676261707,-0.00304406378638146,-0.0244604062715406,-0.0181149070155228,-0.347376052197745,0.00977084910916409,0.00298419388390435,-0.00735362329218533,-0.0792159358727314
"AFX_149092","126","3","4","6",0.000181597445946714,0.00671444888353378,-0.0308175386895643,-0.817084211831519,0.0294409621476579,0.0323072675802079,-0.0334511847774235,-0.00605645152796684,-0.633627116242873,0.0511113972334137,0.0124504615966334,-0.0190063098948581,-0.538275041716016,-0.0163201407502695,0.0186166125107594,0.00154644859496782,0.00699736140313235,-0.107391322844691,-0.286058159050332,-0.00198159529164193,-0.0166880985406161,-0.0146049554631099,-0.288391456500606,0.0118792073345131,0.00329051629480326,-0.00441247517108135,-0.138524541106408
"NUMEX_BILL_MELTON_FG2011","127","3","4","5",-0.0165771658066935,-0.0124061672707069,-0.0542946633261471,-1.15412741935476,0.0286639505761325,0.0170520956518013,-0.0471845427855173,-0.0347518787975235,-0.909145292258961,0.0129967269150948,-0.00370658269957453,-0.0348384348293106,-0.700515833010599,-0.00933752403814079,0.0115977647320317,-0.00484534314455157,-0.0131156651089109,-0.115960289694531,-0.402749660447427,0.00298497653208824,-0.0209468532020043,-0.0198629649861295,-0.415941345872585,0.00395852229253236,-0.00842317169729464,-0.017380889105783,-0.383060052639323
"NUMEX_BILL_MELTON_CA_2019","128","2","4","4",-0.0226696692003431,-0.0259431454820026,-0.0662725586811953,-1.49853855030303,0.0187719053217091,0.00389825885263213,-0.0577813841772577,-0.0524580477087397,-1.44652636374112,0.0212308087195413,-0.0185868357797607,-0.0578021473994635,-1.12860278692582,-0.014214535577783,-0.00539027510051333,-0.0199639694962312,0.0058504288886005,-0.136410847930475,-0.991336825728238,-0.0372214042594351,-0.0488577736993941,-0.0355770646932749,-0.882223754433999,-0.0194360885745352,-0.0205515659877819,-0.0188971084421928,-0.770206181848515
"AFX_149092","129","2","4","3",-0.0115320881566031,-0.00383771771812939,-0.0324600016816387,-1.09637885013504,0.0303200410612108,0.0141588332578985,-0.0316673090285734,-0.0262233285547041,-1.01858433871209,0.0426725678977773,-0.00757656858217282,-0.0301116133853302,-0.934609722455902,0.0137712434805461,7.29009995102962e-05,-0.0177579634120033,0.0174943039582714,-0.136028855728767,-1.01511358973965,-0.0225352693105192,-0.0436830584460125,-0.0184507211543674,-0.872548079546879,-0.0101557594615607,-0.00900116954631561,-0.0078678148292149,-0.592219709771915
"TMA_990","130","1","4","2",0.0141960879365756,0.0187953183159689,0.00149455147839431,-0.276848540927297,0.035914147118564,0.0257729571738149,-0.0194812937880493,-0.00246817124496418,-0.449044263567236,0.0509860210210131,-0.00908213740068605,-0.010195047007106,-0.515765982020709,0.0273093761157133,0.0149538148537807,-0.0128001992609049,0.0182132901656255,-0.12632970960847,-0.456207700940924,0.000751562646762033,-0.0302771167758992,-0.00282228398689574,-0.336067814578962,0.005482362866148,0.00241340058612573,-0.00464032472071413,-0.172033464791467
"NM1704PAR","131","1","4","1",0.0158172048588785,0.0158408244963918,-0.00645021463346227,-0.405533770222358,0.0392199389564636,0.0304098219645707,-0.0158586515191913,0.00343799924178428,-0.459591108099953,0.0483227521790468,-0.0196066609226917,-0.00252814263501351,-0.479509929581547,0.0335739965675259,0.0194088706319559,-0.0102368245955033,0.00798511562508942,-0.119394820011281,-0.4094028342267,0.0150229308563413,-0.0312549966170687,-0.000940710304578892,-0.28221592959576,0.00121244721204837,-0.00246734908995261,-0.0171561123731576,-0.224465416782487
"NUMEX_BILL_MELTON_CA_2019","132","1","5","1",0.00319871094109141,0.0146128869155806,-0.0221059492316468,-0.73153733007885,0.0144820907123335,0.055531857160808,-0.0468636832410633,0.00849277050444183,-0.368576116989452,0.0506405990529916,0.0211827051752347,0.0132028930109564,-0.309583075930452,-0.0175337578198605,0.0205115631716744,-0.0097670662044041,-0.000764797349206079,-0.125325445016851,-0.49457256679124,-0.00966768333690043,-0.0236134178006787,-0.0291220310260185,-0.31747501974247,-0.00143861546044547,0.0116223801171091,-0.0436384480781106,-0.124663231133432
"NUMEX_BILL_MELTON_CA_2019","133","1","5","2",-0.022269963568655,-0.00559028847233908,-0.0578901229593006,-1.01848564941729,0.0170362632403177,0.0481527506416183,-0.0562920997112268,-0.0235402918456998,-0.655782354015397,0.0541154072366644,0.0115243937281875,-0.011086975201769,-0.578288282229048,-0.044007930647647,0.0128833422911139,-0.0213750398323126,-0.0112796444054692,-0.126040371106054,-0.515318444166956,-0.0110761460527899,-0.0337539418640766,-0.0211035447862411,-0.47254641796933,0.00161086275419868,-0.00540750199846891,-0.0445131462153567,-0.131562994897542
"NUMEX_BILL_MELTON_CA_2019","134","2","5","3",-0.0238518405656045,-0.0077744296826428,-0.0634199163490997,-1.14941026865674,0.0247735797849881,0.0446237720989925,-0.0584865904725186,-0.0178806449412889,-0.674196427437679,0.0557753612196458,0.00697430203356993,-0.0176529592038734,-0.560581256009646,-0.0246961170548169,0.0189017047674886,-0.0255022586627111,-0.00733825677653582,-0.116242942059448,-0.441284153329743,0.00100222223038708,-0.0241226512427676,-0.0155845474759623,-0.465816994084608,0.00394057228653166,-0.00615027371749495,-0.0444526907740261,-0.229754608052445
"NUMEX_BILL_MELTON_CA_2019","135","2","5","4",-0.0435159414250287,-0.0270478604492591,-0.0810914114755988,-1.53395648536669,0.0206952991158247,0.027876405962477,-0.0731382664906762,-0.046663323450357,-1.01069705973806,0.0213187401986972,-0.0123013495984927,-0.0374149052147805,-0.779318950206504,-0.0143244127482191,0.0111411070044383,-0.0369854940578334,-0.00844540187459224,-0.125910592819433,-0.61032606235565,0.0115084929436129,-0.0269196233758295,-0.0200316794734202,-0.642468913396779,-0.00334318611577329,-0.0180242256248507,-0.0584237034143741,-0.469760569311547
"NUMEX_BILL_MELTON_CA_2019","136","3","5","5",-0.0540122746804426,-0.0417345690398999,-0.0963471850071803,-1.9527255781155,0.00714150443817117,0.00924303550648791,-0.0889346921908934,-0.0743014606728621,-1.7230724489537,0.0220747029118248,-0.0287807889773206,-0.0672527541226075,-1.31149108666997,-0.031243095720549,-0.0115863843611567,-0.0629032997452642,-0.0397797824128805,-0.152522099051891,-1.30401186559603,-0.0457789240743154,-0.0605058131046973,-0.0444841077402045,-1.20703360326259,-0.0283242914943254,-0.0316454826025648,-0.0650658521418996,-0.86640145564837
"NUMEX_BILL_MELTON_CA_2019","137","3","5","6",-0.0465940024705853,-0.0262782603091207,-0.0744102517280661,-1.60033494558705,0.0136603634059286,0.0171139043702668,-0.0702713426259715,-0.0577010988693204,-1.3738275214447,0.0407378207815671,-0.0164339606533382,-0.0475275285180141,-1.11789540293549,-0.0112170429539768,-0.011843839255502,-0.0638841311248089,-0.0392041317339002,-0.155432589043207,-1.29912230691792,-0.032437976738094,-0.0585039742507472,-0.0320744750999825,-1.17878540046697,-0.0213999622812794,-0.0208330862946076,-0.0571943617196541,-0.667039106443072
"NUMEX_BILL_MELTON_CA_2019","138","4","5","7",-0.0209608153098889,-0.00732672310842626,-0.0421658966922492,-0.801707689639814,0.017281869106329,0.0274335408275791,-0.0625020687216699,-0.0424996925498784,-0.833700767722813,0.0537586238910213,-0.0141074058902047,-0.0329865331576559,-0.742021969517115,0.00978118672438445,-0.00311509439202664,-0.057169206662352,-0.0365224978487797,-0.15067352961554,-0.759948193122279,-0.0094410346503907,-0.046007038461484,-0.0170301776775111,-0.665286927112242,-0.00665621411173618,-0.0107936098862064,-0.0552723775269228,-0.277465392970479
"NUMEX_BILL_MELTON_CA_2019","139","4","5","8",-0.0142350546960916,-0.00818621954779034,-0.0393689812666276,-0.879406423657746,0.0247095360319796,0.0346074878279672,-0.0547934901359737,-0.0300820137876934,-0.751930204138736,0.0591860058215131,-0.0207341312134113,-0.0204291867811943,-0.663962209003541,0.0287911656517706,0.00627359740287679,-0.0467189124741155,-0.0247843929519791,-0.143909937565314,-0.689218565109773,0.00022884048555596,-0.0433930321479689,-0.0158318966910654,-0.596290386515209,-0.0101870109879205,-0.0151428446223268,-0.0671545224084209,-0.293509371764224
"NM1713PAR","140","4","6","8",-0.00328464769581827,0.00639577645151204,-0.0257839435509094,-0.743865604044689,0.0295196201591102,0.0447711334733199,-0.048893474647667,0.00909541930355053,-0.242012101541765,0.043544482996495,0.0104461137914282,0.0270671879683913,-0.0444167699077118,-0.00571185706541706,0.0240585385986583,-0.0144922023186095,-0.0326997850493603,-0.0752341420116911,-0.180434309559322,0.0089722155736009,-0.00701717127072607,-0.00462584783994509,0.0622196598226217,-0.00155439655176271,0.0127550163369619,-0.0422145319109632,-0.0333799825860786
"AFX_149092","141","4","6","7",-0.0228683658652946,-0.00586536673560245,-0.0428943537139889,-0.878163230887814,0.0312573770484162,0.0393373590885257,-0.051707553074559,-0.01353969059446,-0.376197615593007,0.0390956204580309,0.00226108944329381,0.00481340792455336,-0.228395113893125,-0.0271281944787695,0.0161072620749979,-0.0273933449612399,-0.0125916799691843,-0.0766075744990151,-0.211945083534392,0.0101264100859376,-0.0164233328893059,-0.00415741092647095,-0.0994650034009514,0.00272728727062297,-0.0042937336083949,-0.0453402362147402,-0.0343540238367623
"NM1705PAR","142","3","6","6",-0.0213890412093503,-0.0019896168906552,-0.0403133600594769,-0.89418400478862,0.02983174015953,0.0342101523949473,-0.0500267100541648,-0.00123287939947366,-0.354160151539607,0.0447379708539293,-0.0016027965128909,-0.000818746182080791,-0.205675552161306,-0.0303253221900106,0.0184540125643898,-0.0317086005679379,-0.00642104832582802,-0.0654580179277151,-0.14673961476665,0.0116998916763919,-0.00701452093526252,-0.000338151226907832,-0.169716505255082,0.00546771721192245,-0.00583844793081779,-0.0467368360354884,-0.157809920430143
"DONA_ANA","143","3","6","5",-0.0400053859084657,-0.0190603068959728,-0.0581995974465854,-1.26735988076921,0.0249493877141712,0.0171855476076721,-0.0620880399852384,-0.0284254931180938,-0.751564292836486,0.0137066010155235,-0.0199423660680517,-0.021015005026727,-0.460266579992014,-0.0166067443636552,0.0110816633181602,-0.0435448329266055,-0.00362901746492061,-0.0762500261528798,-0.394609151935428,0.0192060610844638,-0.0100760787464477,-0.00721703574142575,-0.48240811269764,0.000186787370110637,-0.0172234388761312,-0.0595520254277956,-0.416049755226124
"NUMEX_BILL_MELTON_FG2011","144","2","6","4",-0.0495081620520577,-0.0291827743492756,-0.0780554314897452,-1.70106610479275,0.0132908679453833,-0.000928545244584886,-0.0753309056754436,-0.0533363175611223,-1.49784288244029,0.0148540284597789,-0.0327083850540791,-0.0456428137342778,-1.03540180031222,-0.0205430694436827,-0.00660217538461237,-0.0657764869473468,-0.00386632971640264,-0.0989835706932714,-1.08798071567071,-0.0304214166871601,-0.0398816158607777,-0.0215830965958466,-1.05913807795368,-0.0201748164728641,-0.0284438351253691,-0.0613985158958096,-0.775457962555119
"SW_8888","145","2","6","3",-0.041927551145282,-0.0131755379335483,-0.0616793480011175,-1.34427249248756,0.0131917068652111,0.00474355968274581,-0.0607620510255456,-0.0416071952043991,-1.19157446680013,0.0268436607123897,-0.0219558371773072,-0.0339839475743475,-0.838800983886696,-0.00673708523949443,-0.00944996884209179,-0.0697335257235985,0.0153893308527136,-0.102551683641626,-1.01746524214288,-0.0136909786296115,-0.0393587126816633,-0.0140864447224102,-0.930115662677048,-0.0135955576353753,-0.0176724105710509,-0.0559742913881205,-0.518168045886532
"DONA_ANA","146","1","6","2",-0.0203707572881498,0.00117532305496305,-0.0301904112831092,-0.646321748520153,0.015863525027792,0.0160237530064344,-0.056497723234307,-0.0345230427051378,-0.740187166338683,0.0433878486541207,-0.01669320219678,-0.0270224690681486,-0.563140310431916,0.00964784780906373,-0.00465750663737678,-0.0651539106564483,0.0292908148954854,-0.103987427255033,-0.619099011705571,0.00341673387150045,-0.0304566443910503,-0.00253632115423465,-0.508662576339442,-0.00215809826185239,-0.0120427037221004,-0.0649773124867406,-0.241378089506457
"AFX_149092","147","1","6","1",-0.0166801713184048,-0.00365879933128818,-0.0220209145138254,-0.771651970352713,0.0265278358080629,0.0262240107328163,-0.0491307851057049,-0.0254172624014254,-0.68524631264526,0.0549764962457426,-0.019236231048179,-0.0147821975608496,-0.546432497468501,0.0237149214517221,0.00642806900974104,-0.0531943133348465,0.0314890215491688,-0.102324410624927,-0.694231624523738,0.0123064085786954,-0.0295552127013594,-0.00456598788249864,-0.526817827769207,-0.00755574339325006,-0.0182788046579587,-0.078502482052296,-0.305434372622689
"NUMEX_BILL_MELTON_CA_2019","148","1","7","1",0.0105823324568012,0.00659548749872802,0.00157961853436047,-0.468032765963978,0.0373775903016565,0.0598223091114339,-0.0312616377431808,0.022073901547948,0.123261985856798,0.0455284504949548,0.000842749873453756,0.0391053185996202,0.297706512652303,0.000726830678045899,0.0239381909640358,-0.00379680427251414,0.0352335323417571,-0.0433346425837339,0.201053480988921,0.00847659405391627,0.00540036595235399,0.0135286508531539,0.390380594062168,0.0011735156455773,0.0160429483179652,-0.0282422028831914,0.0279775287589828
"NM170506PAR","149","1","7","2",-0.00618867528325434,-0.00273866514189869,-0.00924042319542771,-0.516055655387391,0.0388799904638768,0.0584900122921371,-0.0291467443070681,0.00351624936048763,0.11214329981762,0.0371531555593485,-0.00598526995467448,0.0193884384860155,0.196692732135442,-0.0140034747484459,0.0169677719061137,-0.0175898808046695,0.0303869977734152,-0.0449178072967187,0.178880097798393,0.0061779981394809,-0.00259435011509703,0.0109380344522233,0.277074552109078,0.00740808260688743,0.00050866617829245,-0.0324674745215984,0.0526835697913651
"SW_9720","150","2","7","3",0.000509746165794931,0.0052410752650513,0.00575911280724744,-0.373140055206621,0.0331301375901243,0.0574392187865431,-0.0207957134959266,0.0250431912572069,0.335004301481093,0.0432612812580017,-0.00653134359154242,0.0202079262408512,0.333537759037331,-0.0267170773908751,0.0219729170511685,-0.0130109150822024,0.0350200972600042,-0.0292998113155682,0.419789553904359,0.0195733407130804,0.0121838421607596,0.019790150188745,0.349328428427216,0.0140253484525221,0.00181073982155767,-0.0275602914015978,-0.0150420907190169
"AMERISTAND_803T","151","2","7","4",-0.0131319766039798,-0.0118582131683639,-0.0154288011416766,-0.724606842517268,0.0311185244468506,0.0458188085628398,-0.0287909605005021,0.00192184500544257,-0.00180378116174567,0.0307716926588438,-0.0176152700858515,0.00422102558078471,0.117749875292777,-0.0146696170123067,0.0165912128340962,-0.0233260800189782,0.0418751708775102,-0.0382604396909999,0.205189204094224,0.0270645083713942,0.00914627870301163,0.0126175901720691,0.0315317081073826,0.0128952407921828,-0.00484227185022613,-0.0344450378129589,-0.241228870954746
"SW_8421S","152","3","7","5",-0.020084284269916,-0.020632121431868,-0.042236853661489,-1.12704906431282,0.0275973255859259,0.0348340775183342,-0.0374977103532216,-0.0190744550930288,-0.648349689334212,0.0293578980350352,-0.0236360223805473,-0.0121589308722122,-0.395149106304826,-0.000456325042673868,0.00656190495164888,-0.0377158866139307,0.0263245391881751,-0.0538147441977061,-0.372111769496573,0.000602389508010194,-0.0117149566461804,0.0117127388009176,-0.466141605086467,-0.00120399316755767,-0.0119090943907578,-0.0331511779570343,-0.543597845314984
"NM1713PAR","153","3","7","6",-0.0114263839725337,-0.00580038542078984,-0.0382702465989353,-0.726672246075211,0.0289556688525213,0.0420201724400873,-0.0242041927558863,-0.00941356986819676,-0.309246931661269,0.0348321319800912,-0.0140512682368917,-0.00451404681763801,-0.158154061156714,0.0019883174222902,0.00365201218627296,-0.0445578667589554,-0.000690085570002893,-0.057354024371946,-0.254674654098807,0.00970959195989078,-0.0109835398106685,0.0179704769868531,-0.259241592737176,0.0058274810325132,-0.000320083283156779,-0.0306523115888436,-0.210742862142133
"NUMEX_BILL_MELTON_FG2011","154","4","7","7",0.00368645538497298,0.00317509528148024,-0.0141103033978885,-0.134372574026191,0.0332007829698419,0.0514693538742369,-0.0229929958771115,-0.0101282855225135,0.0339355906229665,0.0460924785492845,-0.00886619038573312,-0.00399679358641436,0.00672427752067598,0.00384693551137698,0.00364433100052037,-0.0524180921900826,0.000687816420510597,-0.0644847940882481,-0.0386977221445251,0.0080958771116496,-0.00656273436550263,0.0235776578959963,0.021026664165331,0.013123763747417,0.0014471307607885,-0.0445257986955136,-0.0247432274095526
"TMA_990","155","4","7","8",0.00210469703963072,-0.00693258640135231,-0.0109843978887392,-0.348306400619746,0.0409386742948565,0.0571535588247397,-0.0192619114051204,-0.00823570067190025,-0.039576840196784,0.0494144152912062,-0.0127355178678033,0.00332584865274768,-0.0908674578172113,0.00447660040690458,0.0113602862683748,-0.0483354249506591,0.00984360981831493,-0.0676439452748509,-0.284517674698166,0.0055068043954314,-0.0116684756958955,0.0133250819868656,-0.0998560198341824,0.00366139631985022,-0.00789915256490204,-0.0553054015999217,-0.156524477730193
"NUMEX_BILL_MELTON_CA_2019","156","4","8","8",0.0143422292239717,-0.00583973654263483,0.00225964850939384,-0.49473740304397,0.0202269452428151,0.0406698621569544,-0.0494055491421181,0.0182328790322433,0.0322051632323407,0.0376280524150848,-0.0216998883610778,0.0270534655129347,0.285290326927573,-0.00716788082696979,0.0181384866651788,-0.00346982705968415,0.0255392472331265,-0.0346612198138724,0.0904124329016958,0.0013736253770177,0.00808007396828803,0.00856212723996446,0.179832961614409,-0.01343603252562,0.00980722201305178,-0.0202691708800935,-0.107616421935107
"NUMEX_BILL_MELTON_CA_2019","157","4","8","7",0.00027845688761352,-0.0125080201180866,-0.00320278388358887,-0.423606071600593,0.0245178338595002,0.0429386625813621,-0.0422230942985997,0.00701111588896686,0.153287244260156,0.031733377843298,-0.0255371294154768,0.010954562385618,0.287470714106456,-0.0143353536939381,0.0144104053720587,-0.0129667115117541,0.0259562261838704,-0.0354274790180362,0.16475568369271,0.000401931745812808,0.00120569831267961,0.00938719173866929,0.189830266766722,-0.00602969577374178,-0.00452329785829858,-0.0245290353781345,-0.0278153799459672
"NUMEX_BILL_MELTON_CA_2019","158","3","8","6",0.00960784429075378,-0.001324565393256,0.0215963410270941,-0.115904767073143,0.0187371098901493,0.0434641244282635,-0.0303368758348548,0.0320776945228965,0.540819066409568,0.0370034879700591,-0.0242929667923725,0.0153175979023457,0.506043182991177,-0.0197462530567696,0.0198841105197162,-0.00333829283972816,0.0320253305869903,-0.0186203237779779,0.571218494209126,0.0257052328274115,0.0177692206746216,0.0197110939572437,0.386820908164555,0.00257140605303499,-0.00139917829429772,-0.0145860456299891,-0.00924152850262191
"NUMEX_BILL_MELTON_CA_2019","159","3","8","5",-0.00374613109208885,-0.0181536324307623,-0.000790794157571526,-0.473715733258731,0.0171231598818082,0.033674946842938,-0.0364730619315666,0.010505208087846,0.201636357002006,0.0294940812304089,-0.0309792034938252,0.000283618515211971,0.283669996775674,-0.0184215407383878,0.0121744752344054,-0.0141893740624971,0.0356969660960974,-0.0287749867651702,0.352967291423431,0.0288873736523018,0.013201322176032,0.00558305041033498,0.0695211023490663,0.00433801543589117,-0.00447605768388001,-0.0196349131096236,-0.171833161460352
"NUMEX_BILL_MELTON_CA_2019","160","2","8","4",-0.00938856400109974,-0.0228776834033579,-0.0209414635305485,-0.742278518843675,0.0187743962945541,0.0300959286025372,-0.0380375513101576,-0.00173750658427236,-0.275997380106394,0.030267010158553,-0.0326470300075403,-0.00775458411153425,-0.104407842877245,0.0155500436017601,0.00956898032317672,-0.019389510421413,0.0309468254382717,-0.0363632540897717,-0.0363655051534404,0.0226591055715414,0.00216202179335382,0.0145250400566737,-0.285312048593316,-0.00269110319797408,-0.0073462710656471,-0.0151020872713987,-0.348114365462177
"NUMEX_BILL_MELTON_CA_2019","161","2","8","3",-0.000452266094056027,-0.00697489622589513,-0.0185499035679287,-0.277102398308497,0.0179486873446188,0.0383044386365203,-0.0250685389083378,0.00742406277689884,0.123617399246369,0.0262729121843553,-0.0258792722659017,-0.000566997605826733,0.193953926913091,0.0104873703787905,0.00730813041279167,-0.0271205717464103,0.0427662038153761,-0.0360820247358823,0.155004315724419,0.0226517483738384,0.00661697582843097,0.0227081718776288,0.0327731345292026,0.00668690388304214,0.00540420703020254,-0.0138790209026523,0.0674172673489978
"NUMEX_BILL_MELTON_CA_2019","162","1","8","2",0.00926757086167597,-0.00215060534292795,0.0028864612992783,0.253500211375139,0.0223581817524874,0.0467181713149433,-0.0239338654383136,0.00540264035848902,0.430151637138437,0.0385637113573101,-0.0221737021468032,-0.00121801893422883,0.321393521940032,0.0068552275057388,0.0067793519355239,-0.0365728790096456,0.0214833487373628,-0.0450885763754722,0.326308205216671,0.0138713551223891,0.0106686281739596,0.0293300132018282,0.312443021231671,0.0120796743194495,0.00478965248935452,-0.0328038563068042,0.214802306845233
"NUMEX_BILL_MELTON_CA_2019","163","1","8","1",0.00501767664719463,-0.0130014178901259,0.00540561273759857,-0.0375028749934322,0.0266990614549799,0.0493306362716778,-0.0203069997730833,0.0055831189732063,0.252001443742707,0.0418556174141363,-0.0235479159243031,0.00967024162494688,0.131869512010849,0.00837521001769931,0.0170508066281632,-0.0295173562676255,0.0192211061216617,-0.0498705045971885,-0.0113087622919824,0.00776434356920059,0.00374126001346598,0.0234333952693896,0.0968485147422961,0.00148407312085365,-0.00573749427384318,-0.0386786355298829,0.017788291004027
"NUMEX_BILL_MELTON_FG2011","164","1","9","1",-0.0149725078724643,-0.0290237764589734,-0.0173961584734079,-0.698067135249525,0.0145520029417849,0.0148619567862881,-0.0713803541009623,0.00561783853409885,-0.290287144946288,0.043132699343933,-0.023940560444952,0.0142691491258841,0.0561100530159242,-0.0141836672444958,0.0101732058683538,-0.00509136665762806,-0.0113593265689199,-0.0266714866085483,-0.17853148370339,0.00325775941475754,0.00141925994878907,0.00357072128121761,-0.0839423977316165,-0.0290285070372915,-0.00585541642189687,-0.00310386186866289,-0.293788397616991
"SW_9720","165","1","9","2",-0.0298349432486009,-0.034967850280105,-0.0201384644487923,-0.578937286190063,0.0208227463309325,0.0190967498883998,-0.0592626896107932,0.00146412064439308,-0.0787665947764256,0.0409752958200437,-0.0213967986025541,0.00129266846444942,0.101057262447457,-0.0182489322949941,0.0107184082448052,-0.00622101843671672,-0.00450808643530443,-0.024372671317014,-0.00543001140457732,0.00862611167351926,-0.00257990305694439,0.00899260222289244,-0.00115331770957064,-0.0212012931505727,-0.019434852856034,-0.00648957083873651,-0.166921446425097
"NM1712PAR","166","2","9","3",-0.022574613526269,-0.024358750067501,0.00419553378363775,-0.320884031100642,0.0136680302010194,0.017742037773591,-0.0472806762011559,0.0246475520554369,0.285688491744126,0.0424971414438071,-0.0209033144896495,0.00466994940116926,0.286423130255341,-0.0139854214815863,0.0139597093343968,0.00501299429514006,0.00356040685511375,-0.00949321125685397,0.377167149213152,0.0217762832968595,0.0120329097869446,0.0141606462352167,0.179150479271412,-0.0155238338078485,-0.0173314790058068,0.000891360759611148,-0.147265677313075
"NUMEX_BILL_MELTON_FG2012","167","2","9","4",-0.0332335122535087,-0.0382100052502502,-0.00906803198418906,-0.708349303247778,0.0118570191007075,0.0110299759319451,-0.0512761298621726,0.00407112440954493,-0.0847780732127138,0.0386719441203566,-0.0223714913075758,-0.00775263825938493,0.0734594893591241,-0.0132738367391336,0.00771392368332443,-0.000503453385213478,0.011484069168957,-0.0186635158781139,0.152667307029734,0.0285458704581928,0.00804006020074043,-0.00517942132691522,-0.106240531315498,-0.0121530265068606,-0.0173883677380592,-0.00570674564033455,-0.254099555213631
"NM1702PAR","168","3","9","5",-0.0333971951736684,-0.0373179397466347,-0.0155581847340235,-0.856292292539668,0.0165386031961523,0.0139366421889494,-0.0455461183213961,0.00117415706533946,-0.408420463199575,0.0373103266411453,-0.0199851106258547,-0.0111195384395087,-0.144013488604155,0.0111007850877788,0.0103380321992361,0.000882465608921854,0.0151865814553274,-0.0199389811750923,-0.0257578321026083,0.0233958230980295,0.00485570868195212,0.00903309089908701,-0.260429863819859,-0.0145997727666194,-0.0171090597170386,0.00185397256981504,-0.280720445076822
"AFX_779","169","3","9","6",-0.0175037082655373,-0.0152201432407091,-0.00346866332824815,-0.194639408580613,0.0204298041675331,0.0279892415476753,-0.0269263600814065,0.0203109805941308,0.185086459031515,0.0422346159584436,-0.0084942634338948,0.00118628439179176,0.316604423722331,0.0143683990419847,0.0134587876194844,0.000941090212048941,0.0246489549351455,-0.012106453597607,0.337835817201591,0.0233182244388551,0.0160156009130263,0.0321186228060608,0.319683391520703,-0.000967616837909096,-0.00122835685038753,0.0091232532343317,0.283145386344416
"SW_8421S","170","4","9","7",-0.00896128640584428,-0.0123081930654907,0.0111341768099284,0.347707085851293,0.0264321825140232,0.0370168837035058,-0.024813186209791,0.0201611739848736,0.54494027858213,0.0602330875192443,-0.00199725606026692,0.00200420394540715,0.530806445249389,0.0222151981206617,0.0145255217107108,-0.00402407035286507,0.0308196471108175,-0.0205789910104599,0.574016581855948,0.00975567140595628,0.0237384455974356,0.0377172603473409,0.674813298699775,0.00584036133425955,7.14962872781411e-06,-0.00397490146194323,0.449269350974111
"SW_8888","171","4","9","8",-0.0150643547453362,-0.0244607492850704,0.00339464680905355,-0.0238278118268197,0.0259843321411053,0.0353229063479628,-0.0244788122336211,0.0142539027718011,0.303771104341768,0.0512000777290001,-0.00649737662809919,0.0108830177079877,0.281509147767745,0.0179268664279942,0.0210708221248309,0.00139953320353899,0.0231214427743042,-0.025857582543158,0.182125208414212,0.000814193584169078,0.0161512447007064,0.0289340592056855,0.396272876361812,-0.00435080446687066,-0.00983407975894706,-0.0102316738485323,0.206135912324228
"NM1703PAR","172","4","10","8",-0.0302913881941291,-0.0488064324384401,-0.0387963159621912,-0.995753095837449,0.0129608647937688,-0.00910388846637556,-0.0894615183698575,-0.0141829465779483,-0.516118103145414,0.0434182934445649,-0.00661634236343411,-0.00278944727706361,0.0127694632039067,-0.0134138108803599,0.0042421034717601,0.0035523538368528,0.0368704315320251,-0.0467047416055188,-0.39027479004028,-0.00384811825834726,-0.00202809073531787,-0.00452286462288937,-0.42047476562011,-0.0419192557467757,-0.0207154302544652,-0.0298495619309459,-0.518749286440314
"SW_9813","173","4","10","7",-0.0435020985339471,-0.0525873530102757,-0.0358004117663266,-0.771633074862778,0.0203436529744782,-0.00384286248810783,-0.0724050064033112,-0.0120270672036647,-0.171863857441533,0.0416004806521777,0.00199484829958185,-0.00843267096538823,0.135679123093797,-0.0183834637521165,0.00898582383472083,0.00986155073011324,0.0224763283682972,-0.0406005602053435,-0.0629924201529099,0.0126480700555572,-0.00218508204287131,0.00394315024779297,-0.199545658497747,-0.0301610742590638,-0.0308064482638328,-0.0305742641927463,-0.301955260343194
"TMA_990","174","3","10","6",-0.033054009593092,-0.0379032520335452,-0.00308193742840629,-0.463220049555338,0.0165260620072242,-0.00271871099962089,-0.0546770947214541,0.018133239773657,0.240977989154814,0.0490815236130431,0.00478209229827524,-0.000412018961816509,0.333268174902219,0.00504990548238353,0.0142771275401321,0.025271147512756,0.0217423172455527,-0.0276960041966391,0.295106432495193,0.026492140452715,0.0104647047314311,0.000720462657104999,-0.0345206748116671,-0.0242899677565002,-0.0272698754898218,-0.0246713496867243,-0.256238640223118
"NM1704PAR","175","3","10","5",-0.0399217661428138,-0.0486657440048463,-0.0112853811438257,-0.805996089339984,0.0143442857770815,-0.00819243724882779,-0.0563577792195963,0.00112395278885298,-0.13162744313771,0.0376328507526018,0.00172099409394353,-0.0118609342602765,0.11712023926625,0.00295931970348454,0.00759694252964848,0.0212968899755688,0.0153520790408228,-0.0361450112024046,0.0447619661369818,0.023778065603508,0.00552371760661855,-0.0249716911065706,-0.29880028643612,-0.019031156746931,-0.0237752209305734,-0.0324255906416694,-0.299316992747912
"MESQUITE","176","2","10","4",-0.0343274675904922,-0.0411800126531466,-0.00635856572320991,-0.812422704947245,0.0210884287417614,-0.00129631519548627,-0.0453596354055591,0.00796759488087083,-0.270003035313351,0.03406215680071,0.00397300800621066,-0.0098938706571785,0.0389306075496891,0.0252146434938677,0.0109716766955899,0.0237623191870499,0.00177228574500806,-0.0318374558381522,0.0514152911341387,0.0280981442950072,0.00949589804303746,-0.00523203038143976,-0.248317056328122,-0.0163350110732177,-0.0194723460792888,-0.018876634418596,-0.209239547899905
"TMA_990","177","2","10","3",-0.0107061154581123,-0.0121341169982751,0.0154666825615145,0.0354213610486575,0.026576922198613,0.0173250485566825,-0.0203068707920015,0.0365397339110449,0.517759681204426,0.0425412053353617,0.0185197955015904,0.00700830182059191,0.640589544063901,0.028307777932356,0.0172558521807965,0.0300925081698974,0.00721510596271477,-0.0175456691584448,0.595618397224658,0.0136719144222338,0.0251223805127456,0.0238781825901958,0.590945015797521,0.00124845383348403,-0.000926211495272594,-0.00146099838572099,0.48497133486666
"AMERISTAND_803T","178","1","10","2",-0.00566970578933328,-0.0124736633384786,0.0236998633544688,0.531682371972396,0.0322260046180037,0.0245607574879475,-0.0181409539386182,0.0351566055744127,0.883859411015143,0.0561849558258434,0.0221571629750195,0.00584419116129238,0.831781749748511,0.0365908366886267,0.0127314699158859,0.0205947409337071,-0.00993369024984173,-0.0253371483502143,0.822816558448337,-0.0125283091642638,0.0317654370269697,0.0278589343709937,0.958437524783525,0.00752455600126153,0.000523430935253674,-0.00178670723727764,0.616658048142415
"NUMEX_BILL_MELTON_FG2012","179","1","10","1",-0.0132408472930412,-0.0243323641169313,0.00869582134944241,0.151751108021273,0.0304751677436647,0.0204846883477158,-0.0198547929500702,0.0260799343593585,0.666774206677746,0.0454147196831198,0.0160592418035441,0.0145428956276598,0.600262120027435,0.0377113629498241,0.0186470531960413,0.0266480449154092,-0.0379435155688044,-0.0294808650728273,0.472656819307308,-0.0219179197283642,0.0224544358868194,0.0166225632034309,0.69043572651471,-0.00330242357340146,-0.0096710686642699,-0.00578430292080043,0.355240337970682
"NUMEX_BILL_MELTON_CA_2019","180","1","11","1",-0.0259797703243915,-0.0471863983041014,-0.0375909606159428,-0.883942366278118,0.00521970547651925,-0.0238282577885209,-0.0962640517131982,-0.0203750606280316,-0.512037964541867,0.0411957080242351,0.000205549791269881,-0.00170788138257799,-0.134388148250045,-0.00937901651608765,0.00165386643840881,-0.00561049632409041,-0.0169722290806013,-0.0467926231786164,-0.527782281279638,0.0100797440348513,-0.00763938851432899,-0.00793707659499527,-0.531403420467378,-0.0503691433159679,-0.0295762887171062,-0.0446290626866126,-0.569313561994496
"NUMEX_BILL_MELTON_CA_2019","181","1","11","2",-0.0396025963201103,-0.0518027858030305,-0.0399105439207637,-0.690062340211856,0.0099955401766817,-0.0180712973918063,-0.0789485751029585,-0.0192242730751827,-0.142372977632776,0.0386062466879605,0.0108106881782073,-0.00657848950492235,0.0326786810058152,-0.0196552034103889,0.00598649376240275,-0.000594668999754756,-0.015699538115283,-0.0417903494970703,-0.155693650732198,0.0244711975752314,-0.00814689160950557,-0.00551879498590828,-0.230909116438424,-0.0367864907068309,-0.0374367728811323,-0.0489143178092142,-0.273289031441484
"NUMEX_BILL_MELTON_CA_2019","182","2","11","3",-0.0311227625635396,-0.0398883304716364,-0.020788689904146,-0.542171483771883,0.0035251541325317,-0.0185911429799501,-0.0654003341659335,0.00264201483822914,0.104216711964603,0.0362776471744066,0.013346061040813,-0.00310090289237896,0.109358479574794,0.00157900557175654,0.00449164399891803,0.00682296892246969,-0.0188381311235937,-0.0363969352733642,0.0269243448866137,0.0243568575349677,-0.00250397605532546,-0.0210217209120255,-0.24153964371612,-0.0353331570961868,-0.0354609067827838,-0.0513120788407647,-0.290634780001473
"NUMEX_BILL_MELTON_CA_2019","183","2","11","4",-0.0357603504848419,-0.0483277602183511,-0.0326661279112001,-0.866217585185599,0.00259111304440762,-0.0218441451456369,-0.0678293631528563,-0.0151626888906555,-0.266506356740369,0.028092379897359,0.0138128493369378,-0.0131787422283116,-0.082756841534851,0.000722405293865375,-0.00218321685737795,0.00304639585281677,-0.0273132864536978,-0.0459339851813826,-0.230686236159347,0.021348066332259,-0.00868657830869739,-0.0429091647495355,-0.478525031199361,-0.0294737540332435,-0.0294706950770958,-0.0663937628514136,-0.279818338716234
"NUMEX_BILL_MELTON_CA_2019","184","3","11","5",-0.0240403659862269,-0.0335735088049809,-0.0110750506090638,-0.745747583245151,0.0107561771618542,-0.00934842630493451,-0.0500178240326333,0.00547357391475002,-0.209638670210373,0.0269481565673117,0.0224871805311868,-0.00337196698409245,0.000972746547310526,0.0232349603673189,0.00542931082357845,0.00921855326303274,-0.00294417251540303,-0.036365366803418,-0.115350865688145,0.0238571238865577,0.00167187708312311,-0.0138658382992853,-0.308581345949276,-0.0226583758168378,-0.0213582735635074,-0.050740975354541,-0.132893337212886
"NUMEX_BILL_MELTON_CA_2019","185","3","11","6",0.00420298037019158,-0.000536402598265775,0.0203205497445948,0.311849545386184,0.0156520975768251,0.0137663439836937,-0.0202878572545985,0.0423078444297248,0.80212377182913,0.0363725690469468,0.0424554408204986,0.0199010051336574,0.770639084871802,0.0214124915858339,0.0177074582645459,0.0242271612806751,0.0177236185116325,-0.0126651491024247,0.654025183062132,0.00703202165816549,0.0242157210120235,0.0286117655027808,0.793793874103115,-0.000112069056727821,1.72431422368797e-05,-0.0213529041565346,0.653440993212797
"NUMEX_BILL_MELTON_CA_2019","186","4","11","7",0.00517001272673402,-0.00511545695121205,0.0219912865034031,0.687200475942899,0.0195540419750264,0.018102334034964,-0.0204850852230418,0.0377162020949182,1.08757772708094,0.0508393497541468,0.0454647296793263,0.0163531426011308,0.911827220572685,0.0365011739335162,0.0115496025621999,0.0197954512669948,0.0115634007238944,-0.0172951094312237,0.870879473555904,-0.0273622477801368,0.0322951239962427,0.0306190094684463,1.06243384767841,0.00625931721736948,0.00145732081520268,-0.00810432817081239,0.68335370144664
"NUMEX_BILL_MELTON_CA_2019","187","4","11","8",-0.00421876739658527,-0.0177821854905462,0.00586123709451065,0.282651201416935,0.0177317980421219,0.0121455047238044,-0.0237433262709398,0.0264877972820614,0.818633492839509,0.043954012936799,0.0389204600318134,0.0225411277613713,0.692303181088183,0.0347170071489753,0.0147806715896014,0.027341327854908,0.00542966572640777,-0.020424038917849,0.546674794309226,-0.043710406059474,0.0218611360823077,0.0126248638466933,0.703016984963932,-0.00653775977866668,-0.0102406975969074,-0.0110447896553873,0.336751900208396
"NM170506PAR","188","4","12","8",-0.0142792597765551,-0.0301713341110438,-0.0222304109805622,-0.635215764120234,0.00564661975038694,-0.0270406816586435,-0.0871813868360054,-0.0233665065766499,-0.42170603091036,0.023836080767105,0.00760669593642074,-0.00452071929071755,-0.176321775913137,-0.00791401350724682,-0.00769309962530826,-0.00698228871818272,0.0106074540224347,-0.0277471786213158,-0.553848395971811,-0.00299339696405158,-0.00786418930247271,-0.0177031917654112,-0.572615231301202,-0.0472398531233162,-0.0317462337747393,-0.0390924127027443,-0.600764696398774
"NUMEX_BILL_MELTON_FG2012","189","4","12","7",-0.0292730586755912,-0.0349864310477643,-0.0279523316604227,-0.42011489429761,0.00908846536816984,-0.0200832606028899,-0.0710982627298184,-0.0246669037811173,0.00274260136655909,0.0192731630818076,0.0180201059006375,-0.00821478577905971,0.0684845892921089,-0.0273980217000125,-0.00281237439435182,-0.00143151969236903,0.00850862113012423,-0.0240187198468384,-0.0974743292483461,0.0114603149455385,-0.00566497353929368,-0.0196409692965267,-0.203271570649429,-0.0283613039835839,-0.0369332205188284,-0.0422062987216061,-0.216902899103608
"AMERISTAND_803T","190","3","12","6",-0.0236109303977543,-0.0261228750406608,-0.0172993077460704,-0.357886593869968,0.00166252497330044,-0.0191282098543917,-0.0617859142278105,-0.0101765992545511,0.0916744651653033,0.0135763094397614,0.0188805442637931,-0.00991147656442296,0.0551464687551432,-0.0167454313440063,-0.00807409952012958,0.00181577609675426,0.00555242651992624,-0.0255067448398979,-0.0713901479929436,0.00415151158047748,-0.00332706496015016,-0.0317148300391017,-0.271826577661803,-0.0274691006099154,-0.0354044211537228,-0.0471183249599854,-0.249609534894898
"NM1701PAR","191","3","12","5",-0.0301131647715197,-0.0348797798785317,-0.0304074260223266,-0.620539729356686,0.00101566908567638,-0.0214700778615579,-0.0648006438175937,-0.0231482732670897,-0.23124172833917,0.00618167971314319,0.0188132669055817,-0.0176831551420446,-0.099842372094877,-0.0193001024292736,-0.0152005152192329,-0.00265224613051957,-0.0243633453780492,-0.035225915307165,-0.32295148606483,0.00145742593255439,-0.00743984932715463,-0.0411739056434896,-0.406363447867033,-0.0196057013747063,-0.0284156608979724,-0.0645202330860417,-0.215058653603053
"NM170506PAR","192","2","12","4",-0.0189732325467362,-0.0176790936953149,-0.00347997162155467,-0.438275805383011,0.00886590239755223,-0.00766433954423347,-0.0457258404249122,0.00195709004323192,-0.0395900037021669,0.00772476148673902,0.0272493765124175,-0.0053972425852703,0.0752145529084057,0.00844573591731979,-0.00679111776906159,-0.00149586034862501,-0.040124664159905,-0.0272245640047306,-0.18656306468636,-0.000172361248194217,0.00462115750994151,-0.0190966265481637,-0.218277673858924,-0.011217103537644,-0.0195459165789347,-0.0543105986964717,-0.0752460499039154
"NM1702PAR","193","2","12","3",0.0122909789314329,0.0187977668724369,0.0437465950075682,0.793072992014185,0.0151010200927687,0.0168422203752933,-0.0113776031072209,0.0464405681781887,1.1607842354681,0.0155321854407923,0.0484620248856041,0.0230253907029315,0.99464198504873,0.0158206540111869,0.0123288059084267,0.0211233476631809,-0.0502031664677671,0.000971822652871028,0.786722701401866,-0.00725379400315679,0.030767006558147,0.0240472412988835,1.02954344937773,0.0121549634613103,0.00186620894058482,-0.0287268161871524,0.763213370649629
"NM1713PAR","194","1","12","2",0.0104504372314931,0.0123819873223505,0.0440712918803937,1.13339862118683,0.0177305585812038,0.0188383550208553,-0.012892963382458,0.0407444746623115,1.44500773231926,0.0252172197531024,0.0490887495044588,0.0184718197889574,1.14366963173542,0.0201873288936641,0.0089381810653481,0.0258737977115403,-0.0529417775363321,0.000736914443235369,1.0794390764717,-0.024077359166578,0.0401027550347006,0.0262522096990803,1.2710765858931,0.0153246343369825,0.00149219599347472,-0.0134366406612329,0.730537644973413
"NM1705PAR","195","1","12","1",6.06746940862838e-05,-0.000519751268200652,0.0262149089109384,0.740566722935934,0.0168830174512358,0.0128359878197713,-0.0171078747637717,0.028233936584986,1.22080237261797,0.0198522449489976,0.0433540293271755,0.0228495098708877,0.966434830341594,0.0226754598402748,0.0124104862814579,0.0373260396163966,-0.0237985115895584,0.000322882326581883,0.854630638070641,-0.0305586158264163,0.0330172991028135,0.010239030589496,0.939459900675703,0.00122105947436888,-0.0106996216391325,-0.0154997788011638,0.379380955423006
"SW_9812","196","1","13","1",-0.0204265885879243,-0.0289641175364915,-0.0287093650338892,-0.638521708308172,-0.00646104547109555,-0.0311855660499315,-0.0843929423035719,-0.0314275373189093,-0.723549593413495,0.0118472228818009,-0.0055235001097272,-0.0257102978971565,-0.270955670177864,-0.0197316680321536,-0.027357801607763,-0.0390177576107327,-0.0440530510096921,-0.0213482744748802,-0.725012912705343,-0.0488271500564471,-0.0163072132739224,-0.0441974738518983,-0.723182627757274,-0.0600444166135364,-0.0350575459234149,-0.0452208626772649,-0.634243725269554
"NM1712PAR","197","1","13","2",-0.0297053665998063,-0.0280230232502595,-0.0232408449637573,-0.202892726503747,0.00497907275955115,-0.015150031413896,-0.0597383452809963,-0.024653858671485,-0.0238301873092876,0.0213462856376139,0.0125290723329129,-0.0160607728666013,0.1746219335315,-0.0211920067447802,-0.0144457320494422,-0.0209643264464849,-0.0273134345817164,-0.0114429146775854,0.00286940949071471,-0.00520957786760879,-0.00656956248628614,-0.0253710246037943,-0.0730942058559056,-0.0337376830537398,-0.0349383280344895,-0.0363395568099529,-0.0973647920200448
"AFX_779","198","2","13","3",-0.024805380610074,-0.022509553009381,-0.0196499143090135,-0.162650239737505,-0.00146390073203108,-0.0121579890817899,-0.0531776126145979,-0.0166713148011938,0.00956383899300616,0.0151612989940889,0.0129849993694436,-0.0193525895284977,0.126007219114988,-0.0330605447423231,-0.023587098465126,-0.022261857010588,-0.0393478934220664,-0.0163704529127703,-0.0257937917706121,-0.0262718779728476,-0.00862692999173756,-0.0309058368170362,-0.17199414512506,-0.0326852409455944,-0.0334422596913225,-0.0363980178598063,-0.13197477831993
"SW_8421S","199","2","13","4",-0.0355825157555621,-0.0362027267211368,-0.0395344807454883,-0.393007721943009,-0.00149422439926541,-0.0159744879821229,-0.0622035023227287,-0.0323777946191121,-0.235163959245961,0.00393688283317576,0.0109626710368875,-0.0261249155799771,0.0159349197933856,-0.0264493993794836,-0.0340286006392131,-0.0321442076592301,-0.0359601396306422,-0.0257570212210364,-0.230872383431261,-0.0324985815443078,-0.0129049338404174,-0.0355321670330617,-0.256328119084717,-0.0230067066718655,-0.027024750859262,-0.0537545393894261,-0.0847255543289179
"SW_1011","200","3","13","5",-0.0274690107982189,-0.0209424694053697,-0.0171228727570075,-0.156215990076911,0.00530308267430901,-0.00178787321156611,-0.0460099974982736,-0.0130163072124545,0.0363052957172276,0.0079015462316551,0.0202890678161833,-0.0156854702768627,0.257351329919893,0.00481025024997829,-0.0282110733004545,-0.0381199435377046,-0.0214708934329037,-0.0196292456082626,-0.0232110672479356,-0.0320165301343724,-0.000530831629924349,-0.0222809464491514,-0.0820222409868024,-0.0129514563232526,-0.0186641734804394,-0.0501668817373882,0.0358758222713433
"SW_9813","201","3","13","6",0.00559319311430198,0.0165831786968039,0.0414882192492793,1.21750378147351,0.015260947544796,0.0241657587074946,-0.00808093156728958,0.0366896177876023,1.36112777777027,0.0178330464984968,0.0425802706783542,0.0161705510002507,1.23536336225176,0.000495944065308045,-0.00274916151016595,-0.0064649577249699,0.0179756245218804,0.0113529499684014,1.10296845198327,-0.0257994593235802,0.0287850180338073,0.0227720484463186,1.24493844976815,0.0121711521390974,0.00233546215045681,-0.0336406775481666,0.869336170971226
"SW_9812","202","4","13","7",0.00242447741141853,0.0101196771939525,0.0403642198655405,1.44787661908507,0.0213220067456704,0.0258642744145543,-0.00969025398993024,0.0296464926828562,1.59458776633798,0.0305106290797454,0.0460733542768706,0.0125733341286222,1.34653660373337,0.012118998642439,-0.00055936864288913,0.0157003741281676,0.0294591260112473,0.0120148759600293,1.34724941387293,-0.00954707324133127,0.0401473829116417,0.024755528568102,1.42997164082436,0.0153976009567303,0.0012175390634682,-0.0220252934817617,0.783345897128124
"DONA_ANA","203","4","13","8",-0.00594237715919053,0.000228679779753821,0.030333938754512,1.11064609253429,0.0229795693219336,0.0209023951460578,-0.0111434195528445,0.0207793732522192,1.39317338729032,0.0274973435115379,0.0445540879586976,0.01786958150259,1.17806363658751,0.0203963285643348,0.00654416227841765,0.0343992392691845,0.0343112386818593,0.0143228583812249,1.19407818501691,-4.88191924832036e-05,0.0381259587785462,0.0132069998000323,1.19008949005113,0.0023255648501277,-0.0106760261700074,-0.0267230812027157,0.420366122164856
"NUMEX_BILL_MELTON_CA_2019","204","4","14","8",-0.0152160576460265,-0.0176810459118234,-0.0335080434319192,-0.649607091346542,-0.0116639190916496,-0.0393037771772823,-0.0728138927991309,-0.0306667654432694,-0.586135578134895,-0.00846719713466395,-0.00964664320373289,-0.0286871151270934,-0.221423754742652,-0.00933098736744311,-0.0260924754769639,-0.0321901040526984,0.00159378349690431,-0.0109825902449494,-0.634882409404181,-0.0447684653394103,-0.0120382341069155,-0.0415097783112502,-0.729467448782089,-0.0631329686301377,-0.0304105900625719,-0.0467044776040705,-0.524705404611
"NUMEX_BILL_MELTON_CA_2019","205","4","14","7",-0.0283542251716361,-0.0215070910075602,-0.0317206487697691,-0.280896103412967,-0.00564710643557121,-0.0283826267091062,-0.0515359115825956,-0.0316983413135356,-0.0359537235924869,-0.00166807351685065,-0.00144161560768853,-0.0304086600798455,0.0743441641083822,-0.0200779711795569,-0.0259738787242112,-0.0287331016471871,-0.00160610663810301,-0.00705719392341123,-0.122251993200709,-0.0310507463664273,-0.00974745525347524,-0.0358531954947642,-0.228880635497855,-0.0451407036880638,-0.0349334210115626,-0.0454442828642163,-0.122572189799248
"NUMEX_BILL_MELTON_CA_2019","206","3","14","6",-0.0234793906477863,-0.0164461982914873,-0.0265140503242099,-0.230585061041754,-0.0109267617905688,-0.0248193469685335,-0.0479796208980584,-0.0288389619431692,-0.0680327299122623,-0.00105658737519028,-0.00235104236201487,-0.0360549674720496,-0.00874597711656868,-0.0304732417839917,-0.035911468693037,-0.0308055252671802,-0.00667256281207532,-0.0169979764115707,-0.182876535285453,-0.0431242228235277,-0.0159761850955216,-0.0388098959460216,-0.335475023784472,-0.0468653893228808,-0.0344999407336376,-0.041979917240454,-0.146073237329123
"NUMEX_BILL_MELTON_CA_2019","207","3","14","5",-0.0350979400371297,-0.0300408921485874,-0.0404552777451382,-0.445513541368867,-0.0130558630556131,-0.0311815469944966,-0.0617651867039246,-0.0413583447674404,-0.339864892055884,-0.0136665247782156,-0.00609495322422515,-0.0415616878856266,-0.083678448116385,-0.0173174204468335,-0.0440190545941242,-0.0408127812808244,-0.0390943001239725,-0.0280929757145534,-0.366046820889387,-0.0461948521107724,-0.0180952840127123,-0.0381511717274768,-0.407042599881658,-0.0365795492333255,-0.0285929778684799,-0.0534025343523196,-0.0639120616162532
"NUMEX_BILL_MELTON_CA_2019","208","2","14","4",-0.0285834419595636,-0.0139478508529989,-0.0123600561632363,-0.221860877739177,-0.0117532811368953,-0.0196842921902178,-0.0464523311877778,-0.0185139746741625,-0.0864675658853073,-0.0102984865397877,0.00224143187484798,-0.0332846714418461,0.136319845895906,0.00644282411135034,-0.035806031168258,-0.0438222224618453,-0.0618399915510022,-0.0253805454128424,-0.148974769651804,-0.0409198893884034,-0.00509955012029036,-0.0316829658071442,-0.326773625930273,-0.0279491240889046,-0.022131307519725,-0.0527393373227575,0.0114043769368612
"NUMEX_BILL_MELTON_CA_2019","209","2","14","3",0.000656638440156389,0.0207353287041502,0.0537285518679538,1.08763387486214,-0.0027268590691135,0.00128891901002507,-0.00899620422196797,0.0316906284602966,1.10824922593829,-0.00590906034021505,0.0183265256941737,-0.00310237788518321,0.979139933896693,-0.00951440319715826,-0.00969785955684154,-0.0130716398262479,-0.0610503805106378,0.00284727953734624,0.897397369629664,-0.0299872906055699,0.023735615720845,0.00991679962784839,0.901379619663084,-0.00628970744088982,-0.00340434226826765,-0.0491228600541796,0.794648537941757
"NUMEX_BILL_MELTON_CA_2019","210","1","14","2",-0.0117311540371656,0.00724008599169613,0.0359692519277606,0.97931002534283,0.00034094876825236,-0.0032200858309081,-0.0129684187041161,0.0185621419564502,1.07026962563831,0.00442588324315872,0.0186918721414966,-0.00978055848777533,0.935796903760149,-0.00148123912957569,-0.00847261403416017,0.00903284972372764,-0.0646322257415019,-0.000353210457696857,0.930254692255583,-0.00957510900232478,0.0318528723092784,0.00267688562562439,0.868198684640908,-0.00877299206222137,-0.00754906262809639,-0.0548428130735072,0.586817705504125
"NUMEX_BILL_MELTON_CA_2019","211","1","14","1",-0.0212981582894877,-0.00309913182024947,0.0265265597699365,0.619433509373356,0.00573991702953597,-0.00741812560587482,-0.0104540525990897,0.0115303344573253,0.836931493834376,0.00452161724084039,0.0183926733807234,-0.00141649163823932,0.748288194108495,0.00898090195924777,0.000809597085017117,0.0248806034616569,-0.0500593936076044,0.00245421024064305,0.77360599104291,-0.00166238882527655,0.0310869160016259,-0.0043730582167644,0.648033735336945,-0.0202728766908078,-0.0180161175976531,-0.062748794767911,0.224258725841106
"NM1701PAR","212","1","15","1",0.00247921969098901,-0.00584484579487533,-0.0282780823924023,-0.31586902051967,-0.0107879175856965,-0.0186623451994916,-0.0447904561708607,-0.0120670376777865,-0.278326430032827,-0.0174227493169814,0.00373417014747253,-0.0243630728046977,0.00207342016923956,0.00451488352798614,-0.0166545227553716,-0.0230535259988259,-0.0273919311357776,0.0246418775252608,-0.439620549232382,-0.0427268201775185,-0.00472210402532625,-0.0201207808344243,-0.591662264748319,-0.0584954841188732,-0.0243286721951781,-0.00866404690660861,-0.375892420258977
"NM1715PAR","213","1","15","2",-0.0125370713345763,-0.0106336031325606,-0.0131846784007219,-0.045069659963458,-0.0066058882223362,-0.00941935758757249,-0.0247733588114359,-0.0116871914523848,0.209007775709135,0.00623979018076919,0.00926510448689267,-0.0271316317700195,0.233212841617637,-0.00997043520142264,-0.023337237785594,-0.0272192609159137,-0.0410405888937837,0.0256509479973883,-0.0119077894791003,-0.0341389998646262,-0.00467669777001727,-0.00929068475329681,-0.116972490856027,-0.0457351039175411,-0.0318273241008264,-0.00983667155409212,-0.0543258754695063
"NM1703PAR","214","2","15","3",-0.0104129702420637,-0.00567839744013747,-0.0107986487002134,-0.0506568109642003,-0.00810485722411374,-0.0058506387995005,-0.0263045453612161,-0.0179911787472968,0.125320578798629,0.00379335316885623,0.00852567580377267,-0.033584678703402,0.13243303442206,-0.0155846978339605,-0.037600969851894,-0.0335955077377128,-0.0344346098633283,0.0109052846955975,-0.0969937840286027,-0.0433411164859529,-0.0158110421717148,-0.0128765283022189,-0.270396087763174,-0.0503962141806467,-0.033182280398203,-0.0170342862262243,-0.0907380995527925
"SW_9812","215","2","15","4",-0.0211211462029812,-0.0186168128044326,-0.0248141393711212,-0.194918899963294,-0.00959049334403316,-0.0118286400561304,-0.0460531105846023,-0.0299244161464929,-0.0775101173085526,-0.020367814552655,0.00343165350777788,-0.0353329392376446,0.157174486703783,-0.00260368964349182,-0.0441767285059134,-0.0406463327813402,-0.0287982538518842,0.00087305633284333,-0.11351732399406,-0.0431555788510059,-0.0155689062460714,-0.00734049571532766,-0.202550774862142,-0.037819026207623,-0.0264374603146909,-0.023864463887751,0.0726691636363426
"MESQUITE","216","3","15","5",-0.0192850488169669,-0.00828770887079689,-0.00890848652591173,-0.0286723832871395,-0.0125839918799591,-0.00487424520442393,-0.0384483070866593,-0.0186408761990899,0.100584162839519,-0.0188880147069555,0.00924115546831926,-0.033362172740797,0.369040616960598,-0.0140918969088954,-0.0406668370702035,-0.0418962690752613,-0.0258412025515441,-3.64294554379634e-05,0.095530481121058,-0.0417789524627518,-0.00467858362313643,-0.0236654952466328,-0.181616615876243,-0.0312480178251911,-0.0220884822012922,-0.0307680848264192,0.117156683356637
"SW_8888","217","3","15","6",0.00277984310013669,0.0156768969391659,0.0485541846677201,1.15259162878075,-0.00380642001166015,0.0093268375193623,-0.00614525562990934,0.0227013053426531,1.07691655101777,-0.0157805456721111,0.0206206053236549,-0.0108498417175095,1.02860423420097,-0.0188174500996383,-0.0209312028396878,-0.0132813535394721,-0.00438817096280712,0.0209544888010546,0.945095593831799,-0.0295680902187182,0.0199529184272388,-0.00137342574074044,0.873578571871338,-0.0149891628395696,-0.00640612562949232,-0.039221396122062,0.818019994090183
"NM1705PAR","218","4","15","7",-0.0179621439480949,-0.00675793542235113,0.00647482206195529,0.768334426493416,-0.00309697267138836,0.000385164694787128,-0.0141801066057634,-0.000460866835157106,0.834740669487763,0.000334282147592195,0.0211358698900972,-0.0221747094761082,0.832571508341088,-0.0174573204036037,-0.0239316695326031,0.00207750448269855,-0.0124579114735973,0.0138719751818259,0.763219017684774,-0.012618991876919,0.023097439192262,-0.018046026956618,0.606484326129234,-0.0231941425064237,-0.013399338218774,-0.0576023200173002,0.489597552101047
"SW_1011","219","4","15","8",-0.0257090954031087,-0.0130656673791482,0.00495410427649984,0.473196236243916,0.0024446581829835,-0.00309442094887891,-0.00551915460133436,-0.000808755327601708,0.675733573050693,0.00544084892303992,0.022914308282404,-0.0107062120946767,0.668872528815465,0.000727890436005527,-0.00770009133640312,0.0229635262293576,-0.0102981403705866,0.0177240517216527,0.635242269870961,0.00277113481522163,0.0244340511703873,-0.0158169959294274,0.448836396010108,-0.0320706362954245,-0.0206751559885735,-0.0597351770628581,0.156576373192196
"NM1715PAR","220","4","16","8",0.00160208108369558,-0.000984965434459465,-0.0216388046934532,0.0479151019743268,-0.0285300365501265,-0.0119008577344633,-0.0353224266337511,-0.000265875459941408,0.0484150037277797,-0.0217482866135944,0.00943921493705767,-0.0211747417169413,0.189247623906909,0.0202745025195036,-0.0065428631506028,-0.0104752886312501,-0.0408520988132968,0.0530776462845444,-0.188142826027431,-0.0166031343035948,0.0084546256994018,0.0202421676490883,-0.446304118451015,-0.0525285583996912,-0.0160079574506504,0.019933324638563,-0.241934752700082
"MESQUITE","221","4","16","7",-0.0176145815753376,-0.00956396064581923,-0.00826103856086852,0.319749381953416,-0.0274315028446516,-0.00640419416710559,-0.0186893153820609,-0.00775335746291395,0.542048223312756,0.00509998130883913,0.0107094210634726,-0.0271275318159373,0.406804659844978,-0.00101884434497045,-0.0204977548637321,-0.0251570961415921,-0.0248344459827647,0.0510636560286787,0.174479213574511,-0.0202781928941301,0.00552092745282188,0.0288985782952209,0.0101651689889687,-0.0444005802017742,-0.026479369342293,0.0145117815384702,0.0335995931292715
"NM1712PAR","222","3","16","6",-0.0170009658342246,-0.00385601029110952,-0.0017230459184621,0.35698138656546,-0.0312273424751788,-0.00349787768172528,-0.0198571067905337,-0.0124607531091458,0.494873071231522,0.00462593615698276,0.00945328300610029,-0.0339249642865128,0.324512892462974,-0.000238656159649639,-0.0362931534863317,-0.0361497458003625,-0.0221273675467339,0.0342899521338293,0.0597192818266073,-0.0321471206755822,-0.00855038676959446,0.020884959682138,-0.155428699128301,-0.052762662559483,-0.029142521916043,0.00495607995109733,-0.0150069061297586
"NUMEX_BILL_MELTON_CA_2019","223","3","16","5",-0.0257600468412806,-0.0164050030951152,-0.0120638001789684,0.315784341931456,-0.0312381058657528,-0.0100616217492355,-0.0419887073842431,-0.0189612902042184,0.420782912568183,-0.029373189201727,-0.000145592251382572,-0.0317354690181471,0.436087389013605,0.00277884365974659,-0.0430514947317016,-0.044571135542065,-0.0206879015460758,0.0287502904727582,0.161462095225062,-0.0380691032269503,-0.00399693961059239,0.0217181219262664,0.0297080523096359,-0.0378900428942544,-0.0226958662134908,-0.00150750502583422,0.197068239604659
"NM1704PAR","224","2","16","4",-0.0233363956409778,-0.00674570635888833,0.00234290568742302,0.489122001961717,-0.0363912218995242,-0.00629124798567251,-0.0350589617730783,-0.00730426432016681,0.634005298107506,-0.0258386270333043,0.00538842286237598,-0.0279149504250139,0.646857259201589,-0.0357931002268613,-0.0377556666881245,-0.0372167099872684,-0.0188023812870142,0.0326103364229195,0.414396588961906,-0.0276174144585978,0.0109475955193914,-0.00576097538652561,0.0608749948896673,-0.0290514906115308,-0.0175488618435833,-0.00905494425304022,0.258704139261888
"NM1701PAR","225","2","16","3",-0.00533209723692675,0.00912589377006737,0.0526946111941451,1.51669102477064,-0.028749689055205,0.00227921649854919,-0.00710043068030633,0.0278274374357063,1.37829694534578,-0.0259953288319727,0.0117737449394435,-0.0116014986487386,1.08679790265732,-0.0479434109929327,-0.0252845517576606,-0.0140785396620199,-0.0211070634855776,0.049990055180166,1.04088082713929,-0.019636453513842,0.0310503355306516,0.00467621615442167,0.979027248243038,-0.0160888779888436,-0.00369760309272472,-0.0138111341779,0.894539206951401
"NM1702PAR","226","1","16","2",-0.0288880253132046,-0.015510490333627,-0.000129956265422992,0.895399840713679,-0.0287895797779237,-0.00843971796120192,-0.0160994320950431,0.000766555823028272,0.951326136368834,-0.00818767580409944,0.0132510294082903,-0.0235336682429891,0.763705578634543,-0.042744924937829,-0.0328079804486349,-0.00726945543278267,-0.00939746981794662,0.0432570791705912,0.681941949123215,-0.00515338712868094,0.028586416904403,-0.0134492672873071,0.583376350103101,-0.0271648062986343,-0.0117774633519803,-0.0245297968411505,0.505804983049417
"SW_9813","227","1","16","1",-0.0334954787898846,-0.0177563999776389,0.00477160219385088,0.561008876566858,-0.0210022028473019,-0.0109441381393349,-0.00181679608151532,0.00607905732393512,0.755020536773235,-0.00296652066741691,0.0127103721253843,-0.0135784884838552,0.557037009429195,-0.0190931694599987,-0.0142026308956926,0.0134658053388169,0.020034708092007,0.0474746805997728,0.464491130858593,0.000723022228117355,0.0271699889487422,-0.0044096672896829,0.377661125002026,-0.0362839685343773,-0.0169939098830463,-0.0200012122616683,0.163648998766093
"NUMEX_BILL_MELTON_CA_2019","228","1","17","1",0.00394039365781842,0.00975411789273295,-0.0077968113862522,0.647142547959884,-0.0688732677163756,-0.0111675944422715,-0.0206301763737088,0.0124966342358934,0.402792930677641,-0.0347605833572225,0.00957617069073367,-0.021424589554174,0.439003657837466,0.0340679196577806,0.00290972357840435,-0.00164505442007151,0.0125080774708835,0.0792336701445564,0.206030976861713,-0.00203132187585955,0.0224835625667195,0.0326129558742743,-0.0888159928247289,-0.0498792327385676,-0.0151090212247955,0.0416624591314792,-0.13339555392834
"NUMEX_BILL_MELTON_CA_2019","229","1","17","2",-0.013227460604641,0.00432175593035032,0.0135513069757892,1.01517625573611,-0.0695597854930676,-0.00681679010262681,-0.00770614714922044,0.00531206130684387,0.951417067769004,-0.00722156108644561,0.0104172918832988,-0.026368911768285,0.67239567355504,0.0200147506425955,-0.011304102538835,-0.015903537818444,0.00352136162038533,0.0769825374455915,0.528315542469165,-0.00604516314503656,0.020201382425482,0.042316468878886,0.424677489146762,-0.0426242737967358,-0.0265997821170863,0.0411955824176847,0.117754358393031
"NUMEX_BILL_MELTON_CA_2019","230","2","17","3",-0.0113370555469713,0.0147366468060066,0.0279806058886423,1.10810827822005,-0.0725158421574968,-0.00354980340736448,-0.0110610658545407,0.00312850155868322,0.915338186184421,-0.0109109374125908,0.00964934772329273,-0.0302902784679006,0.581477754015051,0.0127528182325454,-0.0297790221457458,-0.0323331160104868,-0.0133196451830126,0.0622051810499396,0.294601742841718,-0.0378122514979546,0.00291730642830299,0.0295525063614958,0.22940947854368,-0.051002066905238,-0.0280061805667106,0.0359760697841996,0.0657655078602278
"NUMEX_BILL_MELTON_CA_2019","231","2","17","4",-0.0171222853645281,0.00518618891417648,0.0277125915284231,1.17657447203478,-0.066100593860505,-0.00666021916997434,-0.0363996805888562,0.00364403691211922,0.992750933727549,-0.0435714710661308,0.000725313756931637,-0.019057709753761,0.839991182107285,0.00278198120647858,-0.0331445784302838,-0.034134629485759,0.00386925219347708,0.0668962342535459,0.593717099097714,-0.0321340103688728,0.0141805265559363,0.0390031262942827,0.629789572448681,-0.0301157782370796,-0.0185881676896853,0.0376790310369566,0.380096529623573
"NUMEX_BILL_MELTON_CA_2019","232","3","17","5",-0.00943317015598481,0.0186891305502919,0.0493020626757112,1.45350681383513,-0.0642261515261748,-0.000215266564573377,-0.0278534376598761,0.0196528807659553,1.39015708453577,-0.0306753714981171,0.0124532563778241,-0.00596234607019345,1.18239567239465,-0.0362478411481215,-0.0192136158266202,-0.0100719138669318,0.0230027331200624,0.0813174351416689,1.07938548350495,-0.00275803051682649,0.0354677741448537,0.0181291237709272,0.872155673810778,-0.0158180577702992,-0.0102662757104614,0.033171811442283,0.559272193616149
"NUMEX_BILL_MELTON_CA_2019","233","3","17","6",0.00945565101464397,0.0317539234438402,0.0926592470715258,2.50265811289241,-0.0570947502840772,0.00607283569499436,-0.00585147758759496,0.0468775226115788,2.0537962839109,-0.0321814879447391,0.0192004101276574,0.0065066078794858,1.50624293309993,-0.044332469133513,-0.0100934743845903,0.0142770083413308,0.0320908583600813,0.0987938199209861,1.64657672585433,0.00671809987039648,0.0497331951142487,0.0194701523882195,1.75728803290862,-0.00284085215181421,0.00308641193169562,0.0351611709111566,1.23559521845434
"NUMEX_BILL_MELTON_CA_2019","234","4","17","7",-0.0180487522550073,0.00107868257965458,0.0239360802083355,1.54722306377998,-0.0620940923789326,-0.00905764414180632,-0.0244670118520394,0.00589097759774801,1.25430924982422,-0.0154760409847697,0.014444085269678,-0.0170485937403251,0.941485714459622,-0.0414149435519536,-0.031270976233488,0.00135144948987742,-0.00222251322193944,0.0883244762308963,0.915552881403377,-0.0109918792942474,0.0322264160732007,-0.0185340320780956,1.01580259963398,-0.0211195188645196,-0.00866940420518966,0.0273360956118293,0.673619265042036
"NUMEX_BILL_MELTON_CA_2019","235","4","17","8",-0.0236867251269068,-0.00409665227434637,0.020369023320837,1.08565882419179,-0.0551310801047771,-0.0129584737192599,-0.0147911229950992,0.00181567884387458,0.9190991745571,-0.0153487777509141,0.00696069337819567,-0.0174811398991684,0.634672697209026,-0.0253087911612124,-0.0193630571468389,0.0131480488256458,-0.0173619745381915,0.089912426687069,0.535578937243698,-0.00956071329740713,0.0244108881476581,-0.0175396711264156,0.672985593602684,-0.0326454146210062,-0.0144558657011841,0.0287571515529366,0.276798629852669
"SW_9720","236","4","18","8",0.0305275575807536,0.0278608362784922,0.00440104049370709,1.19683155346302,-0.0747500742219327,0.00271052877590972,-0.0012596027360302,0.0230111323871865,0.993925225699097,-0.0552988560991423,0.00197496543776747,-0.00774914347295286,0.731804566217505,0.0615433496854721,0.0169750881245516,0.0311032695125915,-0.00359260397262729,0.11213157964111,0.597793402718557,-0.00451276407290629,0.0376657245991123,0.0360115867653823,0.236368090345226,-0.0290522592305226,-0.00437632847126138,0.0681588561308109,0.0208287165553715
"NM1701PAR","237","4","18","7",0.0174902835781551,0.02490232687044,0.0297020371503208,1.69410096053682,-0.0775944566295071,0.00748839102285326,0.01098817753948,0.0195502398291273,1.66746185990578,-0.0430398226453324,0.00351527368580982,-0.00827139340938631,1.05155864053958,0.0446962748893698,0.00671638066418051,0.0237689000073321,0.00917465554537675,0.112045388914684,0.982320946909205,-0.00463002762863156,0.0408521789557198,0.0442259643797431,0.821072854479159,-0.0201277372786439,-0.0137820063169643,0.0745558902252839,0.292758913939251
"NUMEX_BILL_MELTON_FG2012","238","3","18","6",0.0215379417734589,0.0359810853179619,0.043282236767656,1.83721980706517,-0.0821448654173653,0.011842483368704,0.00690724837937373,0.018766048147317,1.65662050605535,-0.046514288929874,0.00588840181947599,-0.00900026148811356,0.992219065958048,0.0320599653648155,-0.00987897639951991,0.0089371745111324,0.0341561606118505,0.101187581236538,0.733185604856249,-0.0388997577568208,0.0265637374013844,0.0333511105657248,0.659801494123041,-0.0259181081860737,-0.012842129157295,0.0780293092168429,0.292737110568118
"SW_9812","239","3","18","5",0.0180996037422898,0.0270098294049562,0.0477160367698309,2.00294840995305,-0.0753129582220291,0.0123493886914806,-0.0183165886776109,0.0250412527655005,1.87728946186918,-0.0570794027539586,0.00339060667912926,0.00609093556698063,1.36370075887403,0.0149305760388024,-0.00642013584397147,0.0180106089420057,0.0465479691303928,0.110355294743322,1.1801747023238,-0.0180963682598663,0.0421585755180922,0.0474733079230025,1.17315953534515,-0.000918549391961439,-0.00154812556830452,0.082627269623828,0.705200230835856
"NM1705PAR","240","2","18","4",0.0265334982148585,0.0409894188242032,0.070604996363406,2.3593347427196,-0.0721135485219961,0.0172232163943393,-0.0104442470450282,0.0413626945138969,2.3498574364999,-0.0440656517866999,0.0150669056364974,0.0231765718649772,1.75146058887037,-0.0164393609132645,0.0100254769333167,0.0421550765821006,0.040172501948024,0.129440177015532,1.75513778522446,0.0259298971281482,0.0630519787648867,0.037953122805146,1.46087957335302,0.0141913993140507,0.00783512478397564,0.0795492173223141,0.956864507813828
"NM1713PAR","241","2","18","3",0.0416140802868747,0.0501659588270545,0.110503133941591,3.33090674237102,-0.0705884527877916,0.0156637558378982,0.00259589218562144,0.0587768521655781,2.78116591505516,-0.0640371898189569,0.0125505792300251,0.0270533486077126,1.88040856799324,-0.0397495928181983,0.00929069105975921,0.0495573866889677,0.00683673844128223,0.146773409530782,2.08911874502828,0.0161637077662653,0.066379375726216,0.0363907521036359,2.07234049670308,0.0225850532125493,0.018684266337533,0.0845488789026562,1.55392407017208
"SW_8888","242","1","18","2",0.0120521469171491,0.016039544745758,0.0438625628075664,2.24292769979563,-0.0809307536084718,-0.00383601297046136,-0.0246317895380013,0.0109825167786975,1.80225467568278,-0.0530903333666304,0.00239470948946562,-0.00225338271056904,1.23416350926603,-0.0417104151078461,-0.0182427685030222,0.0249060114420278,0.021975865891298,0.137252507155002,1.29441613071324,-0.00814789675812146,0.0435271607714294,-0.000276671330985363,1.23928311531555,0.00121753346668672,0.00538663904287815,0.0807567813980388,0.918617593705861
"MESQUITE","243","1","18","1",0.00332619996334077,0.00646552578413944,0.0336335094956415,1.73188345754807,-0.0762687004815301,-0.00953582564937596,-0.0206133864174705,0.000989526165536877,1.40162238010194,-0.0525641461340378,-0.00599707472671367,-0.00753534317768175,0.942226716963435,-0.0376575532628363,-0.0107057205374958,0.0284973001250525,0.0213907727113692,0.138701104965526,0.928745530132752,-0.00369099095078119,0.033374392706255,-0.00370335382220171,0.893099051682375,-0.0114057210681943,-0.000359161704052034,0.0817073233437294,0.511496389700652
