"Germplasm","Plot","Rep","Row","Range","ndvi_145","ndvi_152","yld2","ndvi_160","ndvi_165","ndvi_173","ndvi_179","yld3","ndvi_187","ndvi_201","ndvi_206","yld4","ndvi_237","ndvi_242","yld5","ndvi_257","ndvi_263","ndvi_278","yld6","ndvi_293","ndvi_299","ndvi_307","yld7"
"SW_8421S","100","1","1","1",-0.0326953055741523,-0.0301494909420039,-1.10493756684983,-0.200038603689835,-0.060171479445354,-0.0267465617588445,-0.0490973830033923,-1.17630273606737,-0.0455146872781787,-0.0287323698677393,-0.044942808554763,-0.907801951367015,-0.00817269937540729,-0.0120990968775397,-0.593550950275293,-0.0223577597435017,-0.0241858054378062,-0.051695325102783,-0.464484037573309,-0.0276895402151226,-0.00287765403647799,-0.0112436465056759,-0.120421745968572
"SW_1011","101","1","1","2",-0.0565868217082439,-0.0560030056276276,-1.62352093138857,-0.22804006069458,-0.0467574543407114,-0.045108948931112,-0.067049429926619,-1.52150637832537,0.00966457231701673,-0.037066745832923,-0.0458006047762101,-1.14561267767568,-0.00747152137568838,-0.00306301225375816,-0.646614061718148,-0.0396040594275063,-0.0226375220905444,-0.038688264831296,-0.65026839797478,-0.0247318130353744,-0.0100118259473859,-0.0189249156040783,-0.251810113954374
"SW_9813","102","2","1","3",-0.0676604982639451,-0.0663251416796517,-1.8602920634473,-0.24552207105431,-0.029364482108069,-0.0530318211670785,-0.0745419934217501,-1.70519311080815,-0.0320718437754567,-0.0540028563076879,-0.0443722580052726,-1.19396366434996,-0.00891878678947877,0.00552776718635069,-0.665502507877581,-0.0255378651453045,-0.0174027954273346,-0.0328980478193591,-0.64506970803569,-0.0237708507573809,-0.00358481939992385,-0.0176194979517073,-0.348808920896412
"DONA_ANA","103","2","1","4",-0.065102209301351,-0.0647324891277981,-2.10800731082822,-0.254917032619019,-0.00936686558178565,-0.0523312163519609,-0.0787299570859592,-1.9290561901603,-0.0717513247647691,-0.0407682698687359,-0.0411274579788357,-1.29037110067492,-0.0123445026864401,-0.00296426398840152,-0.883921904093085,-0.0315171935680453,-0.0197554305335594,-0.0451959300120254,-0.938203396192823,-0.0525509069622759,-0.0135362384144665,-0.0355864686094677,-0.638588209588776
"NM1715PAR","104","3","1","5",-0.0698539724708709,-0.0812674205860604,-2.45852362560746,-0.229397105833894,-0.00813421231460698,-0.0613768683550581,-0.084147772182907,-2.29795916217485,-0.0714198872014234,-0.0760357844296155,-0.0500590794648471,-1.57469288358177,-0.0382751456581003,-0.024556958360062,-1.32302726875885,-0.0369801342780527,-0.0305400575961104,-0.0558434068264109,-1.2003696156301,-0.0668079360908501,-0.0267428403877407,-0.0415764130101886,-0.966635661045665
"NM170506PAR","105","3","1","6",-0.0552300702581006,-0.0535336818910074,-2.12492106870554,-0.239944032436188,-0.000373062214087983,-0.0389881693919931,-0.0615427916237475,-1.89845225578952,0.0370604138484187,-0.0557497877330353,-0.0475627811336527,-1.45969929496382,-0.028176108992876,-0.0336780053723035,-1.42526093160697,-0.0259872606835684,-0.0276215456464533,-0.0414290244719912,-1.16634696884212,-0.0597757330108482,-0.0198312344115789,-0.0318396799931389,-0.841834929259117
"NM1704PAR","106","4","1","7",-0.0357621785679426,-0.0235169518951317,-1.32825325932554,-0.245925821976575,0.000227511565821005,-0.0197227192331817,-0.0394394362998695,-1.26222653734979,-0.0247051239050353,-0.0240407303102217,-0.0384757704660994,-1.04017522231841,-0.0312732827636331,-0.0248380978799904,-1.01041649960061,-0.024902315894358,-0.0221680091801283,-0.0138193544661686,-0.756724022574264,-0.0503665512861733,-0.00576599675157533,-0.0177074663398398,-0.385172978087105
"NM1712PAR","107","4","1","8",-0.0309316796441108,-0.0140248787664754,-1.51921031244913,-0.201335229180593,-0.0039233604635143,-0.0236754443502827,-0.038171833486732,-1.3114275814644,-0.0106896768627773,-0.0125047908156139,-0.0375751665774025,-1.05664491874818,-0.0398611251393814,-0.0217259232779675,-1.04069132119766,-0.0350778067490442,-0.0194225166161121,-0.0109390906188274,-0.859346221519488,-0.0532741340395565,-0.00317251110965697,-0.0225696339884948,-0.466107164684906
"NUMEX_BILL_MELTON_CA_2019","108","4","2","8",-0.0157210400882244,-0.0124603510581345,-0.69800502794686,-0.0548965931713357,-0.0435615678464112,-0.0225017078976347,-0.0304428060215774,-0.750530524766181,-0.0138525110979447,-0.0196894250007399,-0.0378771649902006,-0.601164094939899,-0.00659477343397278,-0.0298588495513843,-0.379429477705614,-0.00286410504419991,-0.0154261700267872,-0.0376104778367876,-0.306011304922691,-0.0166682573327704,-0.00436546508517656,-0.0165484601471248,-0.0892421298262133
"NUMEX_BILL_MELTON_CA_2019","109","4","2","7",-0.0384230043370063,-0.0382660660657315,-1.14399499398819,-0.128582787685556,-0.035049218284522,-0.0408532567171434,-0.049918610056116,-1.09939391831521,0.0636747404974483,-0.0284979376713049,-0.040066014279749,-0.837459810816723,-0.0155528115512501,-0.0254024053771517,-0.424553008120794,-0.0271634518427512,-0.016047403273993,-0.0275255992692297,-0.487242498612257,-0.0126950952446563,-0.00980789158424289,-0.0227881414322591,-0.179612790137122
"NUMEX_BILL_MELTON_CA_2019","110","3","2","6",-0.0492455999494708,-0.0463951660536467,-1.27618058510902,-0.131269645852625,-0.0329659329904186,-0.0475390104908665,-0.0569206649408404,-1.19956808545501,0.0576587020399909,-0.0315145831637259,-0.0394690496231299,-0.804226787918573,-0.026344676776116,-0.0180921468126219,-0.387176814583482,-0.0165425207505144,-0.0156792626256174,-0.0229159353051346,-0.423812974089771,-0.011812992115853,-0.00323126574784871,-0.0198561850031042,-0.257635322125358
"NUMEX_BILL_MELTON_CA_2019","111","3","2","5",-0.0479938660211512,-0.0442721306995267,-1.52742906111337,-0.175304257215338,-0.0156785492509657,-0.0484250015321438,-0.0645331059788828,-1.43170708416629,-0.00607253088593187,-0.0222290891645426,-0.0385827145148729,-0.928710980345277,-0.0188496783833713,-0.0279484620712482,-0.592681873058766,-0.0205397298854922,-0.022200323530463,-0.040530545058755,-0.702388818808542,-0.0404829448805805,-0.0135936028079764,-0.0388509209049359,-0.540718237675361
"NUMEX_BILL_MELTON_CA_2019","112","2","2","4",-0.0539332759731841,-0.0592991362082681,-1.88875575432747,-0.198369836755263,-0.0146006443509496,-0.0564674349120196,-0.0744456158042572,-1.86096703499396,-0.0134747637072158,-0.0581812837804213,-0.0510756920721036,-1.26653709882054,-0.0104816935800653,-0.0499947250141855,-1.08696994187568,-0.0220330646714008,-0.0406892329100445,-0.0507843364980316,-1.04652689773628,-0.0504831918613468,-0.0241572239256993,-0.0425762021222412,-0.902772552442096
"NUMEX_BILL_MELTON_CA_2019","113","2","2","3",-0.0404603872643709,-0.0380956350306404,-1.63139092506058,-0.192602333003072,-0.00231288262036083,-0.0386064351304222,-0.0540721479934308,-1.55640326555915,0.0224515076177086,-0.0613981335187563,-0.0486243794525364,-1.19165513301618,-0.00268200554063972,-0.0612467924235068,-1.23764790465619,-0.0184177689100821,-0.0465190375930552,-0.0434854262504856,-1.08595052656354,-0.0431726576540079,-0.0185324575952947,-0.033565478896977,-0.770132068252734
"NUMEX_BILL_MELTON_CA_2019","114","1","2","2",-0.021194996060879,-0.0102042300020095,-0.856178907155316,-0.211225656957409,-0.00153765413501106,-0.0213667383090812,-0.031216543266585,-0.927248766450711,-0.0428722494932693,-0.0293640301695391,-0.0372042402592323,-0.746413169928583,-0.00363027164720716,-0.0449645470810659,-0.731239831868909,-0.0175942180295751,-0.0369546849844385,-0.0102474640973495,-0.583845651486522,-0.0312045143365791,-0.00269192303141384,-0.0179063535486625,-0.286203117213928
"NUMEX_BILL_MELTON_CA_2019","115","1","2","1",-0.0163839621874716,-0.000813618068063667,-1.03729441132239,-0.184788551747126,-0.00509405379640765,-0.024195163257412,-0.0297175570025396,-0.976473434913829,-0.0317634597380811,-0.0138196497684027,-0.0356558312787082,-0.741952513305382,0.00601018412801143,-0.0371368916631181,-0.708539052818359,-0.0238934937000154,-0.0306925103257897,-0.000715802630268194,-0.613489005524784,-0.0325573597351143,0.00094559427415709,-0.0212689411096166,-0.349202120708218
"AFX_779","116","1","3","1",0.000949747352198981,-0.0076337228886548,-0.567082691337379,0.0518217244740606,-0.0156158005667286,-0.0248656716779627,-0.012922876145323,-0.565041702885329,-0.0391234382645031,-0.012505490233468,-0.0317988246661835,-0.519911446672809,0.000931972283667219,-0.0532478210495226,-0.462556059184057,0.00235642784561718,-0.0122403238746512,-0.0409697810310781,-0.373132954806687,0.00147864175490667,-0.00604751036574783,-0.0255257362457141,-0.150825131164443
"NM1703PAR","117","1","3","2",-0.0189356399863357,-0.0325229881928528,-0.939273423586729,-0.0233000745244699,-0.00775404727949244,-0.0426355169859306,-0.0319296091542515,-0.924622461461056,0.0325406584953319,-0.0228215199639347,-0.0336326139876803,-0.79354123383462,-0.00728635632133712,-0.0517630952585318,-0.501819038641079,-0.016736205600607,-0.00891861373402762,-0.0351973418149881,-0.604289747887709,0.00727920045202069,-0.00964809662364667,-0.0281086487938149,-0.21599900496036
"SW_1011","118","2","3","3",-0.0309398922649401,-0.0425386526911878,-1.01800172251714,-0.0542113760416166,-0.0114271421610538,-0.0478696503080052,-0.0369165177727485,-0.971718262123236,0.0231777922574383,-0.0208004018621809,-0.0316422933430321,-0.764103076047813,-0.0188252264262718,-0.0436104470512276,-0.441728721113955,-0.00992848626650976,-0.00899374427928629,-0.0371563425862938,-0.577631756549282,0.00917053193691954,-0.00366130769775656,-0.0241637392458242,-0.273732697929684
"NM1715PAR","119","2","3","4",-0.0340459719186065,-0.0510992735734281,-1.32557265020189,-0.0723452434627772,7.87642334870483e-06,-0.0503687157793052,-0.0453372558290459,-1.2577789914791,-0.056500978877926,0.00143063271588902,-0.0301263855370718,-0.919393907655394,-0.0338918633451958,-0.0493356387228461,-0.602620219148415,-0.0129081933733718,-0.012052713013577,-0.0528181692923813,-0.786313487760095,-0.0172391027961532,-0.0137273747697767,-0.0428294317930006,-0.542062174337521
"NM1703PAR","120","3","3","5",-0.0418806448230128,-0.0634939229345389,-1.62455880478181,-0.0905745332512613,-0.00240120544010308,-0.056895367999577,-0.054472944447679,-1.68051121470344,-0.0495221533869857,-0.0296666023922208,-0.0419301582027756,-1.25214365058283,-0.0162868637528949,-0.0672531258843988,-1.05157317038218,-0.0136675138547429,-0.0262591762618307,-0.0569876410045372,-1.07995187744921,-0.0225880898559686,-0.02156167193948,-0.0437898896680301,-0.87707410716158
"SW_9720","121","3","3","6",-0.0272843914698881,-0.037691219455687,-1.30912628681139,-0.134132820108007,0.0134540956093408,-0.0410900574745683,-0.0321993433661631,-1.30124792343252,-0.0372235302413851,-0.0452543928850523,-0.0354776682317166,-1.12896185427837,-0.0295536331842876,-0.075755421138987,-1.13602257168421,-0.0183207762209895,-0.0269597985310802,-0.047523895521455,-1.05834127541423,-0.0137467203203501,-0.0164048972033827,-0.0331558077779618,-0.710107832722481
"NUMEX_BILL_MELTON_CA_2019","122","4","3","7",-0.00757205080538677,-0.00756054905041476,-0.474087024215825,-0.10208202497318,0.0135422083157183,-0.0260284844849213,-0.0122580457602717,-0.650561373983569,-0.0521678522849108,-0.020713169973924,-0.0243117196265954,-0.65471211548182,-0.0150631506053452,-0.0602573128468494,-0.552178953352801,-0.00923023835161477,-0.0149926252669645,-0.0144490244535213,-0.460805550360365,-0.00108387739385139,-0.00116036826733681,-0.0185742434570324,-0.213180366088152
"AMERISTAND_803T","123","4","3","8",-0.00278034184130784,0.00174816633686974,-0.621373492367819,-0.0464633493320778,0.0109573294351567,-0.0281698715957576,-0.0128238895484369,-0.685397734231201,-0.0710903252287307,-0.010789377088332,-0.0237069965245435,-0.634064810892316,-0.00693563571358534,-0.0519818355488337,-0.492063386317456,-0.0104819408868154,-0.0100028629547409,-0.00332336790886992,-0.420557613279734,-0.00239539016447634,0.00406803981060068,-0.0208903026904365,-0.263977665014713
"NM1702PAR","124","4","4","8",0.00715474330584976,-0.00527602013859762,-0.477398555413654,0.0809681805072615,-0.00775943544919623,-0.0114139804351887,-0.00598266756599546,-0.394442271233498,0.0115630689450781,-0.00477264463819899,-0.0203043765149669,-0.351625929685823,-0.0192227232154644,-0.0479740534506281,-0.441402662632407,0.0267432826153638,-0.0165329338271838,-0.0373772646474831,-0.229810781772157,0.015530637452658,-0.00255540733253712,-0.0227691024718689,-0.0882135979322822
"AFX_779","125","4","4","7",-0.00990336347963579,-0.0297233046781973,-0.754569021144487,0.0540321663683202,0.00298516223847573,-0.0254906622541638,-0.023168500058542,-0.658653792143319,0.0580774105798543,-0.00864495519416691,-0.0197394944776605,-0.591370553748741,-0.0238261228099716,-0.0427599259295192,-0.388951676261707,0.00259222620293543,-0.00728473663843085,-0.0255499085627376,-0.347376052197745,0.0223156250553881,-0.00184520092472158,-0.0212586853712102,-0.0792159358727314
"AFX_149092","126","3","4","6",-0.0211292592049365,-0.038384907146611,-0.817084211831519,0.0337519214802113,-0.00191610082132415,-0.0269999762265719,-0.0252729489875632,-0.633627116242873,0.0364650108871521,-0.00471898081950174,-0.0163439162639489,-0.538275041716016,-0.0138628499375678,-0.0358502054337679,-0.286058159050332,-2.98008760657987e-06,-0.00835127273916603,-0.0201128233733897,-0.288391456500606,0.0242807856367202,0.00364920812560479,-0.016899465332585,-0.138524541106408
"NUMEX_BILL_MELTON_FG2011","127","3","4","5",-0.025061579638534,-0.04791238352995,-1.15412741935476,0.028803080965894,0.00720234491560744,-0.0295198896878234,-0.0338795961350464,-0.909145292258961,-0.0567944930507786,0.0128484805614865,-0.0165208217770275,-0.700515833010599,-0.0173460910706245,-0.0424887690389391,-0.402749660447427,-0.00773862709118015,-0.0114066475595792,-0.0239090692973389,-0.415941345872585,0.000152248266855675,-0.00618162377427843,-0.0332302318610158,-0.383060052639323
"NUMEX_BILL_MELTON_CA_2019","128","2","4","4",-0.0347981446734119,-0.0623438711790347,-1.49853855030303,-0.013269612023026,0.00408827616533105,-0.035363672750728,-0.0459263800348725,-1.44652636374112,-0.0627988722896985,-0.0160611986273511,-0.0325099133621893,-1.12860278692582,-0.000200822202423417,-0.0714574144738953,-0.991336825728238,-0.00853293339607509,-0.0331937943926851,-0.0465087472841316,-0.882223754433999,-0.00442908368032816,-0.0159758258259353,-0.0397263453230792,-0.770206181848515
"AFX_149092","129","2","4","3",-0.0182711383662365,-0.0342691956005077,-1.09637885013504,-0.0124345887719386,0.0230255744268422,-0.0206723562975094,-0.0223432398914026,-1.01858433871209,-0.00773521752215301,-0.0275608539904352,-0.0240018857110306,-0.934609722455902,0.00897366246111811,-0.0793733876941311,-1.01511358973965,-0.0179472344320629,-0.0309053711709553,-0.0421749275341475,-0.872548079546879,0.00590836539895466,-0.00967699596696774,-0.0284247463085603,-0.592219709771915
"TMA_990","130","1","4","2",-0.00143672749423846,-0.0131124654291188,-0.276848540927297,0.0214282020647273,0.0240247101210776,-0.0102400381138079,-0.0111625650529194,-0.449044263567236,-0.0137031614863106,-0.022938106804627,-0.0172956187893138,-0.515765982020709,0.0109336606297584,-0.071943224143275,-0.456207700940924,-0.0130169852582279,-0.026826633404606,-0.0241597235416078,-0.336067814578962,0.0169347894761083,0.000995374789798694,-0.0202308589811279,-0.172033464791467
"NM1704PAR","131","1","4","1",0.00242818822597407,-0.00650923675865504,-0.405533770222358,0.0472001986555552,0.0204118568811169,-0.0131532741174788,-0.0124279962729229,-0.459591108099953,-0.0204330574108286,-0.0207733654653135,-0.0175209429102724,-0.479509929581547,0.00497885649912571,-0.0632180072567152,-0.4094028342267,-0.0197442100700676,-0.0220467094755754,-0.0119173613099415,-0.28221592959576,0.0152566300636677,0.00614949557408701,-0.0231289272665296,-0.224465416782487
"NUMEX_BILL_MELTON_CA_2019","132","1","5","1",-0.00190828408533065,-0.0153574111286643,-0.73153733007885,0.0492774708619581,-0.0041539085787469,0.00394547312614827,-0.00297460125825748,-0.368576116989452,-0.0290000015329952,-0.0041436488829274,-0.0187651552073957,-0.309583075930452,-0.00215508059766701,-0.0646944682212991,-0.49457256679124,0.0601249875247606,-0.0135907625408118,-0.0454102142945357,-0.31747501974247,0.0031585527016973,-0.00561764480550411,-0.0499941578566928,-0.124663231133432
"NUMEX_BILL_MELTON_CA_2019","133","1","5","2",-0.0175916899672755,-0.0388745261818948,-1.01848564941729,0.0829692727270685,0.00659436515667109,-0.00668627028527006,-0.0191467674515926,-0.655782354015397,-0.0193189125347254,-0.000942701696625908,-0.017933204848048,-0.578288282229048,-0.000915559432711991,-0.0581441225701456,-0.515318444166956,0.0335105719051571,-0.000872610989439639,-0.0348368664526419,-0.47254641796933,0.00841116585770343,-0.0048891531188083,-0.0506333651623305,-0.131562994897542
"NUMEX_BILL_MELTON_CA_2019","134","2","5","3",-0.0281402825266158,-0.0471743592723705,-1.14941026865674,0.103406564760415,0.00147782201412847,-0.00336871122872469,-0.0185098019507077,-0.674196427437679,-0.0451508833926957,0.006990335377419,-0.012658718504149,-0.560581256009646,0.00337377483878764,-0.0463795116717337,-0.441284153329743,0.0141151943969966,0.00120742283206093,-0.0230629832587582,-0.465816994084608,0.00929670355788686,-0.00138808305771412,-0.0492397124728143,-0.229754608052445
"NUMEX_BILL_MELTON_CA_2019","135","2","5","4",-0.0326290401609929,-0.0535075027458867,-1.53395648536669,0.0968252846511965,0.00664849428316084,-0.00461517834380338,-0.0276397662809804,-1.01069705973806,-0.0700086558721429,0.0176316304743428,-0.014875180013178,-0.779318950206504,0.00154573227330022,-0.0523426609360781,-0.61032606235565,0.0010747060541312,-0.00144630290334452,-0.0264298067927262,-0.642468913396779,-0.0137786231565664,-0.0131073905713904,-0.0664588601561828,-0.469760569311547
"NUMEX_BILL_MELTON_CA_2019","136","3","5","5",-0.0437836382028906,-0.0704348731106002,-1.9527255781155,0.0968520677548598,0.00207536770118214,-0.0091917409410762,-0.042742671776261,-1.7230724489537,-0.0952183202369249,-0.00747517116531224,-0.0328181015009218,-1.31149108666997,-0.0237544890709113,-0.0856519785784431,-1.30401186559603,-0.0046127050970733,-0.0240217146796942,-0.0589964876214674,-1.20703360326259,-0.0163015811360764,-0.0229807535796121,-0.0745047668773984,-0.86640145564837
"NUMEX_BILL_MELTON_CA_2019","137","3","5","6",-0.0296245851951627,-0.0524676956803644,-1.60033494558705,0.123824210357452,0.022152059780433,0.00329978852195368,-0.0235968895736309,-1.3738275214447,-0.0686245735391785,-0.012191676082866,-0.0228487436880154,-1.11789540293549,-0.0302604610664551,-0.0927027094509762,-1.29912230691792,-0.0161272937800966,-0.0210714330103104,-0.0590926672728191,-1.17878540046697,-0.00461004641451236,-0.0155305772533756,-0.0620478574815646,-0.667039106443072
"NUMEX_BILL_MELTON_CA_2019","138","4","5","7",-0.0139406626329107,-0.0344817127760811,-0.801707689639814,0.117479284525881,0.0250840417714249,0.00918816297780358,-0.0180168364730131,-0.833700767722813,-0.0645168747477277,-0.012674608269961,-0.0172796241880328,-0.742021969517115,-0.0393936584660726,-0.0883290155889989,-0.759948193122279,-0.00965297458044107,-0.0176585213782235,-0.0448228923499799,-0.665286927112242,0.0048028821585146,-0.00700592850366743,-0.0546073059713798,-0.277465392970479
"NUMEX_BILL_MELTON_CA_2019","139","4","5","8",-0.0101023395797564,-0.0266218350571317,-0.879406423657746,0.112899775609831,0.0205824425348284,0.00417251515118261,-0.0198361962758286,-0.751930204138736,-0.0595429558174495,-0.0197733003807138,-0.0169117271940894,-0.663962209003541,-0.0281063475298936,-0.0801730280978142,-0.689218565109773,-0.0150049441125102,-0.0114912675566347,-0.0322532730821702,-0.596290386515209,0.0028511751805499,-8.27569486742993e-05,-0.0549135194424834,-0.293509371764224
"NM1713PAR","140","4","6","8",-0.00572830612176195,-0.0158158226435045,-0.743865604044689,0.0222244591638553,0.00422656436392829,0.00854350854360887,0.0077765012494803,-0.242012101541765,-0.0559075495193009,0.00468655800040344,-0.00888362367432419,-0.0444167699077118,-0.0326342559354719,-0.0373978710208521,-0.180434309559322,0.054997125109666,-0.00822165061263885,-0.0162924414325519,0.0622196598226217,0.00325887401360798,-0.00259946781246675,-0.0447412209227297,-0.0333799825860786
"AFX_149092","141","4","6","7",-0.0151044502328891,-0.0234135399960834,-0.878163230887814,0.0520803071798207,0.0141044830117722,0.000889781803088846,-0.00162994164710979,-0.376197615593007,-0.0712408978218828,0.00378265286629996,-0.00723713389695168,-0.228395113893125,-0.0237097285468935,-0.0338920014483238,-0.211945083534392,0.0301008526505445,-0.00322686722967157,-0.0135894566473876,-0.0994650034009514,0.00719689052101119,-0.00322985203988005,-0.0459483385472916,-0.0343540238367623
"NM1705PAR","142","3","6","6",-0.0230171741385909,-0.0296371169462095,-0.89418400478862,0.0611935952570227,0.00539725302534427,0.00461989735325115,0.00113317834174051,-0.354160151539607,-0.0723883626112168,0.00784281930704742,-0.00255167993178208,-0.205675552161306,-0.0176258344318456,-0.0243980575077253,-0.14673961476665,0.0117647219146204,-0.00876589243978373,-0.00500478549854162,-0.169716505255082,0.00742653503578101,-0.00217129798696699,-0.0472835662852138,-0.157809920430143
"DONA_ANA","143","3","6","5",-0.0282079017243363,-0.0351569092488573,-1.26735988076921,0.0844134416051629,0.00887505317833647,0.00209708140041079,-0.0102754988672854,-0.751564292836486,-0.0730178733590556,0.00809404869893753,-0.00736535917551571,-0.460266579992014,-0.0132588067133432,-0.0334298451510014,-0.394609151935428,0.00287815733841281,-0.015734336891166,-0.0138144501846234,-0.48240811269764,-0.0130248392807562,-0.0142568169888089,-0.062590316198667,-0.416049755226124
"NUMEX_BILL_MELTON_FG2011","144","2","6","4",-0.0409196234359306,-0.0603458695569495,-1.70106610479275,0.11134451867325,0.00671819921413502,-0.00228280225833085,-0.0268040973062765,-1.49784288244029,-0.0932630191024281,-0.017955520672463,-0.023200776392895,-1.03540180031222,-0.00692446121516372,-0.063093203462826,-1.08798071567071,-0.0044273125347908,-0.0350990467574136,-0.0395264327978022,-1.05913807795368,-0.0134108038532236,-0.0217243915055928,-0.0673831058822507,-0.775457962555119
"SW_8888","145","2","6","3",-0.0294571042188233,-0.0542609049961699,-1.34427249248756,0.156834860634041,0.0257292516042319,0.008206613830781,-0.0141379524899527,-1.19157446680013,-0.0891715702494701,-0.0115186341638226,-0.0146921038342391,-0.838800983886696,0.00549520664169233,-0.0688405158592618,-1.01746524214288,-0.0182806394645945,-0.0272154517845816,-0.038966798091529,-0.930115662677048,-0.00144302748923127,-0.0122955024496856,-0.0521627501345581,-0.518168045886532
"DONA_ANA","146","1","6","2",-0.0182353885058148,-0.039328586513505,-0.646321748520153,0.147648656456568,0.025580118502535,0.0115851598277588,-0.0129684027238405,-0.740187166338683,-0.0832982972509446,-0.00543034325465045,-0.0107009794455101,-0.563140310431916,0.0168512182655896,-0.0647403569243266,-0.619099011705571,-0.0117984356789544,-0.0224975858595447,-0.0282232430023231,-0.508662576339442,0.00504068782614777,-0.00513410925016261,-0.0464007118908157,-0.241378089506457
"AFX_149092","147","1","6","1",-0.017982492323217,-0.0295127997593285,-0.771651970352713,0.111039159416217,0.0201578029235109,0.00649822828906504,-0.0174718877557902,-0.68524631264526,-0.0682990906991628,-0.0170538700244223,-0.0133787352873544,-0.546432497468501,0.0155864216488903,-0.0631351413392806,-0.694231624523738,-0.0209289142712277,-0.0176761534377443,-0.0222393908383504,-0.526817827769207,0.000506139371405818,0.0008669943331433,-0.0482036455404556,-0.305434372622689
"NUMEX_BILL_MELTON_CA_2019","148","1","7","1",-0.00849841250081399,0.00253589881107816,-0.468032765963978,0.0103595842621171,0.00999779476718076,0.0136213873351068,0.020015928724246,0.123261985856798,-0.000720255843224277,0.0305210897716901,0.01099436012305,0.297706512652303,0.0209028431033967,-0.0119268579430092,0.201053480988921,0.0647508001454607,0.0140034996980297,0.00148164615723021,0.390380594062168,0.0106897356540193,0.0037271096246916,-0.0271425826367322,0.0279775287589828
"NM170506PAR","149","1","7","2",-0.0135152408747,0.00159318336042141,-0.516055655387391,0.0334914501848819,0.0170089334453944,0.00937025310960425,0.0154759729162274,0.11214329981762,-0.0178811171899701,0.0143725040282957,0.0135334979973034,0.196692732135442,0.0184578776130236,-0.0101236335494166,0.178880097798393,0.0520226474416712,0.0167154796743928,0.00136554569104648,0.277074552109078,0.0144296236667287,0.00262030908705009,-0.0287041687733776,0.0526835697913651
"SW_9720","150","2","7","3",-0.0159311000799959,0.00528733483584975,-0.373140055206621,0.0680404870224799,0.00544443824302792,0.0149841689986615,0.0241355784917964,0.335004301481093,-0.0235531464310474,0.0204014331919733,0.0224347272281783,0.333537759037331,0.0193699880512366,0.00403586088405076,0.419789553904359,0.0262789382474496,0.0191275951814947,0.0197634962551545,0.349328428427216,0.0159531130437636,0.00511781983507128,-0.0288955420622694,-0.0150420907190169
"AMERISTAND_803T","151","2","7","4",-0.0195589847178224,-0.00115845045979222,-0.724606842517268,0.0681491988861757,0.00819382187440439,0.0113624955750818,0.014793117336627,-0.00180378116174567,-0.0175550466774752,0.0120885190363467,0.017220263696402,0.117749875292777,0.0216534816445992,-0.0045664087356788,0.205189204094224,0.0188398385993431,0.0145392865874325,0.00936026321252492,0.0315317081073826,-0.000984146542927622,-0.0057008736249947,-0.0419553814702862,-0.241228870954746
"SW_8421S","152","3","7","5",-0.0305178718846223,-0.0285633853209609,-1.12704906431282,0.0656212657599518,0.00918642190609641,0.00899825795586945,0.00247713618716401,-0.648349689334212,-0.0224636511427271,-0.000392628459441138,0.00571293504090824,-0.395149106304826,0.00521909007085668,-0.0272056038757184,-0.372111769496573,0.00581211886750787,0.00167199537395849,-0.00618675372926963,-0.466141605086467,0.000186554849424383,-0.013408652273738,-0.0448626675189443,-0.543597845314984
"NM1713PAR","153","3","7","6",-0.0177419725604065,-0.0306155996794742,-0.726672246075211,0.0906482866519632,0.0255793582493995,0.0191446097911438,0.0155787139176287,-0.309246931661269,-0.0265218685288884,0.0117819259249249,0.0137835815342118,-0.158154061156714,-0.0160461308014958,-0.0353042462656238,-0.254674654098807,-0.00968502533406968,0.00856845625761118,-0.00739907822406813,-0.259241592737176,0.0109704084457454,-0.00471873076861693,-0.0301072351691494,-0.210742862142133
"NUMEX_BILL_MELTON_FG2011","154","4","7","7",-0.00955737524599244,-0.0194785443261348,-0.134372574026191,0.108944537538694,0.0232907819190802,0.0194965813624181,0.0155590297399183,0.0339355906229665,-0.00666453454553463,0.0142210435122827,0.0144650637272016,0.00672427752067598,-0.0129463980421924,-0.0357314455664518,-0.0386977221445251,0.00316898999547805,0.00780954918355703,-0.00194110203066018,0.021026664165331,0.0134904051682306,-0.000526598429238692,-0.0293174154446855,-0.0247432274095526
"TMA_990","155","4","7","8",-0.0131410468115061,-0.0124920830102794,-0.348306400619746,0.0791852402684017,0.017768713938675,0.0131209396951418,0.00834261757238294,-0.039576840196784,-0.0335401420406678,0.0114664669750697,0.00740850440348242,-0.0908674578172113,-0.005219144247208,-0.0431358231352834,-0.284517674698166,1.45770326883499e-05,0.00532174060833573,-0.00517020668383183,-0.0998560198341824,0.00563023297894186,0.00272959955496928,-0.0373196625230125,-0.156524477730193
"NUMEX_BILL_MELTON_CA_2019","156","4","8","8",-0.0185981550527609,0.00115749059431462,-0.49473740304397,0.0226077531006418,0.0170676761561242,0.0134591409425058,0.0138218762569228,0.0322051632323407,0.0166588068239126,0.0383343132488703,0.0099029539826335,0.285290326927573,0.0139088270858053,0.00208450938051234,0.0904124329016958,0.073719658594817,0.00565482324365108,-0.00407143933228862,0.179832961614409,0.00932693238014409,0.00275558386498331,-0.0173901669785604,-0.107616421935107
"NUMEX_BILL_MELTON_CA_2019","157","4","8","7",-0.0189300311087144,0.00774353008237997,-0.423606071600593,0.0296254134868063,0.0206906724615987,0.0125079456492203,0.0150643163781087,0.153287244260156,0.00987773627121286,0.0265399636152143,0.0144114746898137,0.287470714106456,0.0105849813650031,0.00421587292084513,0.16475568369271,0.0692575628702352,0.00480422782962813,-0.00348464216297928,0.189830266766722,0.0127686606333249,0.0010658414190737,-0.0195269399336015,-0.0278153799459672
"NUMEX_BILL_MELTON_CA_2019","158","3","8","6",-0.0166347835706233,0.0184147643666574,-0.115904767073143,0.0414299010758751,0.00845939523532355,0.0183433821327938,0.0266874288669084,0.540819066409568,-0.0175962983745622,0.0308919857264199,0.025012993808579,0.506043182991177,0.00848829543596609,0.0190693261020032,0.571218494209126,0.0413133447656702,0.00543209714456615,0.018828792509024,0.386820908164555,0.0151578397658742,0.00508300723040182,-0.0187337300436376,-0.00924152850262191
"NUMEX_BILL_MELTON_CA_2019","159","3","8","5",-0.01995716377143,0.0107405282500927,-0.473715733258731,0.0605653936863119,0.0118789477840873,0.0133597000782417,0.0154296028655292,0.201636357002006,-0.035211547064453,0.00789584824977773,0.0163423112262012,0.283669996775674,0.0144453209289737,0.00420192301089367,0.352967291423431,0.0265267247993375,-0.00271148858176483,0.00180481007013858,0.0695211023490663,0.00155474897637703,-0.0038669046765184,-0.0305909763831506,-0.171833161460352
"NUMEX_BILL_MELTON_CA_2019","160","2","8","4",-0.0283049901282554,-0.0111291501181895,-0.742278518843675,0.0564294066459655,0.0139834591511713,0.0126022064444888,0.00705755754213091,-0.275997380106394,-0.0312447239919787,0.00319097728968268,0.00988337242330756,-0.104407842877245,0.0182051231588673,-0.0101199170242394,-0.0363655051534404,0.0181682364657427,-0.0107615504771661,-0.00129500333593153,-0.285312048593316,0.00587737713412291,-0.00830604506049798,-0.0301117243440031,-0.348114365462177
"NUMEX_BILL_MELTON_CA_2019","161","2","8","3",-0.0137076716666099,-0.0138862097389546,-0.277102398308497,0.0872989508683353,0.0265222239401033,0.0236949769591817,0.0233875252271862,0.123617399246369,-0.0141926090846808,0.00653720256879904,0.01900647265903,0.193953926913091,0.0350361002612562,-0.0160138197656441,0.155004315724419,0.00424373098770394,-0.00458395094505818,0.00328538967991494,0.0327731345292026,0.0170791468076678,0.0023957421319437,-0.0142046356350882,0.0674172673489978
"NUMEX_BILL_MELTON_CA_2019","162","1","8","2",-0.00663499468130321,-0.00137825340086935,0.253500211375139,0.0827019892071764,0.0227349857560238,0.0220534419230761,0.0257916321475445,0.430151637138437,0.00420781063171986,0.0161685794554891,0.0193334500934422,0.321393521940032,0.0229602326451882,-0.0161227360901725,0.326308205216671,0.0151743876577234,-0.00670507431149591,0.0142911735272733,0.312443021231671,0.0174975289350357,0.0046901731431074,-0.013894544760967,0.214802306845233
"NUMEX_BILL_MELTON_CA_2019","163","1","8","1",-0.0119058446963729,0.00264065303562164,-0.0375028749934322,0.06374659105426,0.0188364804004443,0.0146933582149366,0.0191965577142326,0.252001443742707,-0.0197291994528347,0.0173401919988913,0.0115925822358515,0.131869512010849,0.0196682435998912,-0.0271645995165674,-0.0113087622919824,0.00396267504142889,-0.0105471708849689,0.0126627605397252,0.0968485147422961,0.00766962785790511,0.00613642727497582,-0.0245864116491241,0.017788291004027
"NUMEX_BILL_MELTON_FG2011","164","1","9","1",-0.0401214387991908,-0.00893407898813241,-0.698067135249525,0.0117891986544973,0.0158293172379233,0.0104685314429648,0.00757499541143787,-0.290287144946288,-0.0163339221058157,0.0356341823020736,0.00574962730975338,0.0561100530159242,-0.00195873043596118,-0.000637778610640718,-0.17853148370339,0.0692138016773523,0.00935658653245955,-0.00841321830216683,-0.0839423977316165,0.0130931678165928,-0.00133401944873089,-0.014177232023642,-0.293788397616991
"SW_9720","165","1","9","2",-0.038265629995188,0.00170556960737606,-0.578937286190063,-0.0288597776358321,0.0192607679342579,0.0126685372258024,0.013046366144084,-0.0787665947764256,-0.016429557909329,0.0298309111104571,0.0131263175718023,0.101057262447457,0.00573664544026045,0.00611292637063063,-0.00543001140457732,0.0658530298580961,0.012506149265782,-0.00227627986628329,-0.00115331770957064,0.0163245519554734,-0.00130391530518013,-0.0149231878452487,-0.166921446425097
"NM1712PAR","166","2","9","3",-0.0342705534574959,0.0109862703925017,-0.320884031100642,-0.0521144134374455,0.00748826582937017,0.0172743780369118,0.0225759154241152,0.285688491744126,-0.0359798209992355,0.0242730582667054,0.0239070983028973,0.286423130255341,0.00715717919622877,0.0182211894876354,0.377167149213152,0.0508034675541838,0.0155815273916477,0.0177399237387881,0.179150479271412,0.0184433118973356,0.000881720790232383,-0.0149345686744677,-0.147265677313075
"NUMEX_BILL_MELTON_FG2012","167","2","9","4",-0.0364329347962815,0.00555737169182075,-0.708349303247778,0.0564838615664414,0.0106041472060128,0.0115989573934626,0.0115063668840682,-0.0847780732127138,-0.0444749381240199,-0.00301111147389001,0.015195135110887,0.0734594893591241,0.00641710189485929,0.00296189354230328,0.152667307029734,0.0387462933023459,0.0138592776593996,-0.00231071243517592,-0.106240531315498,0.00730613862223063,-0.00753808228770514,-0.0241874599319706,-0.254099555213631
"NM1702PAR","168","3","9","5",-0.0428117448181471,-0.00969996114284175,-0.856292292539668,0.060565886063149,0.0128905048921269,0.0116769392582338,0.00696068210341208,-0.408420463199575,-0.0358682421115791,0.00296136101026867,0.0132796049997223,-0.144013488604155,0.00430669504201464,-0.00432599501820551,-0.0257578321026083,0.0335220161464664,0.013954169542208,0.00585788586608481,-0.260429863819859,0.0137511604605379,-0.00913161893900344,-0.0187099110726461,-0.280720445076822
"AFX_779","169","3","9","6",-0.0230596343859601,-0.00221584134387727,-0.194639408580613,0.0332924182654783,0.0181727504778277,0.0236177132129907,0.0285282000021961,0.185086459031515,-0.0290127142691598,0.0187204756412443,0.027352216588268,0.316604423722331,0.006181983293313,-0.00455672386675354,0.337835817201591,0.0213482043598742,0.0215753773368035,0.0239769256091559,0.319683391520703,0.0259998814551873,0.00377489038665707,0.00196981938749144,0.283145386344416
"SW_8421S","170","4","9","7",-0.0150313788867259,0.0101983805110908,0.347707085851293,0.034822407515791,0.0122933557681565,0.0206598596651227,0.0328445558202168,0.54494027858213,-9.47503000600927e-05,0.0341922056671879,0.0306025095616248,0.530806445249389,0.0178431261239004,-0.00364706580726809,0.574016581855948,0.0320067158409066,0.0223686452433286,0.0376181203290469,0.674813298699775,0.0245264903562815,0.00512287398695606,0.00443317372428074,0.449269350974111
"SW_8888","171","4","9","8",-0.019662231571355,0.009987602224361,-0.0238278118268197,0.0418999012005556,0.0102534543713314,0.0135167432870401,0.0269934756889995,0.303771104341768,-0.0178272426378594,0.0353203305378533,0.023881943358678,0.281509147767745,0.016780278535548,-0.0152270827883369,0.182125208414212,0.0151528329792954,0.0171605247915572,0.0322688049579555,0.396272876361812,0.0127376690421269,0.00570073045716533,-0.00708677254722943,0.206135912324228
"NM1703PAR","172","4","10","8",-0.0574641637311317,-0.0338350570843263,-0.995753095837449,0.00492288040606683,0.0123451900998294,0.0063943512346784,-0.00285450358599014,-0.516118103145414,-0.0950818787530478,0.0261107583369782,-0.00346014415941888,0.0127694632039067,0.0354775986675089,-0.0233043973632154,-0.39027479004028,0.0580276520300212,-0.0104770556044134,-0.02301888965385,-0.42047476562011,0.00517006337459569,-0.0112847980829089,-0.0308940244756711,-0.518749286440314
"SW_9813","173","4","10","7",-0.0507830306850259,-0.0144507751947643,-0.771633074862778,-0.0464673433229261,0.0144639409523006,0.0116037659135652,0.00886907465594608,-0.171863857441533,-0.0723511199117721,0.0207296471405067,0.0063063712588271,0.135679123093797,0.02289115854063,-0.00974854017919743,-0.0629924201529099,0.0438103458387062,-0.00192202120642693,-0.0114539415830845,-0.199545658497747,0.00930556480613006,-0.00837495011207645,-0.0281150220092307,-0.301955260343194
"TMA_990","174","3","10","6",-0.0400670243271058,0.00323415316119538,-0.463220049555338,-0.0603499831652759,0.0016604083800908,0.015753219208905,0.0201579605107436,0.240977989154814,-0.0806040669800733,0.0205057864964463,0.0173352321617406,0.333268174902219,0.0247716151897399,0.0024152521031542,0.295106432495193,0.0380485523684698,0.00448275346076667,0.00409229176108302,-0.0345206748116671,0.0118418591663441,-0.00636245106929389,-0.0266610992393607,-0.256238640223118
"NM1704PAR","175","3","10","5",-0.0391255415700312,0.00264381942523748,-0.805996089339984,0.0562253458340408,0.0062980312112585,0.0101648649273777,0.009334611060183,-0.13162744313771,-0.0985209236944272,-0.00794896448480581,0.00679164324270851,0.11712023926625,0.0236855610068131,-0.0111953387464397,0.0447619661369818,0.0338696769094394,0.0040608455425377,-0.0185475471511205,-0.29880028643612,0.00419760774552533,-0.0134223691642716,-0.0319502275132296,-0.299316992747912
"MESQUITE","176","2","10","4",-0.0401241333890451,-0.000703897598065682,-0.812422704947245,0.0592140096233292,0.00915633479229525,0.011616366775674,0.0106486256452261,-0.270003035313351,-0.0961962012580895,-0.000960161045871984,0.00886405637632397,0.0389306075496891,0.01007914771675,-0.0104094924407342,0.0514152911341387,0.0257913896458016,0.00865640680035043,-0.00184073422138732,-0.248317056328122,0.014046861773422,-0.0106156424635316,-0.0212417339734787,-0.209239547899905
"TMA_990","177","2","10","3",-0.0154118543281667,0.0149463593570137,0.0354213610486575,0.0138010158755741,0.0101821256301768,0.0241473701220217,0.0350761568701446,0.517759681204426,-0.0575772575672621,0.0174993418764783,0.0252954572476274,0.640589544063901,0.0164575664791057,-0.00511837716873298,0.595618397224658,0.0136949166968389,0.0161989077193714,0.0259160429155377,0.590945015797521,0.0285385051748984,0.00688901085927352,0.0064544835666055,0.48497133486666
"AMERISTAND_803T","178","1","10","2",-0.00910836202208183,0.0227260986894758,0.531682371972396,-0.00405521053123931,0.00512158879858016,0.0197967072641471,0.0389085900967453,0.883859411015143,-0.0327017235299122,0.0235544406431049,0.0280180874120281,0.831781749748511,0.000924460930227276,-0.00368294502255104,0.822816558448337,0.01211014951369,0.016140195949979,0.0338789672440468,0.958437524783525,0.0254673730358276,0.0059856787293525,0.012888191970052,0.616658048142415
"NUMEX_BILL_MELTON_FG2012","179","1","10","1",-0.014750816462027,0.0149163138385997,0.151751108021273,-0.0101938465716764,0.00475941972911986,0.0129557089263591,0.0329912469634822,0.666774206677746,-0.045738560728809,0.0305305699864904,0.0228933179308521,0.600262120027435,-0.0201693739085618,-0.0138291349458198,0.472656819307308,-0.000120650140561982,0.0131530801906137,0.0241530057110372,0.69043572651471,0.0133378429341811,0.00564147295076842,0.00177934932373053,0.355240337970682
"NUMEX_BILL_MELTON_CA_2019","180","1","11","1",-0.0432724816435848,-0.0243182034305856,-0.883942366278118,0.0159929026067099,0.0215454869774707,0.00653908270419117,-0.00134428124372461,-0.512037964541867,-0.0750095505220109,0.0118713925583474,0.000237476474130489,-0.134388148250045,-0.0104442692304088,-0.0340596171420785,-0.527782281279638,0.030724623850682,-0.0122877741374223,-0.0248305580017185,-0.531403420467378,0.0047534091936152,-0.010180675795765,-0.0366952611823373,-0.569313561994496
"NUMEX_BILL_MELTON_CA_2019","181","1","11","2",-0.0344655877914651,-0.00450986763827903,-0.690062340211856,0.0179471026247783,0.0255220361066037,0.0140692095347855,0.0121780328043929,-0.142372977632776,-0.0631208984315575,0.0164830162890609,0.0102093426642732,0.0326786810058152,-0.00635101127543603,-0.021238952667052,-0.155693650732198,0.0127550178795987,-0.00158881346990155,-0.015607856267693,-0.230909116438424,0.00967810487833925,-0.00531711566150667,-0.0340092885329262,-0.273289031441484
"NUMEX_BILL_MELTON_CA_2019","182","2","11","3",-0.0231936532475731,0.00559637712140782,-0.542171483771883,0.0180513751436546,0.0137559576790902,0.0186820122479984,0.0194202885078872,0.104216711964603,-0.0597537497344946,0.0133962143043815,0.0179892592000275,0.109358479574794,-0.0100774891932066,-0.0153638746983846,0.0269243448866137,0.0125396721882723,0.00303884462171454,-0.0118743169171988,-0.24153964371612,0.0102132257354662,-0.0074712332860369,-0.0360954432355327,-0.290634780001473
"NUMEX_BILL_MELTON_CA_2019","183","2","11","4",-0.0213279340876864,-0.000840976449160252,-0.866217585185599,0.0521147472945223,0.015146191553975,0.0139204079856649,0.00869210189122417,-0.266506356740369,-0.0787758983730215,-0.0226000387567156,0.0047086471825082,-0.082756841534851,-0.0174990269496093,-0.0282472392877553,-0.230686236159347,0.0055966267522082,0.000897085103748285,-0.0316698061198212,-0.478525031199361,0.00301932080321803,-0.0166193905283625,-0.0414103729329446,-0.279818338716234
"NUMEX_BILL_MELTON_CA_2019","184","3","11","5",-0.018042868518343,0.00222951010190419,-0.745747583245151,0.0545332898419556,0.0173850845747613,0.0173737899071951,0.0162247755063364,-0.209638670210373,-0.0827555624141225,-0.00650074028989601,0.0107355588888036,0.000972746547310526,-0.000635473287791951,-0.0229949562284846,-0.115350865688145,0.00106224445071242,0.0115249395822283,-0.00408202954931362,-0.308581345949276,0.0139220508310919,-0.0120135111182545,-0.0295871158524545,-0.132893337212886
"NUMEX_BILL_MELTON_CA_2019","185","3","11","6",0.0113530851757235,0.0265023187105969,0.311849545386184,0.0344707146948199,0.0166709491502179,0.0322487359487695,0.0463683586772343,0.80212377182913,-0.0783260853394265,0.0226286836041287,0.0316993273623462,0.770639084871802,0.0151254166700971,-0.00823481221945288,0.654025183062132,-0.0016276831136705,0.028781130460249,0.0403978774635266,0.793793874103115,0.0300165321616567,0.0103775215741315,0.00432687245249869,0.653440993212797
"NUMEX_BILL_MELTON_CA_2019","186","4","11","7",0.0143938038211396,0.0297093282280186,0.687200475942899,0.0262782093752439,0.0100800199422755,0.0262768971760758,0.0494310128001517,1.08757772708094,-0.0566723020914362,0.0161710983504474,0.0342679782615301,0.911827220572685,0.0128041609127822,-0.00418988482323124,0.870879473555904,-0.00155369567725307,0.0328547608144322,0.0444299403898201,1.06243384767841,0.0262178504427571,0.00806275748574627,0.0147396663230667,0.68335370144664
"NUMEX_BILL_MELTON_CA_2019","187","4","11","8",0.00631769426771229,0.017800811656778,0.282651201416935,0.0492818920935411,0.00806046375393888,0.0194981866821979,0.043143586903892,0.818633492839509,-0.0579743465709553,0.0277714580563754,0.0300915192833395,0.692303181088183,0.00905244953367114,-0.0137038165804054,0.546674794309226,-0.00620887155758733,0.0281903130238636,0.0254472282351251,0.703016984963932,0.0137643726020992,0.00634524996160953,0.00437795074124391,0.336751900208396
"NM170506PAR","188","4","12","8",-0.0305464204687627,-0.0160868021588542,-0.635215764120234,0.0328364950577231,0.0192670944633969,0.00695662915915329,-0.000174155605806261,-0.42170603091036,-0.0219665704648038,0.00751235032825299,0.00127070155481848,-0.176321775913137,0.017521006872877,-0.0293480746791168,-0.553848395971811,0.0452081370539515,-0.0223273831499186,-0.0311166779916721,-0.572615231301202,0.00689677117216349,-0.0112914991678438,-0.0337673330446057,-0.600764696398774
"NUMEX_BILL_MELTON_FG2012","189","4","12","7",-0.0220434937933988,-0.0016065795550459,-0.42011489429761,0.0460941729532908,0.0235649941217767,0.0159287758159039,0.0125004066023195,0.00274260136655909,-0.0189273134947745,0.0140790451371607,0.0104363311872656,0.0684845892921089,0.0175066809469798,-0.017012666128733,-0.0974743292483461,0.0385008212762145,-0.0115579766797706,-0.0230894705382762,-0.203271570649429,0.0126240418008346,-0.00257617786801472,-0.0322009587439556,-0.216902899103608
"AMERISTAND_803T","190","3","12","6",-0.0126881663026858,0.000856836721572748,-0.357886593869968,0.0755937814453647,0.011138163381136,0.020127720120377,0.0156056124893902,0.0916744651653033,-0.0219883161428973,0.0131149060424697,0.0132370224459789,0.0551464687551432,0.0109223048938458,-0.0154262162612291,-0.0713901479929436,0.0477547409936711,-0.0083938003286334,-0.0196027007403054,-0.271826577661803,0.0113005799695285,-0.00810094421479715,-0.0349035408850241,-0.249609534894898
"NM1701PAR","191","3","12","5",-0.00995019147316989,-0.0077445715631631,-0.620539729356686,0.0653794145659753,0.00953314091856742,0.0152214790277106,0.00616669795172447,-0.23124172833917,-0.0411566502514028,-0.019256040429106,0.000425362552652723,-0.099842372094877,-0.0089124886440597,-0.0272851589569095,-0.32295148606483,0.0326749368531183,-0.00876548544056048,-0.0303091968012599,-0.406363447867033,0.0036546946723741,-0.0189170446207216,-0.038919929625275,-0.215058653603053
"NM170506PAR","192","2","12","4",-0.00453821945874066,-0.00149435334807342,-0.438275805383011,0.0508025692098891,0.0113263699255166,0.0196380636896541,0.0145583212396132,-0.0395900037021669,-0.033460815801873,-0.00898729652240788,0.00642776939497832,0.0752145529084057,-0.0179605521327698,-0.0234705935429603,-0.18656306468636,0.016679345859118,9.15679703096761e-05,-0.00845231050435447,-0.218277673858924,0.0148422841510627,-0.0141380332669459,-0.0297619129385197,-0.0752460499039154
"NM1702PAR","193","2","12","3",0.0264060929737872,0.0294444358752443,0.793072992014185,0.0487631578383464,0.012327425900387,0.0368274598061262,0.0477592360272572,1.1607842354681,-0.0238769421086267,0.0304337638680746,0.0306943633624941,0.99464198504873,-0.0263799507182076,-0.00274446963593095,0.786722701401866,0.0169818958947955,0.0193939305880386,0.040276004183468,1.02954344937773,0.0324317522852536,0.0121868506582853,0.00322981230988478,0.763213370649629
"NM1713PAR","194","1","12","2",0.0274403109513476,0.0339148617689682,1.13339862118683,0.0435213037978253,0.00671977404886152,0.0302382368974358,0.0511142707195132,1.44500773231926,-0.00416138732119514,0.0201609219221907,0.035395121147575,1.14366963173542,-0.0330776067620882,0.00893639033297379,1.0794390764717,0.0144246472027742,0.0265868990887136,0.0458496709795918,1.2710765858931,0.0278570598563788,0.00768811981166323,0.0122907704007853,0.730537644973413
"NM1705PAR","195","1","12","1",0.0180438353479532,0.0211279750297599,0.740566722935934,0.0627717751527612,0.00535413258809554,0.0239720254958579,0.045300910173272,1.22080237261797,-0.00911028868129049,0.0353115558462858,0.0326730338102875,0.966434830341594,-0.0123404969899476,0.00199538131342053,0.854630638070641,0.011639337227515,0.0242867827859719,0.0307887878691196,0.939459900675703,0.0152061219922819,0.00471215150714864,0.00315965793270325,0.379380955423006
"SW_9812","196","1","13","1",-0.0255246528892033,-0.0190795162667863,-0.638521708308172,0.0420693534723025,0.0188659987297434,0.0058468055282123,-0.0129319901941042,-0.723549593413495,-0.0220016554305968,0.0125913715577864,0.00148778371551035,-0.270955670177864,-0.0230098379407506,-0.0311529818446999,-0.725012912705343,0.0349605435112567,-0.0115503701305792,-0.0524371442877463,-0.723182627757274,0.0113220355855926,-0.0130144648882967,-0.031569645168597,-0.634243725269554
"NM1712PAR","197","1","13","2",-0.0108695939245995,0.00373431482752554,-0.202892726503747,0.0475512138626323,0.0191804550553457,0.0182662336059997,0.00288339388220843,-0.0238301873092876,0.00543204767742661,0.0216584156216652,0.0123286622199686,0.1746219335315,-0.0150042275016556,-0.0130917417285511,0.00286940949071471,0.0376088104345236,0.00843905728671599,-0.0266147352342378,-0.0730942058559056,0.0185633732261921,-0.000103876923396956,-0.0246492487010552,-0.0973647920200448
"AFX_779","198","2","13","3",-0.00189214075694181,0.00224811908906482,-0.162650239737505,0.0632477577237094,0.0062911548388959,0.0230013648108921,0.00431889234458617,0.00956383899300616,-0.00178605261940411,0.0141049336276217,0.0115891431789707,0.126007219114988,-0.0173898110131349,-0.0154648809480816,-0.0257937917706121,0.0501322197320297,0.00929964078964554,-0.0238724726060268,-0.17199414512506,0.0156015002655547,-0.00771656653917161,-0.0266783379058026,-0.13197477831993
"SW_8421S","199","2","13","4",-9.68501635834765e-05,-0.0110914494082845,-0.393007721943009,0.0157665650343659,0.0053869568639595,0.0179258225690042,-0.00501159516148135,-0.235163959245961,-0.01589271412311,-0.0222245299744698,0.000307708144925641,0.0159349197933856,-0.0186881738006007,-0.0272999197766259,-0.230872383431261,0.0261658409145975,0.00517474469514373,-0.033281300863319,-0.256328119084717,0.00635557749979495,-0.0192895534836853,-0.0289884135222365,-0.0847255543289179
"SW_1011","200","3","13","5",0.0049108458392624,-0.00860930648560449,-0.156215990076911,-0.0174980423013938,0.00726056632310283,0.0236251218614966,0.0022459271770437,0.0363052957172276,-0.0149296050903017,-0.0152519623758976,0.00773424151394455,0.257351329919893,-0.012723098624773,-0.0230024038956112,-0.0232110672479356,0.00884407056980939,0.0151256640294706,-0.0182339211408769,-0.0820222409868024,0.016975106055954,-0.0143738796027818,-0.0252634415153218,0.0358758222713433
"SW_9813","201","3","13","6",0.0346568255234892,0.0264335723126202,1.21750378147351,0.00240858289372595,0.00959685649517961,0.0433896080556559,0.038334556867211,1.36112777777027,-0.0212072222116653,0.0316162571888738,0.0359140724669084,1.23536336225176,0.00947008477858633,0.000679232455581243,1.10296845198327,0.0220095975335989,0.0390034385298374,0.0354070827888809,1.24493844976815,0.0350166494492941,0.0152522251216659,0.00229584761742002,0.869336170971226
"SW_9812","202","4","13","7",0.0317298572336533,0.0262990782034397,1.44787661908507,0.0125590118172259,0.00487258374404994,0.0362829112042592,0.0407477991491091,1.59458776633798,0.0108065019850968,0.0233956439509331,0.0419067575426243,1.34653660373337,0.0228548423562399,0.0142392401409922,1.34724941387293,0.0295480454830721,0.0492875216763108,0.0375648184941135,1.42997164082436,0.029570824955437,0.00781363551414543,0.00485309790709767,0.783345897128124
"DONA_ANA","203","4","13","8",0.0204423369115971,0.0116328897310259,1.11064609253429,0.00813537532444609,0.00550691891568572,0.0309595076807893,0.0350252485052953,1.39317338729032,-0.00532373977979247,0.0423705739828346,0.0387368742993193,1.17806363658751,0.0336546097719871,0.0118138527800486,1.19407818501691,0.0333633149085312,0.0508916171050746,0.0327861110072343,1.19008949005113,0.0173000729987114,0.00374882426924808,-0.00503506587434804,0.420366122164856
"NUMEX_BILL_MELTON_CA_2019","204","4","14","8",-0.0217037961601609,-0.0150650567344901,-0.649607091346542,0.0242848953076963,0.0207508745807495,0.0100758844350191,-0.0110867590667076,-0.586135578134895,0.0260653893437108,-0.00745296304929042,-0.00368682027335715,-0.221423754742652,0.0103799991791096,-0.0266317254806675,-0.634882409404181,0.0317903690380403,-0.019001986369801,-0.0490956577375035,-0.729467448782089,0.00800404914540991,-0.0140324049461072,-0.0198583283501202,-0.524705404611
"NUMEX_BILL_MELTON_CA_2019","205","4","14","7",-0.0129851253873151,-0.000636482921535637,-0.280896103412967,0.037763207543876,0.0227412192939692,0.021559689875837,-0.00384040754024522,-0.0359537235924869,-0.0152134713865709,-0.0118743930116142,-0.000783997065587179,0.0743441641083822,0.00701351016179649,-0.0193000884303008,-0.122251993200709,0.0414848569081423,-0.010312239186708,-0.0327703057343711,-0.228880635497855,0.0152391014698191,-0.0018178121727565,-0.0176709687146384,-0.122572189799248
"NUMEX_BILL_MELTON_CA_2019","206","3","14","6",-0.00773150181325022,-0.00657218361190952,-0.230585061041754,0.0796828585406904,0.00988748703068021,0.0249150537722857,-0.00602031614912884,-0.0680327299122623,0.0187266104159805,-0.0180842252865356,-0.00582480285514835,-0.00874597711656868,-0.00122023561890664,-0.0271408247054581,-0.182876535285453,0.0471090276583233,-0.0158102070586261,-0.0379010533216852,-0.335475023784472,0.0109101575853311,-0.012067085035751,-0.0216295977667849,-0.146073237329123
"NUMEX_BILL_MELTON_CA_2019","207","3","14","5",-0.00867349916043106,-0.0221306963769388,-0.445513541368867,0.0567094246126134,0.0110331639903445,0.0176497568295781,-0.0164300007720436,-0.339864892055884,0.00396109266203596,-0.0436836575412853,-0.0154986587527783,-0.083678448116385,-0.0230239676796941,-0.0384534520725823,-0.366046820889387,0.01532156720709,-0.0246762043692704,-0.0438865625029797,-0.407042599881658,0.00153812834130198,-0.0227209409415115,-0.0202540632097695,-0.0639120616162532
"NUMEX_BILL_MELTON_CA_2019","208","2","14","4",-0.00659567436298487,-0.0184727138764495,-0.221860877739177,0.0168556756906636,0.0140438841908291,0.0206844275967752,-0.012641573267589,-0.0864675658853073,-0.00412091845117883,-0.0343008065459081,-0.00806372896502502,0.136319845895906,-0.0334892977177856,-0.0327143956313386,-0.148974769651804,0.000607713755329256,-0.0146888597464398,-0.0355237551258725,-0.326773625930273,0.0122015972022718,-0.0175452821088553,-0.0213057389900459,0.0114043769368612
"NUMEX_BILL_MELTON_CA_2019","209","2","14","3",0.0181418376553399,0.0173821813569261,1.08763387486214,0.0276754395817658,0.0210895646660209,0.0397155046992044,0.0210226341598082,1.10824922593829,-0.00725090951906302,0.0122977102543344,0.0198946894407547,0.979139933896693,-0.0275770921522036,-0.0119465278866157,0.897397369629664,0.0149418622096378,0.00817218941941293,0.0181126147297886,0.901379619663084,0.0305826068766018,0.0141990179991296,-0.00182449933085572,0.794648537941757
"NUMEX_BILL_MELTON_CA_2019","210","1","14","2",0.00735909538118534,0.00694445642208681,0.97931002534283,0.0069880029738192,0.0163942327457309,0.0298555043134953,0.017130619836166,1.07026962563831,0.00349713983625148,-0.00119372720723423,0.0244554067808268,0.935796903760149,-0.0276555912956551,-0.00243721053777493,0.930254692255583,0.0171534857093545,0.0162410685184662,0.0139310643249251,0.868198684640908,0.0239299629717858,0.00289143643851849,-0.0121651369077499,0.586817705504125
"NUMEX_BILL_MELTON_CA_2019","211","1","14","1",-0.00446516011826973,-0.00613227375466649,0.619433509373356,-0.00586211869793244,0.0176418988068744,0.0260237514017526,0.0119335045326068,0.836931493834376,0.00794067551187462,0.00901242880952609,0.0216974094592324,0.748288194108495,-0.0186070192845026,-0.00525517040232432,0.77360599104291,0.0171693726540303,0.0204105075239076,0.0162098551877491,0.648033735336945,0.0130341685705599,-0.000969521351728266,-0.0239834620472514,0.224258725841106
"NM1701PAR","212","1","15","1",-0.00742711741643614,-0.0124221768286842,-0.31586902051967,0.0436524350412568,0.0170187092668929,0.0125106465405664,-0.00245286053004505,-0.278326430032827,0.0275727752864579,-0.0152704304189305,0.00346636189888879,0.00207342016923956,-0.0123703680073489,-0.00822742277611801,-0.439620549232382,0.0194422246476706,-0.00820961059734594,-0.0187335942243784,-0.591662264748319,0.0108780907829057,-0.0126080182891878,-0.0123727840725916,-0.375892420258977
"NM1715PAR","213","1","15","2",-0.000394523191093412,0.0067602469829399,-0.045069659963458,0.0501702368148112,0.0205243417649757,0.0252595967828983,0.0039254036114167,0.209007775709135,-0.0343648030522624,-0.0144399499901939,0.00530250434151658,0.233212841617637,-0.0158902097644395,-0.00389202518656203,-0.0119077894791003,0.0419712037546309,0.00478774386324537,0.00398452173758943,-0.116972490856027,0.0202159231043265,0.00315411807303308,-0.00839751552607276,-0.0543258754695063
"NM1703PAR","214","2","15","3",0.00407710615131992,-0.000530630903255415,-0.0506568109642003,0.064893708792664,0.00747204921793528,0.0287851542484855,0.0024432157113326,0.125320578798629,0.0487441666751891,-0.0166584343768011,-0.00034679486248675,0.13243303442206,-0.00937630562324387,-0.0147266277628883,-0.0969937840286027,0.0408719170779306,0.000243993086396365,-0.00843406963750455,-0.270396087763174,0.0157405664469485,-0.00879309350777705,-0.0114255630627172,-0.0907380995527925
"SW_9812","215","2","15","4",0.00310043600006034,-0.0158200263497153,-0.194918899963294,0.0284329409363998,0.00827385873772383,0.0219469647958463,-0.00407169291437084,-0.0775101173085526,0.058159032958488,-0.0314240638928264,-0.00509951215463892,0.157174486703783,-0.00799505467865321,-0.017891640870895,-0.11351732399406,0.00285521475190967,-0.00280162795020077,-0.00820078944573567,-0.202550774862142,0.0072693329114447,-0.0173044199112661,-0.00180158874280173,0.0726691636363426
"MESQUITE","216","3","15","5",0.00343507101175621,-0.0109132961273601,-0.0286723832871395,0.0127250315116581,0.00875924908891421,0.0257049416114129,-0.00371577204988338,0.100584162839519,0.0498397058268455,-0.0277257237780922,0.000983978214618207,0.369040616960598,-0.00539324570092673,-0.00944917964305775,0.095530481121058,-0.00029204219865622,0.00344353970483182,-0.0165982578181928,-0.181616615876243,0.0185613205765198,-0.0143371630973976,-0.00548232120330972,0.117156683356637
"SW_8888","217","3","15","6",0.0236975321514919,0.020910772075894,1.15259162878075,0.0336838991183276,0.0188654009234935,0.0446517223471345,0.024600321502313,1.07691655101777,0.0535419545209463,0.00799654179876155,0.0260809011627075,1.02860423420097,0.00947274303443538,-0.000842409958623009,0.945095593831799,0.0127070927716046,0.0213953785962342,0.0194042476333156,0.873578571871338,0.036427430122815,0.017878473823308,0.00899928095139713,0.818019994090183
"NM1705PAR","218","4","15","7",0.0084373178220559,0.000397135353655729,0.768334426493416,-0.0436293387147626,0.0124625699183612,0.0331838612010751,0.0149420473131263,0.834740669487763,0.0495008896560216,-0.00525445588899729,0.028392190754417,0.832571508341088,0.0100227443262688,0.000943346227671883,0.763219017684774,0.0151634223645057,0.0227442362520593,0.00300714050375191,0.606484326129234,0.0279891660880466,0.00313810637227058,-0.00947822382107632,0.489597552101047
"SW_1011","219","4","15","8",-0.000395277232882538,-0.00446098667145975,0.473196236243916,-0.0273672626281921,0.0158419840653254,0.0305304039149263,0.0127639822602363,0.675733573050693,0.048168751484701,0.00454450081571813,0.0269167935958086,0.668872528815465,0.0111947472250637,-0.00245743242700346,0.635242269870961,0.0133233306150408,0.0256529603103587,0.0111583247954238,0.448836396010108,0.0185125231792122,-5.26743266874925e-05,-0.0181288131790886,0.156576373192196
"NM1715PAR","220","4","16","8",0.00290178207874201,-0.00830949275726703,0.0479151019743268,0.0552370012413074,0.0104029165057116,0.00715950616230474,0.00865854116094441,0.0484150037277797,0.0342933291925364,-0.0199224099339701,0.00750001633015779,0.189247623906909,-0.0144615357913616,-0.00256759870689526,-0.188142826027431,-0.0167830672932254,-0.00147622615053287,0.0207669911624438,-0.446304118451015,0.0149707438790365,-0.0114549655573165,0.00219294491848615,-0.241934752700082
"MESQUITE","221","4","16","7",0.00890704285532588,0.0135172336944984,0.319749381953416,0.057761415816832,0.0150144634357786,0.0188146124744202,0.0144190416123412,0.542048223312756,-0.0431017335824826,-0.0224330695108826,0.00881306523840064,0.406804659844978,-0.00270965535601872,-0.00407543183495666,0.174479213574511,-0.000593684895325965,0.00816838765534669,0.0407339927156368,0.0101651689889687,0.0246110964058231,0.00430579278952539,0.00440241836002872,0.0335995931292715
"NM1712PAR","222","3","16","6",0.0133652245437445,0.00839831372894169,0.35698138656546,0.0542938904108341,0.00385441386976117,0.0214349877248091,0.0125708287345507,0.494873071231522,0.0420285055153648,-0.0201577610408929,0.00133042797853486,0.324512892462974,-0.00539360167695921,-0.0173537474889584,0.0597192818266073,0.00198017863965912,0.000479190933547309,0.0231888346275466,-0.155428699128301,0.0223157921377301,-0.00724042664952067,0.00105272701874422,-0.0150069061297586
"NUMEX_BILL_MELTON_CA_2019","223","3","16","5",0.0123890673718027,-0.00379177136303861,0.315784341931456,0.0392379182124349,0.00443207106428947,0.0151044347458527,0.00912251316750589,0.420782912568183,0.0546009973009445,-0.0173256491428223,0.00193159771218435,0.436087389013605,0.00298402344883296,-0.0089521226634254,0.161462095225062,-0.0225475489242517,0.000399406805522613,0.0242637344399657,0.0297080523096359,0.0148001663332349,-0.0120415360590027,0.0151530721404174,0.197068239604659
"NM1704PAR","224","2","16","4",0.0144765292854132,0.0094166623641221,0.489122001961717,0.0486238466804938,0.000639105033928017,0.0201556101759786,0.00919588837638837,0.634005298107506,0.0490324378596714,-0.0102307621360294,0.00741832800001106,0.646857259201589,0.00117820033365089,0.0107682823506033,0.414396588961906,-0.00886851430162616,0.00548177656833811,0.0147084174077126,0.0608749948896673,0.0266266207582203,-0.00899097621046923,0.0127003585857534,0.258704139261888
"NM1701PAR","225","2","16","3",0.0308834182145801,0.0354957800724749,1.51669102477064,0.0565973638397855,0.011658052735113,0.0389359954012489,0.0330460248982509,1.37829694534578,0.0522662508161549,0.010593566130792,0.0266510329464134,1.08679790265732,0.000202274168482749,0.00859661800722463,1.04088082713929,-0.000869255616255073,0.01494558093389,0.0376726818445916,0.979027248243038,0.0435081797869091,0.0224552795198041,0.0272354533021475,0.894539206951401
"NM1702PAR","226","1","16","2",0.0125716886799791,0.0105558225178456,0.895399840713679,0.0176077887230803,0.00535274172014277,0.0266585668098962,0.0168522167291504,0.951326136368834,0.0581534251269452,-0.00940548728429195,0.0228029731645163,0.763705578634543,-0.00341266708243759,0.00339108441061329,0.681941949123215,-0.00479522216113562,0.00849886094971655,0.0141405204527189,0.583376350103101,0.0346099701009688,0.00645063509294224,0.00936412290641645,0.505804983049417
"SW_9813","227","1","16","1",0.00525452600196883,0.0098774678941341,0.561008876566858,0.000330390971157383,0.0104094307688621,0.0259990878772057,0.0153052601637414,0.755020536773235,0.0634794064234,-0.00853016727549204,0.0188674360299236,0.557037009429195,0.00667249337718422,-0.00348052560115296,0.464491130858593,-0.0165537472861109,0.00800692850724005,0.0240009715892958,0.377661125002026,0.0268347705535735,0.00160120952118536,0.00349083504924372,0.163648998766093
"NUMEX_BILL_MELTON_CA_2019","228","1","17","1",0.0113298436484731,-0.00464555111568567,0.647142547959884,0.0792176377659596,0.0140831788131826,-0.000695980297968949,0.0157264681653924,0.402792930677641,0.0414731886509903,-0.0273065915222158,0.0165275720993011,0.439003657837466,-0.00173710620734762,0.0255770257198242,0.206030976861713,-0.0335139358554395,0.00348983244016469,0.0477484075321182,-0.0888159928247289,0.0195849047689231,-0.00650750231880999,0.0185850612725541,-0.13339555392834
"NUMEX_BILL_MELTON_CA_2019","229","1","17","2",0.0181983426346234,0.0201745875806813,1.01517625573611,0.096579463397986,0.0194599612571127,0.012005238231608,0.0235957354704094,0.951417067769004,-0.00049548807290107,-0.0201581931723934,0.0187499994258804,0.67239567355504,-0.00299275986683682,0.0204038797932245,0.528315542469165,-0.0171345065036093,0.0129306843908147,0.0682774713510009,0.424677489146762,0.0294399299460175,0.0115722015356967,0.0225498496017079,0.117754358393031
"NUMEX_BILL_MELTON_CA_2019","230","2","17","3",0.025136846762543,0.0227291718280917,1.10810827822005,0.0683484799875289,0.0073425752675071,0.0156202454087254,0.0248560199079361,0.915338186184421,0.0674268311135239,-0.0193595142308179,0.0106735795137044,0.581477754015051,-0.00776643092658464,0.00294850919405102,0.294601742841718,-0.00823821367468898,0.00248560823183646,0.041622223414823,0.22940947854368,0.027933128786875,-0.000649654038500141,0.0192194945305279,0.0657655078602278
"NUMEX_BILL_MELTON_CA_2019","231","2","17","4",0.0254263905028398,0.0171744709979651,1.17657447203478,0.0243704583775569,0.00648133856309662,0.0139446714154182,0.029329121027159,0.992750933727549,0.0717836479381684,0.0101935082888356,0.0194444762806099,0.839991182107285,0.0109320583437793,0.0284221014893418,0.593717099097714,-0.0191530974098547,0.0165765644183951,0.052958523938704,0.629789572448681,0.0207775263118934,-0.00188107356397967,0.0400886541264281,0.380096529623573
"NUMEX_BILL_MELTON_CA_2019","232","3","17","5",0.03144986783513,0.0379208873967514,1.45350681383513,0.0542199818284352,-0.001101774094562,0.0206334369830886,0.0348989835081512,1.39015708453577,0.0633744504588532,0.0388783464983155,0.0289404295027339,1.18239567239465,0.034997240615332,0.0633567765690928,1.07938548350495,0.00666958563147077,0.0341463641013608,0.0525178219562803,0.872155673810778,0.0323691085814473,0.0028970416857691,0.0418981558080253,0.559272193616149
"NUMEX_BILL_MELTON_CA_2019","233","3","17","6",0.0479568018158302,0.0593368204137549,2.50265811289241,0.0404419221010713,0.0115999021643073,0.0364356812654827,0.0575394219547969,2.0537962839109,0.0662824286038309,0.0650347108645757,0.0462736463725749,1.50624293309993,0.0427945462834346,0.059591577240891,1.64657672585433,0.0117279153786241,0.0461396201327322,0.0615795484164844,1.75728803290862,0.047998128638306,0.0336032384179746,0.0600681240697716,1.23559521845434
"NUMEX_BILL_MELTON_CA_2019","234","4","17","7",0.0251860629502239,0.023127636649909,1.54722306377998,0.035665634471352,0.00628086143525137,0.0201224038760758,0.0333474694285332,1.25430924982422,0.0853428212020209,0.0264117606875443,0.0339565438517626,0.941485714459622,0.0186192108273719,0.0425933137194625,0.915552881403377,0.00590779613001797,0.0285742869049469,0.0148457626361442,1.01580259963398,0.0381063478382312,0.013009129407099,0.0408295427727426,0.673619265042036
"NUMEX_BILL_MELTON_CA_2019","235","4","17","8",0.0173579974287246,0.0170831573709279,1.08565882419179,0.0316559519456164,0.0121790716387667,0.0180093742201694,0.0299903095123752,0.9190991745571,0.0791533864975747,0.0136728092138882,0.026313078644397,0.634672697209026,0.0136536917393211,0.0307127638451031,0.535578937243698,-0.00258843768659786,0.021144391730416,0.0144242643881832,0.672985593602684,0.0298363919996351,0.00496910860303909,0.0314018655942414,0.276798629852669
"SW_9720","236","4","18","8",0.0422365553274282,0.0267135966449843,1.19683155346302,0.0372120255617402,0.0137331190664404,0.0127098220626625,0.0335698240976603,0.993925225699097,0.061816309309465,-0.00995631800161763,0.0319786821245815,0.731804566217505,0.0249497664574697,0.0625855038763584,0.597793402718557,-0.0436933713811249,0.015613967437375,0.0579444178209371,0.236368090345226,0.0280443056128699,-0.00403837845949413,0.0382720842703514,0.0208287165553715
"NM1701PAR","237","4","18","7",0.0514593186038312,0.0534160135918955,1.69410096053682,0.0411852297711092,0.0214702657460947,0.0268852039880196,0.0435761197876993,1.66746185990578,0.0676420115124576,0.00716714709798497,0.03654231162104,1.05155864053958,0.0400137691121447,0.0605512183157885,0.982320946909205,-0.0263990246921308,0.0265671220849738,0.0769313929997676,0.821072854479159,0.0380049672020906,0.0135989707013881,0.0435313681577084,0.292758913939251
"NUMEX_BILL_MELTON_FG2012","238","3","18","6",0.0604504039628183,0.0596384200492009,1.83721980706517,0.0401552189604734,0.0101491494748931,0.0305868643346639,0.0457568648940007,1.65662050605535,0.073120375173959,0.00937865571361236,0.0285979472257602,0.992219065958048,0.0607452511296729,0.0437719385048832,0.733185604856249,-0.0175332627515556,0.0177251851155397,0.052624584798863,0.659801494123041,0.0375557661274398,0.00353417760026031,0.0416380331032911,0.292737110568118
"SW_9812","239","3","18","5",0.0627053928124265,0.0580179537152045,2.00294840995305,-0.0262503738237644,0.00839985961124998,0.0319708813668541,0.0539795313948052,1.87728946186918,0.0483514594369404,0.0566738282046385,0.0417456127299105,1.36370075887403,0.0645214936921985,0.0737854126939595,1.1801747023238,-0.0152698579053277,0.0337456124444686,0.0652798724341598,1.17315953534515,0.0314390867623161,0.00843201432207348,0.065991483027291,0.705200230835856
"NM1705PAR","240","2","18","4",0.0698982097606391,0.0769900466837897,2.3593347427196,-0.00665934368721314,0.00082800284828767,0.0387080158123415,0.0602700603363763,2.3498574364999,0.05154378010028,0.0840263285041851,0.052077179647855,1.75146058887037,0.0548172195621146,0.109281976171372,1.75513778522446,0.0149182350622269,0.0496291096678882,0.0701900371438584,1.46087957335302,0.0431452008580485,0.0153284313852772,0.0693352820765064,0.956864507813828
"NM1713PAR","241","2","18","3",0.0834366328539599,0.0927530636659661,3.33090674237102,0.0203053194360794,0.0146693619661093,0.0503188271217198,0.0780869630038531,2.78116591505516,0.0771136363330677,0.0918040834240558,0.0649047086479104,1.88040856799324,0.022019039048552,0.103327934621323,2.08911874502828,0.00918168495215578,0.0507699396650352,0.0719049844460773,2.07234049670308,0.0578658416754074,0.0436261488883399,0.087771660446416,1.55392407017208
"SW_8888","242","1","18","2",0.0589100500724405,0.0504772959647102,2.24292769979563,0.0684518096996629,0.0124543756118308,0.0305645125044733,0.0507045140411952,1.80225467568278,0.0974882222726668,0.0453727406985686,0.0485767656001698,1.23416350926603,0.03250163043547,0.0848962047931673,1.29441613071324,0.00536219257643264,0.0295430729807173,0.0237037334801715,1.23928311531555,0.0487551215599734,0.0226284931305114,0.0702533297272714,0.918617593705861
"MESQUITE","243","1","18","1",0.0487323987016849,0.0377167494008453,1.73188345754807,0.0964698069813527,0.0185170661271359,0.0257923492264798,0.0461158028266831,1.40162238010194,0.109447660707733,0.0237443151921351,0.0389233232711761,0.942226716963435,0.0215694965845685,0.0721248863080761,0.928745530132752,-0.00135793452197152,0.0186553830669833,0.0195164599655211,0.893099051682375,0.040874831293007,0.0127041986412683,0.0593697701103227,0.511496389700652
