"Germplasm","Plot","Rep","Row","Range","ndvi_145","ndvi_152","yld2","ndvi_160","ndvi_165","ndvi_173","ndvi_179","yld3","ndvi_192","ndvi_201","ndvi_206","yld4","ndvi_263","ndvi_270","ndvi_278","yld5","ndvi_299","ndvi_307","yld6"
"SW_1011","300","1","1","1",-0.0134663604208805,-0.0222420482766644,-0.606900354754276,-0.0147317362344218,-0.0109522102286735,-0.0462450279725282,-0.0639833591248544,-2.59008478867834,0.00566270714058153,0.0118087752783076,0.0337060231470247,-0.611951851182391,0.0175716800199563,-0.000299395022491999,-0.0754427663965304,-2.0144221614289,0.0121569829949819,-0.0536187941502143,-0.884193085782037
"SW_8421S","301","1","1","2",-0.0200127840982145,-0.0232928204249717,-0.851147524446816,-0.110866456648095,-0.0151630118564902,0.0678787787407647,0.0403242104954571,-0.261466882851522,-0.0171280696238606,-0.0274411712646788,-0.0220379247422414,0.192236752206691,0.00547465688957993,-0.0032632656396182,0.0622805437856853,1.37429820578085,0.0281779085067958,0.0198983982217352,0.342358271588303
"NM1715PAR","302","2","1","3",-0.0182404838971524,-0.0235604511772914,-0.723078140427246,-0.133263911487603,-0.0169862869247017,0.062405806893988,0.0334579369880784,0.196267434587863,-0.00680256778781648,-0.0195371303023407,-0.00919608244523722,0.366140908993525,0.00232568373978243,-0.000353909353690355,0.0460576060236699,0.924717956493873,0.0276495738827444,0.0219180650730683,0.422984843275454
"NM170506PAR","303","2","1","4",-0.0264971268724815,-0.0177754169425785,-1.01524099145074,-0.0931604886504222,-0.0172520331141356,0.0458893358842711,0.0300631000352629,-0.39123134256788,-0.0250016504111504,-0.0145398224263551,-0.0272500659896069,0.214287971328206,0.00248106604971422,-0.0060100962871297,0.031540413008647,0.695180062907466,0.0280270250412845,0.0126212098064286,0.167842068996691
"SW_9813","304","3","1","5",-0.0237605072183829,-0.00827078246559299,-0.727173936934424,-0.0540631584698876,-0.0236819442289358,0.0288538550058829,0.0359530988892674,-0.206748195963741,-0.0384980606608071,-0.0282942667259111,-0.0208346294956362,0.109775567126506,-0.0024746289767076,-0.0135510654622176,0.00426857201481002,0.281106755512429,0.0246950099530631,0.00520761104896752,0.305464418789302
"DONA_ANA","305","3","1","6",-0.0196288909949422,0.00273899422548875,-0.940802718598379,-0.115250958118436,-0.025249491821901,0.0453025478660726,0.0210763429200419,-1.06841755044577,-0.0377749846594026,-0.0362448654653605,-0.0172575045085053,-0.256354045600726,-0.00201238063239733,0.00144118811154918,-0.0164836656940928,-0.296979223170159,0.0103455090507743,-0.00199521230413325,0.0335177542821856
"NM1712PAR","306","4","1","7",-0.011151881939354,0.0181318352361526,-0.584785969424383,-0.160890014352469,-0.0262065691236184,0.0384820716563325,0.0079733669430134,-0.883917014824989,-0.00543017563092004,-0.0170248301879777,0.0100585395248632,-0.441354060366309,-0.00831546588344902,0.0149101069129682,-0.0258882456918237,-0.45077532893266,0.00473413585260715,-0.00767916788190342,-0.0481024339263325
"NM1704PAR","307","4","1","8",-0.00617882071678725,0.0210099552704289,-0.616383725757173,-0.121081493176453,-0.0238043539581942,0.0444863505407217,0.0106032261767667,-1.38953198079032,-0.0681941572792643,-0.0314016517927103,-0.0590974269838512,-0.381496188675354,-0.00873198517060628,0.0134720934123549,-0.0338821573512863,-0.818560100112931,0.00610723446498164,-0.018982934050823,-0.221019022321027
"NUMEX_BILL_MELTON_CA_2019","308","4","2","8",-0.0137605901387445,-0.0177916195227615,-0.202805844645746,-0.00183572714300008,-0.0201359865347685,-0.0684943222001037,-0.0800919649563911,-2.78307118458713,0.0206364666328491,0.0183732498787406,0.0347038059561607,-0.466767338434104,0.0235390592699617,-0.00664250760386154,-0.0541584809128135,-1.8561377318456,0.0132465140221335,-0.0354560329717977,-0.902015209769214
"NUMEX_BILL_MELTON_CA_2019","309","4","2","7",-0.02313089408316,-0.0212996857214571,-0.452719454300493,-0.101012300253991,-0.0231091315342528,0.0547688579822211,0.0431405774929285,0.606714242908774,0.000431160055867971,-0.0172398955289324,-0.0456341716069761,0.623546568935002,0.00877967880536898,-0.0118184424673072,0.0893080001080114,1.98689441956718,0.0296220760452545,0.0401878048920049,0.57794773337124
"NUMEX_BILL_MELTON_CA_2019","310","3","2","6",-0.023997459695058,-0.0228676757129335,-0.373014974139915,-0.048484289757099,-0.0213330845692922,0.0306808810078374,0.0246820370816909,0.854211481957977,0.00215479393037846,-0.00330233242346705,-0.0260891089317694,0.720276470462587,0.0049950037630151,-0.0120354530051658,0.0547923657948196,1.13939942159351,0.029892851749171,0.0363348406243777,0.646923124422372
"NUMEX_BILL_MELTON_CA_2019","311","3","2","5",-0.0337927321008423,-0.0219844100761264,-0.784973144049259,-0.0352767911312109,-0.0164572335562388,0.0149555936455104,0.011097443983727,-0.0915971328037295,-0.0135972251621366,-0.00231795954913475,-0.0425330138693925,0.366684090939062,0.000567511826131631,-0.0207420433654598,0.0406385476833111,0.568362638998314,0.0301213617061204,0.0286570447110453,0.329504322063692
"NUMEX_BILL_MELTON_CA_2019","312","2","2","4",-0.0294195511801798,-0.014203381328579,-0.5279647842221,-0.0557204817945973,-0.0158289239758895,0.00302367863465163,0.0182249518847625,-0.0986478906439199,-0.0119950547582998,-0.00408196635902618,-0.0292221950126156,0.269733732686149,0.000786736711133059,-0.0273359938700123,0.0185703763649602,0.234175052341385,0.0273563038393771,0.020956090116987,0.361674131561915
"NUMEX_BILL_MELTON_CA_2019","313","2","2","3",-0.024900063806638,-0.00665320184892736,-0.683977588815191,-0.121984166890503,-0.012379275121469,0.0191414896846067,0.004797063747958,-0.600303238380263,-0.00570935974073516,-0.00517895150875224,-0.0271723175246827,0.0844437849786871,-0.00330606375981208,-0.015243855395093,-0.0016077956211272,-0.119142229337853,0.0132577414787965,0.0129472770630679,0.148069581550846
"NUMEX_BILL_MELTON_CA_2019","314","1","2","2",-0.0167332485049455,0.0120248073361893,-0.162566437564655,-0.117166704520154,-0.00946008569651312,0.0198499594202496,0.00913375569071156,0.00509194313504594,-0.00223708174705825,0.00483687478941688,-0.00663579401493412,-0.0633685749594522,-0.00519330338378925,-0.00168150737895338,-0.0123761705943461,-0.00245002471135446,0.00874241396433842,0.0113999048512354,0.242938207649052
"NUMEX_BILL_MELTON_CA_2019","315","1","2","1",-0.0119458150261281,0.0173953444172139,-0.238974640502438,-0.125478123151589,-0.00705219623815451,0.0282210819032866,0.0141070218515333,-0.42680607736317,-0.0698298150012276,-0.0119986850787639,-0.0684536066210714,-0.0560562248583851,-0.0070396265727836,-0.00126618668233845,-0.0070400428931411,-0.125912492682148,0.0104250170194925,0.00320446392486425,0.0867443724974798
"NM1703PAR","316","1","3","1",-0.00709717138148624,-0.00709359036419355,0.115018440118391,0.0518999342815325,-0.00527464298338871,-0.0501142550980232,-0.0697788496837783,-2.35919890068245,0.0193119595489419,0.0187766137495574,0.0268098319841516,-0.27028029074962,0.017339286211996,-0.0119202605406515,-0.0381777148979332,-1.60058416903251,0.012200977471982,-0.0181367867137853,-0.517905606825609
"AFX_779","317","1","3","2",-0.0168436781109592,-0.0103098628401277,-0.234540616068641,-0.0536290855985777,-0.00333967821464175,0.0401806531473674,0.040241111618418,1.47632752937329,0.0080407181681108,-0.00360973601482051,-0.0459688195840358,1.10511575963623,0.00443689111363936,-0.0191575409394948,0.0929796482161518,2.19877249182695,0.0286940380835683,0.050089888776704,0.857946885894598
"NM1703PAR","318","2","3","3",-0.0175775903518951,-0.00832946595485616,-0.224204880358111,0.0286637155713211,-0.000432152770133679,0.0143608982664349,0.0299538510347389,1.53203104393564,0.0087065464117079,0.014146217033182,-0.00443989480417746,1.17932563779262,0.00364960210873682,-0.0232208933532085,0.0547019917153333,1.23140269213894,0.0298970467392919,0.0445267995988238,0.863072569915854
"SW_9720","319","2","3","4",-0.0265151931270977,-0.00961402650373515,-0.548812945803144,0.0489891360963401,0.0042266926641414,-0.00492552132253023,0.0118738201830813,0.548864313083715,-0.0123977997887018,0.00477617471936872,-0.0358751240911749,0.707207909383592,-0.000868979379353843,-0.0340732133647337,0.0402814541261898,0.737741305124251,0.0307903958529264,0.0399306740888341,0.644039789228218
"SW_1011","320","3","3","5",-0.0220895270557568,-0.00698028676634675,-0.46918482020821,0.00389855926721366,0.00389100166003656,-0.0238224520136578,0.00373469521387203,0.140529600419558,-0.000407057655272218,0.0086676120813407,-0.022529064433811,0.35908369910914,-0.00209851758233751,-0.038844640702087,0.0224542881554367,0.355339210868826,0.0288639529330607,0.0327654067826753,0.450289940634215
"NM1715PAR","321","3","3","6",-0.0188732917562968,-0.00820186092623495,-0.694859393717851,-0.0567815149331307,0.00334044463066495,-0.0197350511227929,-0.00931012848337098,-0.0845780301006588,-0.00792737506036098,0.00651712910271491,-0.036792194455917,0.23256974465313,-0.00220976724916504,-0.0281664266084499,0.0174114179386048,0.13586670139331,0.0153510493781822,0.0275194099438298,0.242586809860632
"AMERISTAND_803T","322","4","3","7",-0.0123386587263627,0.00530082413352137,-0.321558376908531,-0.0510348826255487,0.00291554973285853,-0.0110598425742599,0.00237619758939985,0.388077472110695,-0.00900454960702877,0.00942183427002712,-0.0197439314933277,0.184663118509606,-0.00546871043514264,-0.0143888652153476,0.0170778427704248,0.196229721560664,0.0122857503839743,0.0351783729182155,0.264081876158335
"NUMEX_BILL_MELTON_CA_2019","323","4","3","8",-0.00925076107864232,0.00912982936516356,-0.626595364444417,-0.0507572349765431,0.00261668085499699,-0.0108364477832743,-0.00133592509035626,-0.595935845829466,-0.0718140688587668,-0.00956103210380572,-0.0539280879166547,0.110050530909417,-0.00661627054143437,-0.0128297071337858,0.00711355024385129,-0.299421164479079,0.0138584454032306,0.0224355617690778,-0.0511487642876635
"AFX_779","324","4","4","8",-0.00629088518972882,0.00231427169999145,0.589457589148048,-0.00283714439608762,-0.00851604724625049,-0.0161390230246701,-0.00537042595796354,-0.657569371954147,0.00686937213171938,0.0121674451171143,0.00406615823702011,-0.210692570874228,0.00550694097030334,-0.0076023847951077,-0.00413643112350967,-0.474380671538727,0.0177011157359591,0.0035352184020399,0.229484051505162
"NM1702PAR","325","4","4","7",-0.0182978990391598,-0.00993800463274736,-0.133269966048717,-0.00206092795743629,-0.0119256913694068,0.0194648019903348,0.0371695100116342,1.61056373002472,0.0050842129147915,-0.00312655086673586,-0.0583798392453607,1.0052283560749,-0.00641210231990672,-0.0141687382064999,0.096797762300155,2.30392664145745,0.0326992756046573,0.0495858584435925,0.94799914542336
"NUMEX_BILL_MELTON_CA_2019","326","3","4","6",-0.0178770878697126,-0.0100761446264889,-0.187093475300468,0.0744107276746705,-0.0116514353406674,-0.000374038504792902,0.0227560673401943,1.37864634231019,0.00859592309192473,0.0116622378223778,-0.0254124238449001,1.1196234919501,-0.00258307287247812,-0.0168011977679211,0.0394938191347312,0.918127114202872,0.0338612529114415,0.035349839260235,0.7266218052394
"AFX_149092","327","3","4","5",-0.0244625789174118,-0.00994351241273544,-0.300661580740265,0.0949912069806217,0.00156897535345228,0.000239305260224108,0.0159259392330325,1.1629524480629,0.00185573033092956,0.0135222544785827,-0.0140365664782535,0.836176507949583,0.000238792197092085,-0.0271772094311317,0.0345051409635723,0.881474581671261,0.0366426902506103,0.0367334085612206,0.845176083840612
"AFX_149092","328","2","4","4",-0.0188659806599258,-0.00622477137614408,-0.11227215805002,0.0540179398565498,0.00142765357151055,-0.0201800177444513,0.00923847568959409,0.388668359736027,0.00071985770435254,0.0112858839506773,-0.0178250994340278,0.310523372197238,0.00326167090277995,-0.035403363185002,0.0169660492292965,0.386826620508666,0.0359082644729977,0.0286387139284937,0.539761905319037
"NUMEX_BILL_MELTON_FG2011","329","2","4","3",-0.0171358259361106,-0.0131299172470526,-0.316938018118091,-0.00660927587243497,0.00226862809430583,-0.0298961601181377,-0.0187114951890188,0.0659976980000358,-0.0048906200967911,0.00519493789462522,-0.0236943844331382,0.354625702721949,0.00384616799370886,-0.0264049587833425,0.0162421156766337,0.317369451807267,0.0231220153616884,0.0248076816607462,0.376347805641549
"NM1704PAR","330","1","4","2",-0.0130160608497567,-0.00504308108289437,-0.117709078441966,0.0355807259338598,0.000595217976013487,-0.0223978023078281,-0.0141319454244735,0.198310249242842,-0.00775582110017698,0.00579613124653328,-0.0246128335267159,0.266661841682241,-0.00484365453791257,-0.0185839943844908,0.0214510869843833,0.474819352557615,0.020328763600836,0.0301160589313057,0.385208190150641
"TMA_990","331","1","4","1",-0.0115271778387542,0.00253224670739,-0.272103944001459,0.0415244975767145,0.000332951319248572,-0.0130882047522709,0.00803788678094546,-0.00855355614728395,-0.0562855071404038,-0.00770195484601521,-0.0307440336615477,0.372008322766928,-0.00239432983724296,-0.0197331755932572,0.0137901221895489,0.263632906347584,0.0212202140920727,0.017232270720681,0.19803817152377
"NUMEX_BILL_MELTON_CA_2019","332","1","5","1",0.0019636409792242,0.0156522357465111,1.42418694182507,-0.0895693060536795,-0.00509515085501154,0.0222031178301619,0.058535359690137,1.71435753010206,-0.00306512306112465,-0.00477324700440139,-0.0294168637669822,0.232382141018786,0.00197512439351308,-0.0152289982011464,0.0312900359403457,0.60015044109393,0.00818277745026922,0.0107517905083355,0.802563979764243
"NUMEX_BILL_MELTON_CA_2019","333","1","5","2",-0.0106822431988632,0.00052001027373004,0.465435986656278,0.00144843504281512,-0.0069570604636427,0.0269567862328271,0.0533028883951329,2.30629943231758,-0.00152441969705196,-0.011280971116697,-0.0533181984163134,1.18590235923697,-0.00343163758299986,-0.0220089614163577,0.100977978016632,2.65601379102568,0.0208333667306526,0.0369566031158271,1.07010358986576
"NUMEX_BILL_MELTON_CA_2019","334","2","5","3",-0.0103113040014431,-0.00186930351822793,0.160584115246514,0.0237397236934707,-0.00329640113775798,0.00909312887772062,0.0326274714651074,1.30586411472525,0.00612113935097827,0.0034522583503756,-0.0279574782423352,1.13718908492204,0.00489588004830056,-0.0242513636747689,0.0373479442573135,0.843078344845545,0.0217097380833209,0.0178169384536041,0.636777590035571
"NUMEX_BILL_MELTON_CA_2019","335","2","5","4",-0.0190701711486497,-0.00510800593469987,-0.153106851805962,0.0780844009939213,0.00606765109865031,0.0112980560422501,0.0154018010745958,0.685125860407829,0.00277772539564912,0.0025479814516672,-0.0108699825457732,0.696367465063806,0.00287311638158988,-0.0347651917723815,0.0269194053478736,0.740657626922305,0.0255939657252603,0.0167093498137147,0.623481999424307
"NUMEX_BILL_MELTON_CA_2019","336","3","5","5",-0.015859181880102,-0.00329295454012401,-0.0756316897636518,0.0997542040498282,0.00744919152207613,-0.00832347606592442,0.0115953185728605,0.211943011591567,0.0129497338711157,0.0102165460787211,-0.00659304380165829,0.0948626800888878,0.00106589085547626,-0.0440944847229073,0.00556082663231374,0.290868785931284,0.0261601651532629,0.0109603738668811,0.449024745108397
"NUMEX_BILL_MELTON_CA_2019","337","3","5","6",-0.0161577867100963,-0.0124445635950877,-0.353746361592812,-0.00324308472046458,0.00848778668187892,-0.0139043298449979,-0.00897772112231822,0.0694166823541268,0.00753089031083366,0.00323034097957854,-0.0164437577891865,0.164597992015989,0.00365406747154374,-0.038447410697137,0.00735951743733568,0.292639840852994,0.0136159430658957,0.00552360625648343,0.25079309393688
"NUMEX_BILL_MELTON_CA_2019","338","4","5","7",-0.0137857114481051,-0.00902747710956569,-0.328665666251032,0.0414675226256481,0.00747404366491814,-0.000987592707646863,-0.00865084105055786,0.139334199181751,0.0146731005948876,0.00628265798796706,-0.0183869522141815,0.209264832281757,-0.00428655569825841,-0.0339107488938332,0.0218314175531681,0.511485534014554,0.0108434164843176,0.00871860895999193,0.343124403424005
"NUMEX_BILL_MELTON_CA_2019","339","4","5","8",-0.0145205536003312,-0.00325883743541109,-0.618571030336338,0.0719244387216896,0.00528712636359791,-0.0021264472483923,0.0189304620493497,-0.265114655307488,-0.0242588867601786,-0.00897366314567522,-0.028990772590734,0.477686855342994,0.000120361491811794,-0.0363107806907708,0.0124683941530672,0.249599657967541,0.0119309093863806,-0.00167087936658463,0.195304693868208
"AFX_149092","340","4","6","8",0.00244669362465767,0.00615041969825098,1.30038871135143,-0.0498180474120889,0.01598643614843,0.0181959878414645,0.0416731498734486,2.03426169415064,0.00178504797207215,-0.0131300402230161,-0.0428855676734038,0.483138097656955,-0.0100303411916518,-0.00683979119658666,0.0552947344802889,1.30042954246694,-0.00637527045692638,0.0135511169165136,0.959088033037
"NM1713PAR","341","4","6","7",-0.0101566299855006,-0.00601994532936706,0.343939484405353,0.0336664647981554,0.0127878184396907,0.0214780408526468,0.0354545965530155,1.99756412544414,0.00313574770613111,-0.0153491463152009,-0.0409259493183245,1.12090632191709,-0.00881263269692131,-0.0152082587198506,0.0994107546948335,2.54291838897482,0.00427633817980207,0.03335051043192,0.987593246933165
"NUMEX_BILL_MELTON_FG2011","342","3","6","6",-0.00978714732820813,-0.00924023642008489,0.0864026463466353,-0.0070012424315632,0.0130856787823859,0.00642030495812764,0.0206306235303838,1.36696928967637,0.0202578043072457,0.0036577250123391,-0.0159880062288859,1.02229751952703,0.00910556184636262,-0.0193385309377984,0.0474951572035363,1.07701895158178,0.00524237092127905,0.0148157102249584,0.629770753730494
"SW_8888","343","3","6","5",-0.0207462381962712,-0.0183881261283312,-0.381078223090182,0.0495434926118729,0.0136622358128264,0.000740707126926097,0.00732167036514083,0.864507465402451,0.0159367141351284,0.00440760195530652,-0.00626846436432823,0.579624739241305,0.00476620312415349,-0.0309417435084877,0.0238675155086493,1.04515983776063,0.00952820273549548,0.00676966284974016,0.557391988905196
"NM1705PAR","344","2","6","4",-0.0212593581445572,-0.0230427043385268,-0.580680210138127,0.0797049490260361,0.00906750148212929,-0.0254068225501858,-0.0164334564974017,-0.135311946836816,0.0345934722253941,0.0162374595227151,-0.00275277968123025,-0.0831444586218451,-0.00421846022409699,-0.0391864813515775,-0.0101552533487549,0.0195154519549205,0.00963404280030071,-0.00418612895393472,0.199216954148434
"DONA_ANA","345","2","6","3",-0.0230192928833529,-0.0329454088523253,-0.932790581059,-0.0146181162336475,0.00736150976643392,-0.0306222512538545,-0.0363864583257912,-0.575604291680698,0.0277088414374709,0.014997020416686,-0.0285736152919049,-0.157381157813148,-0.000968697414455306,-0.0346684493525026,0.003545610985817,0.103109930405463,-0.00373028439550319,-0.00905241710200373,-0.0996432091575385
"AFX_149092","346","1","6","2",-0.0227096646133641,-0.0313253200839817,-0.969571137812528,-0.0141488389313074,0.00344022300624357,-0.0190265605677952,-0.0201889818610434,-0.20309893080592,0.0213066237927341,0.0071419051796138,-0.0230931041988432,0.0881268739381405,-0.00793470968294414,-0.0315281675417101,0.0208137621779804,0.579408999513978,-0.00688888507966206,-0.00837732029084222,-0.0484243330324887
"DONA_ANA","347","1","6","1",-0.0239369747368072,-0.0249996596853084,-1.27510787659538,0.0192330104477558,0.000879920228802826,-0.021063946347996,0.00382244097685549,-0.657596201189851,-0.00307626513759318,-0.00474002411104526,-0.0331943298036955,0.258631040291338,0.0014667645071858,-0.03581056176315,0.00960817062036879,0.103757040187826,-0.00502007140351314,-0.0184815594361327,-0.229122731756911
"NM170506PAR","348","1","7","1",0.00636305225926418,0.00957115022821615,1.50619967314115,-0.0396199516276174,0.00883422807354293,0.0183747084905695,0.0242597630627621,2.10193327149302,0.00100962214324736,-0.0168714793183774,-0.0237723309683824,0.344930973601622,-0.00692868867589837,-0.00187799978802276,0.054098297403805,1.55284420162996,-0.0186874122356283,0.00328486971337202,0.985834025717293
"NUMEX_BILL_MELTON_CA_2019","349","1","7","2",-0.00627769507985045,-0.00122820425266098,0.534497338533776,0.0322419618505515,0.0062210290203681,0.0138943111158017,0.0226173700378535,1.84308073826292,0.00444467946224789,-0.0103798149107582,-0.0209024017870089,0.740328802544228,3.97787505560178e-05,-0.0113853569998448,0.0839869269666371,2.24718335171179,-0.00907765811109408,0.0154709528762105,0.778380224813028
"SW_8421S","350","2","7","3",-0.00645701754602232,-0.00857089935430108,0.307117579275805,0.00781246760194036,0.00465927963260833,-0.0114201666632127,0.00227270911044629,0.992275870610958,0.0148285742498534,-0.00634213973661677,-0.00675256092976849,0.562329705584471,0.00987823324168934,-0.0138149972268626,0.0424364128897459,1.18002775202293,-0.00673779946429995,-0.000976092382696701,0.481345470375764
"NM1713PAR","351","2","7","4",-0.0183732394912162,-0.0268911286913146,-0.292318453234273,0.0778257779692713,0.00568151051816164,-0.0263247299625018,-0.0333743990074169,-0.13381831697077,0.0172221156853736,0.00200068781824819,0.0126435865253584,0.164164165572543,0.00206907989315617,-0.0225306431046005,-0.00295106660111185,0.382438292859368,-0.000778491012386857,-0.0152387235681658,0.295309200634648
"SW_9720","352","3","7","5",-0.0167677948118217,-0.0252720251118307,-0.278829733544615,0.0912546805388458,0.00603059392829565,-0.0197386277385543,-0.0331033870227911,-0.0951796638238353,0.0409574168698659,0.015378770879455,0.0104026671093558,-0.146799212680951,-0.00179898979290737,-0.0278245334004621,-0.0174127608449581,-0.131702188937793,0.00146115083703346,-0.0206633264569597,0.0706910174237447
"AMERISTAND_803T","353","3","7","6",-0.0174454748223167,-0.0300793975315521,-0.560565452532078,0.013085997887105,0.00450476132650153,-0.0290218182582704,-0.0489770026599566,-0.547593485859712,0.0318416751725796,0.00976459182246381,-0.0161159241750184,-0.141551065105268,-0.000857627755170862,-0.0235000648981315,-0.00449790848500516,-0.311154754601454,-0.0109260904899092,-0.0268479144235216,-0.302310202645365
"TMA_990","354","4","7","7",-0.0169637866664566,-0.0266348914994524,-0.557843786669906,-0.00285938003264659,0.00542724492627763,-0.0149553935658571,-0.017293214312597,0.373084227981991,0.0181868797509216,-0.00801678273278496,-0.0159227891797835,0.348138029234007,-0.000982315565061158,-0.0195775641455884,0.0202430182561314,0.46555445049443,-0.0130189173285699,-0.0224657943567128,-0.1985712408188
"NUMEX_BILL_MELTON_FG2011","355","4","7","8",-0.0188099600602606,-0.0232389538556069,-0.889833953517214,0.105414428654453,0.00723216821307281,-0.0178632565212544,-0.00432137098811052,-0.345623480431302,0.0127748717797822,-0.00352559999278959,-0.0153210300669849,0.403214192116786,0.0048574055888993,-0.023179897106187,0.00716302921580267,0.0391614626808324,-0.0109955407199943,-0.0284789544264705,-0.220343938733452
"NUMEX_BILL_MELTON_CA_2019","356","4","8","8",0.0149898335959706,0.0204518266517305,1.92358132071842,-0.0623177468246606,0.00962112300601319,0.0277379156223063,0.0188540222132754,2.63757817441097,0.00712124209160645,-0.013803195769875,-0.0419067668435106,0.478899133147469,-0.00703009595943927,-0.00771110400034397,0.0664255762443225,1.84710086192581,-0.0215130177543153,0.012853486356875,1.15505040058148
"NUMEX_BILL_MELTON_CA_2019","357","4","8","7",0.00328861972947208,0.0107845640615179,1.0622979928443,0.00527370172359851,0.0100184335341704,0.0232840961643479,0.0157589736794752,2.40806324407936,0.00871064571751238,-0.00833801977033364,-0.0314387592033351,0.864201265086691,0.00426233167477967,-0.0189429405884149,0.0903939256740166,2.36065762589195,-0.0131756283783442,0.0235428723213172,0.860007914818601
"NUMEX_BILL_MELTON_CA_2019","358","3","8","6",0.00117428708868914,0.00281999853202774,0.639435761979779,0.0298669952409713,0.00794264179082398,-0.0080544467692052,-0.00282410685448191,1.26921936354477,0.00901884166586318,-0.00757725718625249,-0.0122459653328578,0.456063853841826,0.0118129018726851,-0.018585564775653,0.0587837092255115,1.44148896568721,-0.0113381258567557,0.00571905379736596,0.58521351504119
"NUMEX_BILL_MELTON_CA_2019","359","3","8","5",-0.0128272719791033,-0.0196831848084604,-0.24500229099234,0.116808716615318,0.00900811112120466,-0.0188292649984461,-0.0236594508111941,0.0960617171172888,0.0127973615167536,0.00060506881279066,0.00613803012691491,0.0795435579410639,0.00105876556334082,-0.0260569183049899,0.0155248685128157,0.609771023314432,-0.00576920148218364,-0.0122943557920997,0.278936004304301
"NUMEX_BILL_MELTON_CA_2019","360","2","8","4",-0.016096763625699,-0.0240393645911837,-0.492990648518712,0.114968249443476,0.0103447208341197,-0.0299558876833186,-0.048482566349752,-0.429027054668346,0.0327001477381457,0.0138004479531238,0.0047552065703847,-0.285535610457209,-0.00586208035178679,-0.0278126783740121,-0.00898153221647439,-0.199391742060768,-0.00355399699823343,-0.0236856313078391,-0.115828685950899
"NUMEX_BILL_MELTON_CA_2019","361","2","8","3",-0.0178081878914646,-0.0264035762712386,-0.721186752540469,0.0464155312721045,0.00642697322216262,-0.0402484708086809,-0.0592645200585052,-0.684993761741561,0.0270280654339124,0.00353515500462783,-0.0052639416466049,-0.244712886048348,-0.00791853853849229,-0.0206688551276576,-0.00606215736833042,-0.514888603020994,-0.0152188233104822,-0.0296246428896684,-0.36690345504537
"NUMEX_BILL_MELTON_CA_2019","362","1","8","2",-0.0185268265310543,-0.025757421055998,-0.773092365998939,0.0196487234382216,0.00706867313447322,-0.0220667204934018,-0.02471475268757,-0.0210056334109199,0.0163904741467352,-0.00979145483651907,-0.0134615938187708,0.183587489559932,-0.00311888965370008,-0.0159141768924429,0.0298200787631487,0.61502072125334,-0.0159930360706885,-0.0215335596090003,-0.159587452075075
"NUMEX_BILL_MELTON_CA_2019","363","1","8","1",-0.0197161546419105,-0.0260372999203504,-1.10418296579727,0.147218209323017,0.00674856691084812,-0.0159290706202183,-0.0140402402865744,-0.378841532495132,0.0152755306206004,0.00087424333752997,-0.00330009823141258,0.259431204774164,0.00276135203463504,-0.0198335315257564,0.0170201497579706,0.361574110857085,-0.0138299392274013,-0.0265163587626622,-0.223877964234774
"SW_9720","364","1","9","1",0.0150035066319144,0.0136375337391089,1.29661000504456,-0.0456101412509602,0.00161191858501241,0.00170551875939813,0.00482080419300244,1.97941188356182,0.0102522911048058,-0.00660352177269695,-0.0379821908063418,0.384209710130043,-0.0110412324847617,-0.0173328031599206,0.0494724703931053,1.49934963246956,-0.0233797325814961,-0.00571751534723141,0.827802745170933
"NUMEX_BILL_MELTON_FG2011","365","1","9","2",0.00594643230116164,0.00756688836335452,0.727544187703943,-0.0121692296868863,0.00387073569411909,0.0113221848570029,0.015037843123977,2.15567084194644,0.0110504248424527,-0.00396700036246807,-0.0252857051246425,0.780897384318082,0.00126178943765449,-0.0288244411795521,0.0825539233368154,2.03515926535169,-0.016000538016638,0.0135546169167497,0.672852615314044
"NM1702PAR","366","2","9","3",0.00525761825753005,0.0043052617594508,0.531934000425692,0.0270207664710624,0.0035391181542836,-0.0114814530159324,-0.0094026902705745,1.26664741687276,0.0102889752492009,-0.00812839157330648,-0.00457380672122132,0.286390495950855,0.0101921023056329,-0.025764334656264,0.0466875408517562,1.23963763376514,-0.0149746258117029,0.000185123522539476,0.453446336544947
"AFX_779","367","2","9","4",-0.00750116560677349,-0.0139151862707877,-0.203353143348317,0.126941857319617,0.0028094886900617,-0.0212554451062683,-0.0193835643142838,0.0866419205147586,0.0134545431629098,0.00179962944522911,0.00703563552911657,-0.100551995354833,0.000134600273230386,-0.0300533359224601,0.0133613349837394,0.434181879234911,-0.0103095088113757,-0.0150071899597371,0.14910230669512
"NM1712PAR","368","3","9","5",-0.0118442649645518,-0.0183988060774291,-0.309982455843186,0.144442325042398,0.00600579907647833,-0.034160769121482,-0.0603984648675076,-0.569546448636156,0.0383765327044509,0.015501451665862,0.018602546162678,-0.370677091651645,-0.00446091739699245,-0.0263793588115597,-0.0191586037653174,-0.332521381138811,-0.00821351156164007,-0.0266795368088912,-0.059637519175496
"NUMEX_BILL_MELTON_FG2012","369","3","9","6",-0.0116678396414462,-0.0172965610941775,-0.362103437453765,0.0981276606195508,0.00429656610434903,-0.0375660598574628,-0.0574233674241088,-0.142820665204202,0.0338767529989362,0.0032543336064169,0.00853537156396776,-0.163791153981005,-0.00835615178513078,-0.0136395831360551,-0.0189436133682989,-0.436485283416607,-0.0186568720673603,-0.0309206892836066,-0.235503213532818
"SW_8888","370","4","9","7",-0.012177788341109,-0.0220597256950275,-0.668566493592373,0.0490686223481344,0.00332870531587169,-0.0196894796344775,-0.0289424582329348,-0.00108813314286573,0.016169671239718,-0.00850276806271577,-0.0134868295792442,0.157217390092801,0.00164008044030854,-0.00597277358903759,0.0271900544215411,0.641843195905228,-0.0169779741294702,-0.0167618393990882,0.0267963648827918
"SW_8421S","371","4","9","8",-0.0123838935411611,-0.0275490235271595,-1.16729863397871,0.137735673709884,0.00172009942461162,-0.0175286645397976,-0.0217761532643882,-0.589971730592912,0.0199471346923409,0.0102711495340601,0.00243210312173066,0.275033142823009,0.00795142170779185,-0.00957045616055387,0.0191608097127028,0.321315441485737,-0.013935105955495,-0.0226231700232233,-0.136495570605692
"SW_9813","372","4","10","8",0.0179929900050371,0.0215139326299255,1.58274787399396,-0.00481425745755553,0.00328953299693799,0.00264299854159916,0.0161217832778278,2.11483197445477,0.00828978619738188,-0.00585880072784873,-0.0341314912828513,0.286430069489264,-0.0085663706556056,-0.018684681678479,0.0476729764376327,1.36517422620007,-0.0118654365561408,-0.0013673362261341,0.825534615484386
"NM1703PAR","373","4","10","7",0.00861923220775429,0.0140964608972882,1.13870511777196,0.0166912224916548,0.00366081948351237,0.0176119153687049,0.0230166091804298,2.28623014455443,0.0114672354143043,-0.00136102201708818,-0.047453997513208,0.716631320176291,0.00243821353721524,-0.0291974835900343,0.0776838022828701,1.72276754963512,-0.00562889695771854,0.0205402502637098,0.61945226261275
"MESQUITE","374","3","10","6",0.0103943642271571,0.0177841159355857,1.24992310778924,0.046144462947271,0.0025111680444317,-0.00154650092809021,0.00127653481587561,1.83579253668221,0.00982097159759801,-0.00665568052876883,-0.016368433645566,0.335417027239487,0.00916320573242256,-0.0250582920637871,0.038592281548936,1.163170590863,-0.00504180843576766,0.00628776360521844,0.469728090749705
"TMA_990","375","3","10","5",0.00064398361188066,0.0048467226006718,0.873007054511073,0.108419322573353,0.000943857949258598,-0.0112573864508204,-0.00815667726061339,1.16206859755048,0.0108019675490207,-0.000443231781549405,-0.0117092063004676,0.035281542823653,0.000153266278898105,-0.028490724620182,0.00823589918240872,0.491614109996403,-0.000975386271650003,-0.008836258354537,0.230715285018769
"TMA_990","376","2","10","4",-0.00212372544593628,0.00621644096017902,1.06463306380911,0.11095781575397,0.00550072300893711,-0.0203313647056739,-0.0401743134946114,0.646388712599018,0.0396508274831609,0.00903632774970613,-0.00274422274347963,-0.168123053762875,-0.00534280176567358,-0.0219380928998369,-0.0153835323959334,-0.175478712833592,0.00072188449965107,-0.0199369016636986,0.167361349176589
"NM1704PAR","377","2","10","3",0.000266829823513022,0.00901970635597034,1.14214741849821,0.0951399721333284,0.00622834239952926,-0.00992798801887879,-0.0287600187194571,1.52404672723975,0.0357667437924393,0.00109836521930046,0.00180049833962561,0.170626917397108,-0.0073736839830921,-0.00665358965104715,-0.0186684347456144,-0.0840291119108033,-0.00960310876410048,-0.023200196753167,0.0271029761894239
"NUMEX_BILL_MELTON_FG2012","378","1","10","2",0.00109664091042248,0.0013434443561734,0.836764078744735,0.0735550278569744,0.00432317280669523,0.00302766229907729,-0.00643581946530486,1.74874882502405,0.0133619070875021,-0.00790729438059268,-0.00875399373810794,0.483275202037397,0.00300375333155936,-0.000538846753936508,0.0280043844703136,1.02419902903219,-0.00661859583900607,-0.00411729073720748,0.287359045085362
"AMERISTAND_803T","379","1","10","1",0.00118625648175105,-0.0130867765690199,-0.0397566328144811,0.129053342188955,0.00276233834268301,-0.0126491661548759,-0.0187195246229171,0.334056361104675,0.0181083052771235,0.00511432996676981,0.0043037678466421,0.526583282922358,0.00762476064545389,-0.00555364631907837,0.0186920735943047,0.74180214806325,-0.00323874439890632,-0.0108409101850786,0.0411879590387267
"NUMEX_BILL_MELTON_CA_2019","380","1","11","1",0.0175852702804921,0.0193048350059941,1.02220317866978,0.00914742378612314,0.00603962964484304,-0.00144600162971646,0.0341825170926902,2.18809973010519,0.0151963671304871,-0.000197071778009578,-0.0197757415735837,0.0581286864514726,-0.00796057960184992,-0.0315356099624318,0.0460706049290697,1.17098137651643,-0.0136262317551571,-0.0120356370876603,0.592694323212392
"NUMEX_BILL_MELTON_CA_2019","381","1","11","2",0.00578019660773134,0.00563469538796494,0.317000046938387,0.0285234635359863,0.00651182108516432,0.00204140622247995,0.011351248779494,1.50563117460385,0.0125991583592896,-0.0020055925658965,-0.0568255242366658,0.372535296971861,-0.00317703470284096,-0.0441232401492346,0.0587341418069859,1.24329041500641,-0.00965056628265405,0.00366687576527511,0.310047823487666
"NUMEX_BILL_MELTON_CA_2019","382","2","11","3",0.00877940625335024,0.0146014569605727,0.608229923674924,0.000658016338213284,0.00472232289618584,-0.0100121155834571,-0.00226805950441137,1.42170103595178,0.0101557599692801,-0.00749004387566788,-0.0287693161276054,0.11083614035308,-0.000585055979354644,-0.0408786495069828,0.0165967503006757,0.402139295685164,-0.0103640469743065,-0.0151279105130444,0.0636675592581677
"NUMEX_BILL_MELTON_CA_2019","383","2","11","4",0.0020644551898562,0.00938737277932361,0.642382707831905,0.0640586379646445,0.00586912202798637,-0.0118568711808985,0.00148685275973686,1.24383688452247,0.0118882492000572,0.000833656169902129,-0.0136442089201578,-0.106571894619129,-0.00595992674557999,-0.0423271729036004,-0.014709736411685,-0.129994621657059,-0.00772447438765904,-0.0305044468611883,-0.074748035579882
"NUMEX_BILL_MELTON_CA_2019","384","3","11","5",-0.00016751537163121,0.013050002885257,0.869347559404778,0.0840783771618332,0.00911272463533946,-0.0233221364321169,-0.0288568940016677,0.666047213149828,0.0435545721256737,0.0187980026342792,0.00725404086593777,-0.303241433887553,-0.00657423934398811,-0.0347759656751914,-0.0335156013997338,-0.499781243344964,-0.00701128596148905,-0.0418868140075336,-0.0283977952964712
"NUMEX_BILL_MELTON_CA_2019","385","3","11","6",0.00401805408703952,0.0154479311324243,1.14375902511036,0.073178815132784,0.0102619224772225,-0.00582044771871115,-0.0232957760793836,1.44859229568375,0.040499725935101,0.00647230050685958,-0.0085923239702247,0.192092908969107,-0.00527723401334422,-0.0167086217907356,-0.0327659539639287,-0.38501961479894,-0.0170997041411349,-0.0434067493715615,-0.0643602019653813
"NUMEX_BILL_MELTON_CA_2019","386","4","11","7",0.0071769332253727,0.00986135971773124,1.04388829947824,0.0656340877963365,0.00887155515177484,0.00807009148255206,-0.0102293936410265,2.00787670650654,0.0181589078964637,-0.00170374263295985,-0.010764618484184,0.525767563977547,0.000465301309569537,-0.012471815798665,0.0228089652050009,0.865265517265806,-0.01314752467414,-0.0225396624094854,0.229353561199985
"NUMEX_BILL_MELTON_CA_2019","387","4","11","8",0.010489467004275,-0.00262459219319608,0.334021762513669,0.0963787628112975,0.00571212284554272,-0.00734588372208233,0.00213149651107186,1.02396766267151,0.0178436823186702,0.000772764037800618,0.00397881234469309,0.567379220373822,0.00357368674565672,-0.0195436871556446,0.0299065529068251,1.02713467758622,-0.00926534946319447,-0.0267102296984855,0.00866357455597706
"NUMEX_BILL_MELTON_FG2012","388","4","12","8",0.0150596607240603,0.0100968013710367,0.278723687047993,0.0403078056954539,0.00348126200337586,-0.0162098514069414,0.025040685491304,1.17189670496553,0.0175937007184029,0.00470854329065213,-0.01507633743741,-0.0116138011275866,-0.00573260064106747,-0.0294050943418593,0.0124393956728918,0.481849454880221,-0.020713518794347,-0.0246559113715767,0.307754625959974
"NM170506PAR","389","4","12","7",0.00184999392384866,-0.00258280553225732,-0.270930678197122,0.0393917752622232,0.00218542920025635,-0.0114238657997811,0.00278807164733057,1.0796740639169,0.0135566881664582,-0.00680607321621101,-0.058041591188922,0.281836820130994,-0.0104615513791432,-0.0432400232328995,0.0288025980833563,0.568688051184135,-0.0177564983525741,-0.0101640759066453,0.10812367088912
"NM170506PAR","390","3","12","6",0.00513324967494997,0.00937117597994996,0.0548801989206533,-0.0127133540018187,-0.00109521919385682,-0.00757076332484088,-0.00241254711738627,1.02447015125181,0.0132089818116751,-0.00804451047297345,-0.0488128944237127,0.0384860685969056,-0.00784579432036103,-0.0395188800918095,-0.00333190554578824,0.0183337494107254,-0.018513077607338,-0.0238180369941785,0.0333204810680553
"NM1702PAR","391","3","12","5",0.000292291996379415,0.00467478626252907,0.104098942062442,0.0274578639566242,0.00261645223530954,-0.0086789065770772,0.00439342661445595,0.900025544143382,0.0126805608502297,-0.00264489980993529,-0.0251063243675965,-0.12696297187078,-0.00932514049456204,-0.0383862127580069,-0.0232733936815018,-0.212144085937054,-0.0154689006551337,-0.0356930716438684,-0.0326949171219233
"AMERISTAND_803T","392","2","12","4",-0.00182996164640019,0.00766240107961329,0.424426587710866,0.0658890783863,0.0064737805840589,-0.0137795914466377,-0.00917738389719077,0.781031537809196,0.0423783410394398,0.0144807775528575,0.00264497364371951,-0.247944674986676,-0.00370593620325829,-0.0322108025381865,-0.0265184148790544,-0.261015760577056,-0.0139059497660595,-0.0409463599222547,0.070911026916995
"NM1701PAR","393","2","12","3",0.00257307191333916,0.0092889698598119,0.919177740277326,0.0320863163253903,0.00811211488953126,0.00279555963773137,0.0074955972361643,2.0909665778163,0.0372513534418773,0.00575489234673801,-0.00790998960394724,0.218576496002092,-0.00339830522795804,-0.01395920535842,-0.0144028521222166,-0.0395573034186578,-0.0218957879302522,-0.0375162132613121,0.113054332567934
"NM1705PAR","394","1","12","2",0.00590886781171098,0.0044003965063203,0.926877839474868,0.00601085227338797,0.00573027416045732,0.00897992539579843,0.00518841950409232,2.21647153901136,0.0199798500980317,0.00199801802305512,-0.0117576866001515,0.391795452479325,0.00236334549365162,-0.0115991032796762,0.0211281072462803,0.83262803212548,-0.016282513968222,-0.0189141498851906,0.319703049264771
"NM1713PAR","395","1","12","1",0.0123611095233893,-0.00427817905854243,0.375629548005896,0.0686116920295741,0.00214912469942606,-0.00200266025521494,0.012586440854323,0.871712633815197,0.0198048451366918,0.000477745023943253,0.0159624090134329,0.262020748858696,0.00764046644001015,-0.020468218239547,0.0361491219259818,1.27741783378038,-0.0114919155801027,-0.0219633894485215,0.106643121699231
"NM1712PAR","396","1","13","1",0.0119611039743775,-0.0035083082658962,-0.00502686801602906,0.0431211949745423,-0.00040734180359279,-0.0277079287900959,0.0153870083093344,0.355351503269224,0.0159986564853715,0.00470358306584527,0.0226507454866923,-0.0582730536086994,-0.00043120469210816,-0.0318142453534659,-0.0122784308312551,0.16692091679252,-0.021545150907549,-0.0388787221063039,-0.00696010196504031
"SW_9812","397","1","13","2",-0.000786518755890792,-0.0132041627003307,-0.442622935520496,0.0385441791151629,-0.000333071875976785,-0.0179276987583491,-2.8439866156047e-05,0.808554232323291,0.0044174612285259,-0.0152718206180419,-0.0114950728773036,0.192324037765841,-0.00615008610065181,-0.0432428602082451,0.0147331232599143,0.534275850760196,-0.0184064132210996,-0.0183929104278923,-0.066323383994959
"SW_1011","398","2","13","3",0.00254591641485468,-0.0023451980607462,-0.0548358349113495,-0.00831206827358712,-0.00441312544012028,-0.0175243735372265,-0.00370320002579668,0.398931789011297,0.00630771543727659,-0.0168809653445243,-0.0243448476518535,-0.0875277050363378,-0.00659390794206473,-0.0401029591867986,-0.0101784915045682,-0.388191885738489,-0.0185975388362394,-0.0246005685046577,-0.0892197894664262
"SW_9813","399","2","13","4",0.000240470844804389,-0.00736889473207712,-0.00813609024542647,0.0254479229150168,0.00189247885802691,-0.0226462984708775,0.00381495160499245,0.00993438804259414,0.0125960622068403,-0.00116336824322676,0.00528721112589812,-0.234243050006998,-0.00948365466754047,-0.0383355224028175,-0.0225174644045457,-0.463740941648175,-0.0148888141610658,-0.0336805219750065,-0.179555216114559
"AFX_779","400","3","13","5",-0.000903319454479403,-0.00699619278491396,0.191474779804739,0.0800541757855984,0.00633073970258799,-0.0334936240589171,-0.0169888538731153,-0.208280006736725,0.0394460788396788,0.0123539982140055,0.0150338844490867,-0.332138633656775,-0.00343753924853482,-0.0328106578825799,-0.030343313747206,-0.576463007085251,-0.0127917406898821,-0.0386779394419186,-0.264658785111429
"SW_8421S","401","3","13","6",0.00373663833719034,-0.00358061613959089,0.833203383645385,-0.00190238229794272,0.00953788840278815,-0.0136478018429859,0.00743020482517078,1.68778511495833,0.0288234344696707,0.00224419687634794,-0.00687411062408706,0.295063873858246,-0.00123147654560539,-0.014468030170966,-0.0149167942879829,0.0438171377151161,-0.0193876589545361,-0.0350614164410965,-0.0601176620261034
"DONA_ANA","402","4","13","7",0.0066515413536219,-0.00360935454392201,1.13517145428033,-0.0240527024566573,0.00751489955649735,0.000477697421350863,0.0159721800562965,2.13640237362474,0.012001381633322,-0.00194470566134352,-0.00721147651750044,0.395210550595456,0.00250197742147428,-0.0137802648653786,0.00922221920238719,0.790074294294148,-0.0127857156848149,-0.0200489864567387,0.176355200935663
"SW_9812","403","4","13","8",0.0156761131213047,-0.00421945268687037,0.858286145837843,0.00105034080505768,0.00525852587705315,-0.000445235147548222,0.030418034353099,1.24733481013681,0.0157349359011133,-0.00187419757497493,0.0063690311259934,0.275179614844577,0.0097302519796587,-0.0239947090892081,0.0301829403953678,1.2080198340646,-0.00710279365063348,-0.0211876094829387,0.0643031242104385
"NUMEX_BILL_MELTON_CA_2019","404","4","14","8",0.00262988451212082,-0.0222579935367213,-0.861119248831245,0.0151112860742169,0.00277050037648048,-0.0383100503279097,-0.0141712552076352,-0.886388896113156,0.0260371097746451,-0.0122962692099175,0.0456909410817871,-0.244290345898174,-0.00323062980812068,-0.0416882714651567,-0.0232474235059329,-0.124520629243957,-0.0236629928107373,-0.0446393323159849,-0.160028038435068
"NUMEX_BILL_MELTON_CA_2019","405","4","14","7",-0.0112848212290927,-0.0353445736981067,-1.31593121866531,0.0361376449265319,0.00174736549000743,-0.0300997337424442,-0.0225260984868319,-0.190811841097134,0.0101732158101173,-0.0312711182877228,0.027718129448866,-0.0984520481646769,-0.00788381190280097,-0.0543681358315548,-0.00670031921923469,0.156974823144812,-0.020368838635906,-0.0241038109567972,-0.216313242455854
"NUMEX_BILL_MELTON_CA_2019","406","3","14","6",-0.0101595080549174,-0.0276126438659853,-0.991439380650758,-0.0332185870812784,0.0016894134087118,-0.0284076227480809,-0.0285998096525734,-0.639015419012649,0.011771902561861,-0.0130174516729837,0.0122512553918243,-0.245739220774091,-0.0113502275717372,-0.0536325661754515,-0.0240400117798918,-0.540622518553681,-0.0203408365268064,-0.0266409295419326,-0.223604193111619
"NUMEX_BILL_MELTON_CA_2019","407","3","14","5",-0.0109018391877525,-0.0327680800078396,-0.940486039514528,0.047958970748528,0.00730442059908049,-0.0313420356901755,-0.0227672908198157,-0.955905013757385,0.0219822002307418,0.0105186405659435,0.0339734224421602,-0.39018328418393,-0.0111369375582534,-0.0519003663456391,-0.0339903887055177,-0.511999492541691,-0.0159033028362016,-0.0326533156706874,-0.23903390240272
"NUMEX_BILL_MELTON_CA_2019","408","2","14","4",-0.0112517630427861,-0.0313419802031904,-0.842299969791344,0.0514504285890098,0.00687252229231671,-0.041046149155364,-0.0205467994175507,-0.688311355089029,0.0428998306285814,0.0157196980093193,0.0413360175341233,-0.359170692896302,-0.00704228762833764,-0.047242150013871,-0.0308136845676641,-0.473311517159701,-0.0142646166247391,-0.0356404869646439,-0.338256083039899
"NUMEX_BILL_MELTON_CA_2019","409","2","14","3",-0.00979656449648187,-0.0320987167959756,-0.456693723240931,-0.00648080673902226,0.00397999907462922,-0.0398217710421136,-0.0162357684874008,0.0797888675906865,0.0300114476924537,0.00418576573046912,0.0171296195887298,0.0517481843581897,-0.00654770771390117,-0.0316077508482413,-0.0207181332803838,-0.332602415881779,-0.0207321789932039,-0.0380293633633755,-0.282123897656543
"NUMEX_BILL_MELTON_CA_2019","410","1","14","2",-0.00905148866633148,-0.0309877739914996,-0.117348135313584,0.0219928379552689,0.0018402926531984,-0.0318638753525597,-0.0138707406186539,0.328351615966475,0.0149145563453734,-0.000752100062388033,-0.0161259240447013,0.155037712297061,-0.00644912167609892,-0.0350924049415452,-0.00570937689976341,0.162739880766284,-0.0144357095330947,-0.0276958289188827,-0.0234590899633266
"NUMEX_BILL_MELTON_CA_2019","411","1","14","1",0.0032308376734158,-0.0218368799556497,0.104246369678404,0.0532770763608627,0.00169442176236484,-0.0219632151654862,0.0175866729412266,0.434892221416099,0.0136080340948308,0.003198639573182,0.0140124285749764,0.129069315125092,0.00194562665295933,-0.0486417333608926,0.0249267669396732,0.820031765127876,-0.00909441384371102,-0.025525260628557,-0.0561519321837253
"NM1715PAR","412","1","15","1",0.00924212362276601,-0.00863604225103502,-0.74798702344504,0.0144534262376461,0.00422882755826601,-0.0337390477047084,-0.0152460157214273,-0.786884944309683,0.0268352323595038,-0.000837621348717438,0.0616493167211211,-0.2270855896976,0.00382808940403233,-0.033922202922991,-0.0420010072586356,-0.705738594533059,-0.0223861055005412,-0.0431943701135982,-0.216017984573604
"NM1701PAR","413","1","15","2",-0.00304507653023751,-0.0246314935647424,-1.18108698469725,0.034308905244111,0.00309819519341951,-0.0298516927231523,-0.0165150592593672,-0.162644841502945,0.00704500031208141,-0.029876425841573,0.0358095204169734,-0.161905164633344,-0.00510556006876845,-0.0442954337932465,-0.0116259580984808,-0.16013024384014,-0.0192928017844386,-0.0183959053064612,-0.28087566005051
"MESQUITE","414","2","15","3",-0.00211591585222764,-0.0255892274070524,-0.845666102071964,-0.0223925031482909,0.000592291312250409,-0.0382602616537671,-0.0349349636445101,-0.637233967621048,0.0101960385095836,-0.014784045083773,0.0113399319413282,-0.304035915642364,-0.00994418389503078,-0.0433900451737343,-0.0268746417978624,-0.755280052642047,-0.019338644394789,-0.013481439682065,-0.223479202002906
"SW_8888","415","2","15","4",0.000214966512846964,-0.0263044358525536,-0.693231350679475,0.0357533649083672,0.00537924340400642,-0.0281435086253321,-0.0119059127812553,-0.257342782108939,0.0190576368378602,0.00632426784333596,0.0284746278699082,-0.295139600534596,-0.0077915925832826,-0.0390047539750027,-0.0180507257454143,-0.188495029239813,-0.013712186819531,-0.0116675780684608,-0.102754158255102
"NM1703PAR","416","3","15","5",-0.000995028912970412,-0.0313997068632694,-0.711649928262117,-0.0098190399661327,0.0043007693583079,-0.0347206070415867,-0.00711048255919029,0.0185664995367375,0.0392619722340864,0.00893123130510534,0.032197317574937,-0.193285132777068,-0.00564571058729939,-0.0357376603098975,-0.0201662556779983,-0.135243880358136,-0.0121858984564417,-0.0126728134026953,-0.0982252789581183
"SW_9812","417","3","15","6",-0.00287160690201044,-0.0374526485226805,-0.556133575290347,-0.0267695519383281,0.000206575201078565,-0.0386608457569167,-0.00832726538046302,0.247580607350754,0.0265073239942296,0.00166206141798521,0.0229279291062447,0.107434611844338,-0.00316162336537843,-0.0237584427978894,-0.0102205113724459,-0.261199470759953,-0.0183519420470839,-0.0163712558844216,-0.110984994089897
"SW_1011","418","4","15","7",-0.00624188644207097,-0.0396697099825229,-0.520103947878343,-0.0235148062808017,0.000170317024634612,-0.0335501761091995,-0.0132755446162064,-0.0973584933399806,0.011200349484038,0.00297353652241029,-0.00864306402492449,0.0598311477715101,-0.00495633537364515,-0.0313369952877227,-0.00260695697755398,0.0876625409710536,-0.0123416969516047,-0.0138623367405512,-0.0781878904775807
"NM1705PAR","419","4","15","8",0.00483253178949539,-0.030764426785099,-0.404978015045268,-0.0211632285014688,0.00228919728634422,-0.0180384381350591,0.0116215252382569,-0.0891075489294619,0.0124399633844358,0.00667554714780126,0.00349266517287502,0.105504686327379,0.00569242165994157,-0.0482908652409077,0.0168834781375406,0.470672550034092,-0.00733216357054314,-0.013577042958216,-0.0629755832968879
"MESQUITE","420","4","16","8",0.0142516714846143,0.00647788191117328,-0.32488682802402,-0.0187927281692708,-0.00338799500243766,-0.0314845098060334,-0.0242788085624262,-1.10083363183153,0.0231679073286097,0.0226353216186483,0.0565209972570012,-0.446444692665948,0.000311469101168977,-0.0113943658152014,-0.0402364593869247,-1.11644110726295,-0.0204358187128606,-0.0316024825223199,-0.517285884563496
"NM1715PAR","421","4","16","7",0.00422058018511964,-0.00577507830096043,-0.715616831999123,0.0193431405830501,-0.000431388186462475,-0.0248789476035385,-0.0201868104667479,-0.473852716173003,0.0128885264246543,-0.00190004933819485,0.0318146935377193,-0.39504337703027,-0.00270129790219668,-0.0192929645187559,-0.0111221589453442,-0.448294269993113,-0.0167305015820553,-0.0105457271322221,-0.519015832332431
"NM1704PAR","422","3","16","6",0.00509461922783108,-0.00638520481420126,-0.332239840156914,-0.00625359161206842,0.000600531446788574,-0.0262759576201478,-0.0095769792475047,-0.202790245846,0.013629688517692,-9.90912221603641e-05,0.0179322267294665,-0.417487898481587,-0.00629392454479188,-0.020199616042421,-0.02453103352364,-0.638833144954019,-0.0163834117795638,-0.00580646309350869,-0.314373132347326
"NM1701PAR","423","3","16","5",0.00707558487182371,-0.00562471467835239,-0.130154715902768,0.0580572025730273,0.00354765295395113,-0.0222856998599167,0.00168473816036114,0.103584476734003,0.0167601384237233,0.00379222277450146,0.0198705410339422,-0.262685552703091,-0.00432772360577288,-0.0130784481613745,-0.0136289906175937,-0.167359702356049,-0.0094854575614591,-0.000917321414307382,-0.112761802184178
"NM1712PAR","424","2","16","4",0.00473417051592881,-0.0162694507276934,-0.211088319688335,0.0126757070820272,0.000170722320367749,-0.0288778018472931,-0.000210030061674505,0.219704831665862,0.0386537358267901,0.0091497491613404,0.028497642800574,-0.0373938899007479,0.000395408612070326,-0.00979033764735446,-0.00997803355504608,-0.112631264021644,-0.00777030977122746,0.00239913236590635,-0.087595932983546
"NUMEX_BILL_MELTON_CA_2019","425","2","16","3",-0.000643790827680779,-0.0286561184636532,-0.332743894439251,-0.0270086164106835,-0.0056224997760953,-0.0342031569658,-0.000653610231798378,0.279447137069632,0.0314845420358922,0.00229673847746631,0.0257887357278188,0.152325653099055,-0.00121736759556589,-0.00254012089688207,0.00417307774181224,-0.0499581782257337,-0.0138295477393334,0.00108903715418073,-0.112912077853059
"SW_9813","426","1","16","2",-0.00812638111277524,-0.0366701385415766,-0.528000803550399,0.0189982543904539,-0.00490651824151246,-0.0455058206459991,-0.0205606409375395,-0.476198777595249,0.0225163205159493,0.00670343538002974,0.0170653689426414,-0.0266292495379986,-0.00405684302019939,-0.013403676284125,-0.00879078438300919,-0.182506452042511,-0.00835324069863026,-0.000655320732869552,-0.218468069472789
"NM1702PAR","427","1","16","1",0.00311791050822676,-0.0268830969458244,-0.343630076088355,0.00632120033624988,-0.00132825705790706,-0.0201682262222909,0.0150115173037555,0.180712445423778,0.0124371670569604,0.00593550302578919,0.00699245754353279,0.198013449614506,0.00704626852665353,-0.0325099459359956,0.00984760323669874,0.39428372183081,-0.0040136523519664,0.000314253420884539,-0.0579847852498482
"NUMEX_BILL_MELTON_CA_2019","428","1","17","1",0.0239505156621199,0.0233390026678396,0.720268951584352,-0.0174385450702247,-0.0101718980198226,-0.0270115244428289,-0.0252233717662206,-1.00218581457123,0.00959536430832119,0.0252493025910224,0.0406298972472651,-0.432471694020623,-0.00209609271020297,0.0161926169318455,-0.0437608579664546,-1.05366964406936,-0.0128067561182333,0.0154566763862586,-0.413313981440648
"NUMEX_BILL_MELTON_CA_2019","429","1","17","2",0.0143643021049295,0.00789011716673688,0.0274784350354015,0.044999406221925,-0.00930149324861345,-0.0303784597892861,-0.0256897796762105,-0.942812553817656,0.0124592448165838,0.0116112964113781,0.0312305813352906,-0.380611139487333,-0.00454792942472506,0.0134631802560892,-0.0169466340939504,-0.570233163451333,-0.00935659824526153,0.0317133668609671,-0.43908818910155
"NUMEX_BILL_MELTON_CA_2019","430","2","17","3",0.0154343323163801,0.00803213768703926,0.375342123477829,0.0469871494175634,-0.0050954235498867,-0.0243306996461274,-0.0157738579697561,-0.287327446345191,0.0176500364930899,0.0049891981420406,0.0249024940490055,-0.414728294074619,-0.00477426943718827,0.0119399993886674,-0.0193934938138496,-0.508611909313013,-0.00975704470008456,0.033256559242391,-0.374357443693486
"NUMEX_BILL_MELTON_CA_2019","431","2","17","4",0.0193385057347401,0.0146134993586956,0.613932971863681,0.0828195240859341,-0.000999387514503112,-0.00634259636596203,0.00717868111025235,0.20496607026254,0.0208891834464214,0.00286060010006481,0.0163651688740191,-0.223011801329834,-0.000795449909653249,0.0241945531946368,-0.0124078266592533,-0.121553222411997,-0.00334396304794705,0.0363253931030989,-0.212180506803517
"NUMEX_BILL_MELTON_CA_2019","432","3","17","5",0.0187610307919387,0.00894507246594823,0.593345502656837,0.0448813075413514,-0.00261615324981134,0.00999090246222139,0.0274590685729456,0.882087542340704,0.0432268395198697,0.00585897471956975,0.0218362634400266,0.196221163074334,0.00471592083509067,0.0315785028789179,0.00506452944344379,0.390351650637441,-0.00169098613479418,0.0435124214479345,0.0778827431606743
"NUMEX_BILL_MELTON_CA_2019","433","3","17","6",0.0107694320754074,-0.0129615915923374,0.155488536988538,0.0306899289297803,-0.0134088314587867,-0.00917483827861129,-0.00122707831199133,0.164073360932207,0.036889472242184,-0.000899499474041574,0.014413354204916,0.174928068882696,0.000583853118227982,0.0373705424791918,0.00620077082852593,0.00745026871851951,-0.00862454052932748,0.0372656615605591,-0.0192214179132019
"NUMEX_BILL_MELTON_CA_2019","434","4","17","7",0.00202517464324582,-0.0246124370995021,-0.0417496972249975,0.0736276650162293,-0.010232279553278,-0.0234310959171328,-0.0166966471162006,-0.22151108791483,0.0247479350080749,0.00591921149456685,0.0197489561725445,0.00959969211524153,0.000472680910558029,0.0226807171744871,-0.00888522306523738,-0.373286674940707,-0.0046094714344742,0.0282137783940468,-0.147240287899192
"NUMEX_BILL_MELTON_CA_2019","435","4","17","8",0.0112632485006667,-0.0170871283709981,0.172147594615032,0.0640538330222171,-0.0042510624935499,-0.0132415966149598,-0.00184717277941314,0.282658528387783,0.00466370605791223,0.00769688964881426,0.00774825627034653,0.282326732317939,0.00702312820658631,0.00186199452072584,0.00484352679844538,0.143709563078661,-0.000890118574444113,0.0299991943615479,-0.0818647152480091
"NM1701PAR","436","4","18","8",0.0220269529798216,0.0384676384136025,1.06677552920318,0.00370780023338303,0.00383985210735554,0.00501608030681778,-0.00255585730762291,-0.174643321573994,0.0103237178108593,0.0264659507837669,0.0264524004668385,-0.240956725086444,-0.00153183372747975,0.0341457036540323,-0.0371157792188561,-0.830885025040251,-0.0129685571522446,0.0190610168402576,-0.377565342824771
"SW_9720","437","4","18","7",0.0122895083527651,0.0242478668124591,0.153635305007247,0.0248179241305876,0.00476438600017083,-0.013368533832802,-0.0165746287405994,-0.986968009203078,0.0117218533316337,0.016552061879063,0.0270201202407728,-0.306756081790096,-0.0055822922287495,0.0347238289653293,-0.00812754172766935,-0.543285807554501,-0.00936597471267843,0.0321681063114838,-0.535038340664564
"NM1705PAR","438","3","18","6",0.01281490571498,0.0265718967043916,0.27043537886305,0.0166328614977811,0.00667447421854198,-0.00606268340136556,-0.0076932102599311,-0.645813075032205,0.0156506973013483,0.00895058497299523,0.0266539669393858,-0.486117833858555,-0.00638942913673619,0.0321410205171787,-0.00383989982640696,-0.514741308915061,-0.0098331715882919,0.0357110230264466,-0.477710836514293
"NM1713PAR","439","3","18","5",0.0161141443579252,0.0332879853469769,0.304593649764069,0.0407755248395666,0.0102579690390642,0.00400778611244193,0.00737864463653474,-0.0941853870746368,0.015272493350347,0.00976221803929085,0.0188038306404276,-0.210832726684084,-0.00108428710903429,0.0466517734314606,-0.000436503402585275,-0.144171165893456,-0.00336703987150006,0.0363745497167746,-0.250662669905088
"NUMEX_BILL_MELTON_FG2012","440","2","18","4",0.0162991761925233,0.0303368106093856,0.247358661484818,-0.00990059416058542,0.00991022588261297,0.028859160326776,0.0339734342175286,0.945763261374555,0.0332944945383666,0.0119030898800847,0.0258030536198433,0.141899971963708,0.00843072775922489,0.0541060796985685,0.0334517015894752,0.686143140357748,-0.00115658634747099,0.0469791256587297,-0.0154809007845465
"SW_9812","441","2","18","3",0.00731972345638898,0.00634915317929328,-0.28022202780084,-0.00657929969745472,0.00330728109709175,-0.00149797703915988,-0.00437016492930651,-0.406376452891483,0.0235994712072754,0.00860880777227094,0.022636612669131,-0.0154973720855094,0.00192789208043104,0.055900238808828,0.0138186954688376,-0.127083135634765,-0.00800586430654349,0.0413906656141352,-0.148454878018462
"MESQUITE","442","1","18","2",-0.00123686740818822,-0.00666370395991983,-0.403808434099991,0.0184207649548138,0.0082668252059819,-0.0227782515867572,-0.0239547407996982,-0.690365688134865,0.0267925047034463,0.0150517973272193,0.0420252261135421,-0.204761742835894,0.00150658301751919,0.0390436890787058,0.00483022755688752,-0.420000621699088,-0.00389050337611697,0.0358053322288409,-0.190013463816957
"SW_8888","443","1","18","1",0.00952487439164495,0.0054394193906289,0.125607096368401,0.0174760171637265,0.0123540250937436,0.00173786128652437,0.00621771600206396,0.216137568725166,0.0162449261833398,0.00930930163727643,0.0262884743548011,0.122496548990884,0.00861140620211281,0.0168655324169079,0.0208425470757548,0.271598033267809,0.000391269032551834,0.0446091784205055,0.00263126718596002
