"Germplasm","Plot","Rep","Row","Range","gndvi_131","gndvi_145","gndvi_152","yld2","gndvi_160","gndvi_165","gndvi_173","gndvi_179","yld3","gndvi_192","gndvi_201","gndvi_206","yld4","gndvi_263","gndvi_270","gndvi_278","yld5","gndvi_293","gndvi_299","gndvi_307","yld6"
"SW_1011","300","1","1","1",0.292264782049877,-0.593034437041631,0.380935714848981,-0.820808321045235,1.02931766854348,-1.69473983483046,0.788191141943588,-1.05655900423604,-2.85451967727729,-1.86450151589905,-1.60463207810225,-1.01192037003266,-1.91969264487367,-2.60060557931378,1.469450696308,-2.88207271877218,-2.7885758151309,-0.262567392568974,-1.70876135325216,0.180157940421531,-2.49313631145903
"SW_8421S","301","1","1","2",-0.0988190862910867,-1.11936061093504,0.0648958625125641,-1.17586018865057,1.95352965644136,-0.442110570702052,2.72408801415724,1.83289361421403,-0.599032375506247,0.362202128629466,0.742292620248528,0.694765674985851,0.116105006090792,1.79605611563731,1.23313368249328,2.11283810204252,1.26937996056319,2.13028135296113,2.18708043553641,1.48444717106245,0.545489077958927
"NM1715PAR","302","2","1","3",0.486003583886667,-0.914575855594444,0.0040404949065253,-0.989691095938247,2.27260395539101,0.209805031671535,2.8571595613644,1.9017401593453,-0.155673274819957,0.420296330014451,1.1421055192605,0.950346984108088,0.556342125079538,0.75740183161578,1.30677178496678,1.24176868485302,0.731012502780221,2.42699146462402,2.54356609182066,1.57672624901503,0.745231181147789
"NM170506PAR","303","2","1","4",0.472865297066416,-1.26934958556396,-0.129368885601364,-1.41439598005777,2.02781602907726,0.083710346609973,2.52417348841878,1.69264466353463,-0.724721562375015,0.346540770682287,1.22406308311982,1.04927252359555,0.171927508298974,0.70255584837778,0.914340653583145,0.851043761055834,0.456143372227979,2.04668938513235,2.10574025035756,1.33162497057528,0.113147324902136
"SW_9813","304","3","1","5",-0.105663574959164,-1.09318285546732,0.319018207119861,-0.995644983555597,2.00297328129643,0.324733780589426,2.42684701928374,1.67754503622534,-0.546032137409583,-0.0922789709132974,0.766690880350516,0.726095477706773,-0.0926448893622352,-0.277510520788975,0.316265284338669,0.654598320017965,-0.0397049089000342,2.10211107185357,1.37743698250535,1.2011641583888,0.454089237948279
"DONA_ANA","305","3","1","6",0.789059397357819,-0.958512232421763,0.803707188935433,-1.30618818452501,1.82020735918425,0.204128702754211,2.41721603354297,1.21975058310219,-1.38064063307405,-0.732044849286229,-0.0868315370700313,0.392778506676221,-1.01949936404322,-1.15786560192541,0.875430279538052,0.399363849199969,-0.731956579690543,1.65136041430943,1.02210392029799,1.15008879790277,-0.219624124621789
"NM1712PAR","306","4","1","7",1.31748756403969,-0.118991907721646,1.93801307352721,-0.78866156650062,2.07557223714579,1.04981607387369,2.59957837007151,1.12363920896174,-1.20193436519673,-0.823565331708475,0.138778139054317,0.0396643939450376,-1.48782556749969,-1.67907979990577,1.15166988015965,-0.213095894417859,-0.916125743277233,1.66740023861761,0.991451819090371,0.992023805688935,-0.421827786693634
"NM1704PAR","307","4","1","8",1.42036008415886,0.188597269959595,2.02570490452217,-0.83459389976867,1.92870933284825,0.529431879588178,2.45860938949038,1.25567116984194,-1.691670415266,-1.61230986461453,-0.741479256051224,-1.10653889829914,-1.33629579691275,-1.85675414270514,0.801057561609939,-0.122468085549364,-1.35654400583579,1.46106443321865,0.972714742062021,0.789906034473035,-0.850206698502222
"NUMEX_BILL_MELTON_CA_2019","308","4","2","8",-0.168155917786142,-0.348742224372214,0.49626964839948,-0.233393078184059,0.670919940705681,-2.69296478052265,0.0290594655726006,-2.84879725701746,-3.04144530569304,-1.31941666369374,-1.47658498037283,-1.0352677296143,-1.55215909768862,-2.19454026288345,1.37421419534584,-3.33230499809867,-2.59903193259483,-0.0491599758176761,-1.37587882172453,0.20259385087703,-2.53728836274932
"NUMEX_BILL_MELTON_CA_2019","309","4","2","7",-0.560915081682353,-1.06982147787519,0.0424529182914955,-0.596682011929356,1.76298952633826,0.00471252666209331,2.43514333726612,1.78406174567824,0.24188338825636,1.2188847393425,1.77422597260257,1.2809115249579,1.2079626972257,2.37064241394753,1.04662251279734,2.46760334940635,2.00295726247241,2.30022407759965,2.31855778007812,1.61496125043253,1.12913208300009
"NUMEX_BILL_MELTON_CA_2019","310","3","2","6",0.327992645070609,-1.068922187584,-0.207441136371283,-0.480818951681211,1.96484721532184,0.407489581026161,2.36823321288822,1.29259427217815,0.481607938386306,0.96498079714102,1.71414646782171,1.19237252657712,1.45283374548228,0.981899461160895,0.919536045666312,0.901028498704171,0.988091221834533,2.35524067158652,2.35019828011329,1.61548877048004,1.30000986421453
"NUMEX_BILL_MELTON_CA_2019","311","3","2","5",-0.222839765436072,-1.27485183930075,-0.559452675479198,-1.07966526701707,1.67578436921599,-0.294958136598208,2.10181742888007,0.872481456638895,-0.434497411127117,0.429359138409379,1.37869075571562,0.947503614792906,0.55771718625811,0.468070544157711,0.380297489187187,0.620340404269722,0.304280886674317,1.82269678464538,2.10141792711036,1.44931082401322,0.513645048644477
"NUMEX_BILL_MELTON_CA_2019","312","2","2","4",-0.738794164007507,-0.819568080223515,-0.187459263629278,-0.706062992478187,1.67336553821727,-0.347788116053089,2.04731922680364,0.913598817493322,-0.441326738831168,0.108263241658386,1.09662203855652,0.650453853959193,0.312288053390937,-0.253375446486818,-0.141498426043518,0.67116820409909,-0.0959051129029713,1.76094289527567,1.35996111598568,1.36569667795644,0.593341670662501
"NUMEX_BILL_MELTON_CA_2019","313","2","2","3",-0.421254013739465,-0.806735196732418,-0.0533225186762255,-0.932852263816938,1.44569942006929,-0.768649389021318,1.93834795898505,0.341015087771653,-0.927227523091912,0.25767354924596,0.397603145834249,0.678768863858586,-0.156772113217361,-1.18448222325038,0.405477230222356,0.188261542187142,-0.518998714167963,1.31374414797563,0.810936938185259,1.35638171940406,0.0641634955631792
"NUMEX_BILL_MELTON_CA_2019","314","1","2","2",0.486801991699002,-0.0805684185955633,1.36770745340159,-0.174898739627517,1.66262569280771,0.184794087012694,2.16562900315119,0.951836305470949,-0.340844870513139,0.244205793761259,0.788459597934829,0.499976868278717,-0.530958036615716,-1.50213826217345,0.721045487702507,0.419716658841549,-0.379261068558545,1.48770017332108,1.0716691984747,1.40506347507466,0.299188481829751
"NUMEX_BILL_MELTON_CA_2019","315","1","2","1",0.189139860360974,0.251679761692476,1.71997780855619,-0.285970139912636,1.61598929134471,-0.199733619138513,2.07527048266689,1.42733128994299,-0.759179067143775,-1.14703352134463,-0.175028692601547,-0.878657268059703,-0.512446875059775,-0.992681249904212,0.465475336089321,0.675887687913713,-0.527106030872756,1.53286697240993,1.61517731343261,1.29128450697585,-0.0877619302424173
"NM1703PAR","316","1","3","1",0.899831273765497,-0.0561011276079194,0.711023671973083,0.22861475600246,0.509087498925129,-2.65937336856639,-0.609273911878357,-2.92263068485973,-2.63088479616185,-1.53523056551798,-1.75609104924981,-1.17802235527169,-1.05475355322396,-2.47961714015101,0.838241983912873,-2.74323214190152,-2.29300932115391,-0.204492634394988,-0.678778414895346,0.404999379190839,-1.58570554902514
"AFX_779","317","1","3","2",0.630012430230601,-0.889636472261065,0.270966671778344,-0.279524584542603,1.71319445751903,0.961649116293159,1.64790771721298,1.54903260645665,1.08418633549564,2.02734671205345,2.70299765648019,1.68887720046103,2.42705163118325,1.96926976170505,0.364013608366083,2.31395448939869,2.25667894909757,2.04335538882389,2.04850945758597,1.68158628490186,1.82279446310383
"NM1703PAR","318","2","3","3",1.29988681101656,-0.847269860297833,0.247455370295301,-0.26449995898924,1.81457057239731,1.57329763499981,1.6299234128913,1.67279119513064,1.13814047260205,1.78454843936739,2.77852255264417,1.89263716952333,2.61491340265385,0.671118769757231,-0.0553955971155421,1.09094942752152,1.09826413745931,1.88621649914704,1.94527942255633,1.68573582126283,1.8354926950299
"SW_9720","319","2","3","4",1.15998300149106,-1.04768146814929,0.00606560065118632,-0.736369090660635,1.4342269097796,0.784126087067064,1.27539905771033,0.88570006933573,0.185850244389231,0.84768491380335,1.73067129859056,1.09523496868241,1.41975077734025,0.0811427598650928,-0.757934856019749,0.546089391665388,0.507109996782052,1.34766005211967,1.54126626528294,1.6224661559787,1.29286676704659
"SW_1011","320","3","3","5",1.04765163208295,-0.543585587935311,0.071311379398351,-0.62061702384249,1.35749159999524,0.619047037477583,1.09845941643267,0.305631161845427,-0.2096606537198,0.443132436239809,1.00172795628139,0.0924676647510348,0.538476849142464,-0.351878761858645,-1.20225484313417,0.341098845054983,0.0491876488548797,1.20114969689845,0.778969859503831,1.4589872223151,0.812876095970388
"NM1715PAR","321","3","3","6",1.16944638197791,-0.721470407780094,-0.554564475424154,-0.948670687254433,0.97430856613924,-0.368610660982847,0.890853694391275,-0.225665247965828,-0.427698744425729,0.801914802775057,0.478254216063226,0.465658174512525,0.218207685652269,-0.622404317090953,-0.634853139021829,0.465944562902602,-0.21362829372039,0.83569441133692,0.963138155101556,1.491040750943,0.298317938386738
"AMERISTAND_803T","322","4","3","7",1.79285816416074,-0.0218466297288159,0.682527773900256,-0.406018654217716,1.23761071654772,0.137261628674385,1.28141565334517,0.718205395185115,0.0301129389261599,0.998072605331556,1.25161023618146,0.81541677954195,0.0969324069954886,-0.673250207979583,-0.228536988640492,1.00665565510496,-0.141344233726339,1.08971961563548,1.02699956097946,1.70560637012501,0.351569238307399
"NUMEX_BILL_MELTON_CA_2019","323","4","3","8",1.47243149922309,0.372797285072881,1.20967846696012,-0.849438130683529,1.22212739124335,-0.919513678555028,1.0381445674882,0.876365866558663,-0.922997289176969,-0.708569908276213,0.0330474026726416,-0.557808153916095,-0.091948820528393,-0.62532119132564,-0.343907080249039,0.347624598484227,-0.734880777843428,1.13626594833459,1.35968338227211,1.50457294666239,-0.429374683710927
"AFX_779","324","4","4","8",-0.294174281333099,-0.2561778879928,0.92925107388963,0.918287050425007,1.08212676675096,-0.951317370966509,0.0778152446022031,0.449486977764044,-0.982695204919067,-1.16055013458179,-1.18378627232086,-0.703643501925788,-0.903907670010223,-1.68139190627459,0.74211016314519,0.472919043601699,-0.944392884258358,0.407168312396558,1.03287477136245,0.682348403841244,0.26585751675735
"NM1702PAR","325","4","4","7",-1.15027252692044,-1.5075588323508,0.229441905376276,-0.132311687588903,1.4635012502592,0.0378591618020531,0.998880030573432,1.48421074939106,1.21420682758655,1.45173287574393,2.15813209091112,1.60185115075976,2.17418738929509,1.95639831117207,0.294177207219453,2.45891821501504,2.38259989936548,1.90122610930844,1.71016089636433,1.32073854651348,2.04588751219165
"NUMEX_BILL_MELTON_CA_2019","326","3","4","6",-0.720273194403688,-1.53090533971421,0.115103655608573,-0.210552665795378,1.25036420136675,0.44963593224231,0.711513660775,1.17175253772631,0.989572841160039,0.945367222507386,2.28133048338964,1.62247515118125,2.46377785092937,-0.0995430028642828,-0.0895348257828463,-0.0836711395318621,0.723120040834923,1.3180867465559,1.16917899564181,1.09914706991118,1.49745323548351
"AFX_149092","327","3","4","5",-0.502058160021205,-1.69472394283604,0.130985406076073,-0.375641857975407,0.96725479509219,0.64219016423927,0.66179348484383,1.02358553825349,0.780652846889199,1.04773536813893,2.02957049092568,1.31979093018467,1.74623385469592,-0.341760181843547,-0.757377373147333,0.296745243514361,0.679229031851218,0.992301428348807,1.46085304482178,1.234720823649,1.7911564210999
"AFX_149092","328","2","4","4",0.0765504400714286,-0.999135895055391,0.395398216973473,-0.101788054684823,0.750470804387284,0.478806039217732,0.552072257548559,0.757749072105438,0.0306852696345922,0.177466885183312,0.683963189003731,-0.0303726821582851,0.415546731703974,-0.612621696774954,-1.44627431952289,-0.0143807550830405,0.0868934793642416,0.780672506759132,0.728563479557419,1.06329081361303,1.03453153819768
"NUMEX_BILL_MELTON_FG2011","329","2","4","3",-0.106474142965347,-1.39806757207527,-0.640605215407561,-0.399302232407721,0.376948241789335,-0.322084078486403,0.157424286795792,-0.18708154390141,-0.281851870262207,0.711042070365653,0.722975889265931,0.75456507639523,0.527191463432192,-0.587629256797483,-0.979429025474421,-0.0771459133703662,0.00371927543095055,0.457459659285598,0.447567560928778,1.07658484022409,0.629693836714492
"NM1704PAR","330","1","4","2",0.130843978803473,-0.990351365556616,0.138410558572601,-0.109691477850839,0.586225304999129,-0.317506889847933,0.404725385950328,0.172520173829971,-0.153694615073912,0.837180086266386,0.843239178716438,0.869622235203496,0.304511583464083,-0.497140661911551,-0.823825090190578,0.514693349642586,0.192263818767946,0.788624927695079,0.758739702338408,1.35881777051836,0.651644315320667
"TMA_990","331","1","4","1",0.723279998958606,-0.350397421554512,0.989079456065116,-0.334128819067848,0.658906647356238,-0.0220574124963388,0.388615092537712,1.14857583664832,-0.35406183078842,-0.086351521301835,0.532518992267488,-0.0161625431180001,0.571195440740552,-0.0362331244187566,-0.983778343467807,0.490610648975793,-0.0606296531864665,1.0121335240936,1.42592396321248,1.31055899270787,0.187954338280659
"NUMEX_BILL_MELTON_CA_2019","332","1","5","1",0.519707542666924,0.633382425831568,1.61294200988697,2.13169810442431,1.53479203694076,1.51057446077386,0.917610954078079,2.22165896670138,1.31474096738304,0.34147983309232,0.13173873107114,0.354674503610874,0.217732768404623,-0.374905050445292,-0.0348700489289119,1.45212812262094,0.342346433881667,0.661623995676469,1.68354520287519,0.520078262536944,1.68559033895835
"NUMEX_BILL_MELTON_CA_2019","333","1","5","2",-0.364040946265896,-0.901045658398963,0.822493182957175,0.738002047968109,1.24952323284771,0.786791758790327,0.808993211190484,1.70858151116425,1.88809284297091,1.67279069463141,1.75697077122789,1.79085167737297,2.63156232556949,2.28386767876602,-0.535028951646487,2.40896954467322,2.80422043080948,1.62100620032082,1.5205964025897,0.56345083078407,2.34838578331085
"NUMEX_BILL_MELTON_CA_2019","334","2","5","3",-0.535357947022528,-1.12468628364593,0.504028837961828,0.294851667051637,0.874621965329678,0.639662012972673,0.232663851587398,1.39015957386142,0.919076350644495,1.30827351288998,1.96161777940603,1.86030855877347,2.50824502288305,-0.10003466781478,-0.834818591645058,0.100279696842858,0.633249955944131,0.915655976288033,0.886497763837391,0.189021379674007,1.27487558981852
"NUMEX_BILL_MELTON_CA_2019","335","2","5","4",-0.83350526151526,-1.50511681438338,0.23742121318342,-0.1611477365161,0.540062611822496,0.767570061945078,0.139254037854662,0.711754449628083,0.317832476828557,0.887487513913221,0.956378779527961,1.13369446577504,1.39230827070856,-0.35473831204079,-1.40031446841147,-0.472723436534823,0.510602260410147,0.677407971286933,1.13508916337952,0.301728720267546,1.24193745073781
"NUMEX_BILL_MELTON_CA_2019","336","3","5","5",-0.323569671747205,-0.784397186238162,0.581970358245756,-0.04852534252572,0.327788652470378,0.363090558625479,0.10476594805245,0.774926325993294,-0.140489991726874,0.290612548275769,0.0384668829367243,-0.151264360731913,-0.130396755370205,-0.517529124782317,-2.13072843339513,-0.0594932947852847,-0.0280149836692566,0.638722477038858,1.20094001651239,0.305905747234228,0.809741734555983
"NUMEX_BILL_MELTON_CA_2019","337","3","5","6",-0.314750555276437,-1.4080121855785,-0.645150077819655,-0.452808977687962,-0.0306932623752786,-0.465411452392548,-0.290802618636812,-0.191756104204128,-0.278540259638451,0.60833958104887,0.24548134550927,0.828897623735468,0.0461376839543234,-0.183434588717337,-1.90145515606508,-0.237917619131374,-0.0258941646668491,0.282184279384279,0.472397907272931,0.235087850546749,0.318647966148743
"NUMEX_BILL_MELTON_CA_2019","338","4","5","7",-0.249680578072261,-1.30258351062653,-0.290403616848822,-0.416350222677008,0.142348949856439,-0.297373115438299,-0.122058821126386,-0.277630027453981,-0.210818513197583,0.654711732622139,0.258312117292598,0.964395995915718,0.159211468021692,-0.0982725818550938,-1.89532870463421,0.368329515184717,0.236171172191251,0.619123601912514,0.864567540335702,0.592402099215709,0.547387072391543
"NUMEX_BILL_MELTON_CA_2019","339","4","5","8",0.163023151273315,-0.570432981868019,0.459335839797663,-0.837773492706561,0.211740193004884,0.31612100119997,-0.0617235484084956,1.19102619156659,-0.602565589106294,0.384226146360424,0.705272642652054,0.166395302151678,0.838719883973227,0.207810115771313,-1.99822319114948,0.464533714647797,-0.0774343154615176,0.969767773547647,1.8525676986157,0.769473312999067,0.181182494153884
"AFX_149092","340","4","6","8",0.523620511953255,1.27889847437425,1.29062248174457,1.95173780850263,1.32996508533669,1.6713337654525,1.11454457022877,1.74809758806158,1.62459849187848,0.565130040988465,0.60766865905969,0.833326288048099,0.852519664585426,0.395841156098872,0.798527692604465,1.68437950956646,1.18092303982166,0.414480107206917,0.596101448198235,0.281135636653566,2.07335882453478
"NM1713PAR","341","4","6","7",0.178726476681047,-0.0825383918792502,0.712246854405761,0.561387677836374,0.913413051263858,1.04624481332864,0.668291108570255,1.10805341162719,1.58905341597046,1.66422670543305,1.7166111219424,2.08827824108663,2.46702532574111,2.55920314561216,0.353738545854872,2.20493554529819,2.66878991715673,1.38845523195831,0.418459682405417,0.14641095372899,2.14397687583381
"NUMEX_BILL_MELTON_FG2011","342","3","6","6",0.486045703055912,-0.081372514539842,0.272403015167704,0.187017176655028,0.586269523424789,0.64925895001024,0.111287014805849,1.10334605001161,0.978262508163031,1.60728664640008,1.52546054067904,1.98456782562412,2.21739785349879,0.737805216074955,0.1510475093166,0.266665647322563,0.913391287598577,0.895078425111076,0.141957683483377,-0.211664405030801,1.25751704174944
"SW_8888","343","3","6","5",0.308538427538161,-0.865562228517427,-0.240970725044585,-0.492540158532299,0.184420944804122,0.727665861241251,0.0322030828841722,0.509964486372928,0.49158057488461,1.12612845996543,0.448494742660333,1.21549784473213,1.09677490204971,0.298870678470041,-0.328162928109066,-0.120859452824278,0.875240345375663,0.720493262041044,0.958429203585075,-0.237529139255886,1.0782078337564
"NM1705PAR","344","2","6","4",0.168662807317432,-0.533982988962575,-0.212212370900944,-0.782693196409134,-0.0415888738470203,-0.455897701167912,-0.201763219556353,0.0555243315736569,-0.476839354691233,0.112505718368492,-0.727377449662735,-0.226969277318263,-0.581020543515192,-0.609658610957819,-0.903114235889941,-0.508809617179789,-0.352957649201114,0.452449557019728,0.707974143679829,-0.381999924410122,0.190874622694669
"DONA_ANA","345","2","6","3",0.0756909884248322,-1.3337975142429,-1.29627820202324,-1.29454127618847,-0.451256605474884,-2.03616090610425,-0.523477106987616,-0.851094606894016,-0.903304250618315,0.0260739298625418,-0.924687091819564,0.562720627993136,-0.76895021224228,0.131082764791573,-0.832798695067328,-0.0694889802685421,-0.252854170635302,-0.0516442615820227,0.130796354513967,-0.506580203809882,-0.549513518943441
"AFX_149092","346","1","6","2",-0.487613720146872,-1.58509522490723,-1.26842527180172,-1.3480076290774,-0.327646788327007,-1.62763574847324,-0.303804330089513,-0.620875161386635,-0.542497477986212,0.421545584098735,-0.6127761340228,0.739606567181937,-0.14744840007302,0.155217495960127,-0.997977256116165,0.564987847553916,0.317508783224498,0.104420162884974,-0.0185547645265492,-0.308736576781746,-0.422625250893498
"DONA_ANA","347","1","6","1",-0.900262180734,-0.882674154495649,-0.689527778151515,-1.7921535729729,-0.338269161794694,-0.68876851607995,-0.303008482499002,0.703613543568527,-0.982721191578491,-0.19500096081907,0.00516796785005734,-0.352141765641458,0.284181667648238,0.313619595173825,-1.14335675394314,0.19206128095434,-0.252079263710476,0.458911303272752,0.88508763594023,-0.0156916173181909,-0.87028261060519
"NM170506PAR","348","1","7","1",0.710575735693167,1.26871511893255,1.4912347780054,2.25091657257625,1.03245260594216,1.74036094623911,0.993127829573528,0.834662687724833,1.69014483290963,0.568532523457177,0.294578480058041,0.741822698397573,0.502649326566882,0.75784276687034,0.764289229381987,1.60109813181459,1.48318684828805,-0.157417769048997,-1.0978201685888,0.0373897368932421,2.13961862844366
"NUMEX_BILL_MELTON_CA_2019","349","1","7","2",0.163767264827165,-0.0654243419739899,1.05299469496809,0.838393638971278,0.435198662131958,0.312553071232319,0.370180426206652,-0.0646338305604629,1.43942160336182,0.582351052820182,1.02426666783014,1.54402679312681,1.50359607956178,2.33242767095132,0.335144446251124,1.48591413930512,2.31465042717433,0.572838263023596,-1.91583696415028,-0.204810678825138,1.62567815398163
"SW_8421S","350","2","7","3",0.0501591299102607,0.0601561472341371,0.461674624225847,0.507861218547246,0.26627295690956,0.1299434144063,-0.165111370609828,-0.114491702353954,0.615336393644838,0.328662892712828,0.581035688239978,1.22975717460013,1.0529926490514,0.825313604219182,0.346990472117782,0.364682485174609,1.03674320555033,0.257456618819494,-1.95648826995556,-0.540017773839168,0.889812231247114
"NM1713PAR","351","2","7","4",-0.853897404572521,-0.936243662641779,-0.461642411741615,-0.36351380340511,-0.170492965592403,-0.516643849717862,-0.412010052636573,-2.11562186624328,-0.475392632501224,-0.0641889078567024,-0.573106876982047,0.385193906962669,0.045039455440798,-0.305926371949847,0.0418185742946934,-1.03645421165822,0.0816385047424294,0.0913391498511334,-0.805998498462149,-0.776857747559023,0.42893097324588
"SW_9720","352","3","7","5",-0.792054115495897,-0.48517486043324,-0.0858707787084083,-0.343905817267761,-0.214879892173746,0.0469516749038025,-0.275095945052765,-0.989399487620028,-0.437967432208648,0.0392427289478577,-0.582394178749183,-0.105948774412976,-0.742162094440094,-0.795366660705488,-0.379743777229279,-0.403568381898523,-0.534039129155945,-0.0404962728000337,-0.0921652638481465,-0.789423075464392,-0.127532080933029
"AMERISTAND_803T","353","3","7","6",-1.07274361220228,-1.25171949550541,-0.742392934115521,-0.753453216828423,-0.600487236749365,-1.79903326856804,-0.553984295035725,-1.37997359367274,-0.876173128469199,-0.520551231531499,-1.08645209645648,0.406254229297205,-0.728876446693455,-0.291200754210843,-0.384288923915432,-0.488275071115616,-0.748931624371648,-0.508067531802933,-0.5007659931029,-0.842487810529273,-1.05159528527846
"TMA_990","354","4","7","7",-1.57454257032412,-1.59601380149515,-0.563543642464055,-0.749496845302898,-0.439986367639362,-1.25134842823558,-0.291551392353462,-1.26708564598846,0.0155905599390255,0.684136714537202,-0.0305719618186039,1.12555784191281,0.510767964776136,0.163032683957198,-0.598489115943377,0.0852584126097644,0.181169199335096,-0.288691290349241,-0.890728197614521,-0.567450848376389,-0.794595167522376
"NUMEX_BILL_MELTON_FG2011","355","4","7","8",-2.30093625837166,-0.970097964721249,-0.17622916206252,-1.2320970282001,-0.472879879205654,0.197382635059404,-0.388753605196932,0.399512249066616,-0.68054602217472,-0.103161475630836,0.263453070363277,-0.250957974478442,0.65019287399317,-0.00666404294798705,-0.688427925281145,0.272337744565899,-0.329431765075064,0.16752099706772,0.494550015014183,-0.293752513638003,-0.848534264554097
"NUMEX_BILL_MELTON_CA_2019","356","4","8","8",1.11583786581237,2.04558903261801,1.56550403272686,2.85764676995396,0.936508568847056,1.95126643886482,1.00260951929228,0.600024076797943,2.20896772513541,1.3043616747924,0.720940978864594,0.919556803965865,0.841788756494259,1.59574665504898,0.621679316565934,1.7502303495409,1.83555599793469,0.296740779538279,-0.903859374473116,0.136323517123279,2.55883073063395
"NUMEX_BILL_MELTON_CA_2019","357","4","8","7",0.775531256802451,0.902886960521018,1.21026881355808,1.60563531580285,0.296180006665078,0.577348888223933,0.352943105293684,-0.0658064400711367,1.9866607465476,0.936425793370711,1.49455682656539,1.55459086657091,1.81717832531902,2.39007197424862,0.174269471617602,1.79966583554075,2.45053463608037,0.666694045464861,-1.61311893111838,-0.0491134786860629,1.82790040080401
"NUMEX_BILL_MELTON_CA_2019","358","3","8","6",0.254229996842479,0.988743923499787,0.576231410826384,0.990938224339307,0.173071651866391,-0.0631593655202511,-0.143816890984671,-0.432486689261948,0.883582433519959,-0.305376397279957,0.411284702603759,0.480181981145863,0.783981411583335,1.33062047669092,0.335719715366424,0.70300177639312,1.34984016461945,0.265840351954797,-1.73728252416318,-0.414861384658156,1.14713213536122
"NUMEX_BILL_MELTON_CA_2019","359","3","8","5",-0.50331938832035,-0.198414218514047,-0.585136749811176,-0.294732282648644,-0.275916207598306,-0.150791929831619,-0.3797724562857,-1.62570919248258,-0.25273201629669,0.0148580412915102,-0.464461694623024,0.136507761767536,-0.169177002630547,0.281362928720923,0.0644552913715755,-0.0458797271335108,0.353866976433654,0.0588210838032672,-0.54844886925858,-0.72275329380095,0.388368456416593
"NUMEX_BILL_MELTON_CA_2019","360","2","8","4",-0.171065421370946,-0.162875816821646,-0.538613972661344,-0.655222558114087,-0.304064643221434,-0.225216906546259,-0.440484351462576,-1.51958062359583,-0.761330294314541,0.108331837267393,-0.888052021695233,-0.310441484547424,-1.09337228506689,-0.358098716093503,-0.208899339252407,-0.452156832178166,-0.615096632662999,-0.330587724639052,-0.576485629683657,-0.953693733293099,-0.589610984433662
"NUMEX_BILL_MELTON_CA_2019","361","2","8","3",-0.401117847738199,-0.959638247866759,-0.978191630333514,-0.986941664686243,-0.56019748447953,-1.62383708751646,-0.669687722581576,-1.865847723856,-1.00925832752048,-0.551748840781594,-1.33029026434002,-0.199418241207177,-0.990029852573701,-0.155376752664152,-0.0834802188222191,-0.656768875281862,-0.992900691544691,-0.713753761849694,-0.757900194599513,-0.984078320379718,-1.21161687389627
"NUMEX_BILL_MELTON_CA_2019","362","1","8","2",-0.718414801090866,-1.57536738582875,-0.884175442001163,-1.06239467820869,-0.476884009138701,-1.40547905900533,-0.553825563147678,-1.76613643667604,-0.36612284864735,0.558042220915058,-0.137548023057024,0.81772304114754,0.0942094600650939,0.46573298672745,-0.270677155494527,0.401235220227466,0.360153432606896,-0.573830275018315,-1.12873032222729,-0.70604106881926,-0.698017776334816
"NUMEX_BILL_MELTON_CA_2019","363","1","8","1",-1.24402549418025,-1.01156602448072,-0.503383822584815,-1.54368719821188,-0.694467082097115,0.231774631887132,-0.61655336497136,0.0802407216547434,-0.712720856196249,-0.732849341978458,0.0404460819571692,-0.650536063074284,0.286207278267012,0.345043912197181,-0.330980386080388,0.548621631464025,0.0566538737647454,-0.23907147866766,0.170398536139902,-0.481378535304884,-0.857289364412445
"SW_9720","364","1","9","1",0.773946236945167,1.8936922041244,0.902077724447685,1.94624486161169,0.72776228544716,1.27059403189591,0.61369031104722,0.366392430311098,1.5714712480408,1.29296819565319,0.372479749231433,0.68432837572868,0.602083164873494,1.32548075005392,0.251846034650711,1.34717597944451,1.41912768365669,0.392607588969892,-0.768491279088271,-0.0961672291190534,1.74811617850147
"NUMEX_BILL_MELTON_FG2011","365","1","9","2",0.895099046156477,0.912121701508493,0.521333176904949,1.11901774781755,0.0631958829804435,0.58776751376116,0.180347072550441,-0.0136606941193316,1.74219476668469,1.17546783075705,1.52299367404242,1.31156386616254,1.60629515180692,2.34021872604548,-0.159308139517391,1.83355242654851,2.06075389025245,0.579990669391637,-1.00174139990255,-0.194868216614769,1.36424688852229
"NM1702PAR","366","2","9","3",0.995697088973507,1.07295600273954,0.293335191086889,0.83466742186209,0.000877249077082426,0.867151097221326,-0.0912190338642831,-0.413467443141094,0.881091259229385,-0.117000000412986,0.185758784736393,-0.291929220494165,0.35445452949375,1.58810731202583,0.0978540463421839,0.538643566895496,1.10812539047325,0.146062871267234,-1.03599902659341,-0.524816849348024,0.820695666423571
"AFX_779","367","2","9","4",0.506293926963088,0.0569734888701367,-0.571404199444221,-0.234188663355958,-0.469423566892596,0.158415659446882,-0.327500743940481,-1.38548378920183,-0.261855982735799,0.0570283913237667,-0.644222143127245,-0.223043118553333,-0.62508759723959,0.593993421204833,-0.0834222400534476,0.404998065516269,0.143600886536904,-0.0641103337123025,-0.00133075264466006,-0.688280857642256,0.0667219410981557
"NM1712PAR","368","3","9","5",0.374992371706661,-0.0543655927791336,-0.770212388227773,-0.389191223223627,-0.502641410435379,-0.327013936793136,-0.606054511496507,-2.12473658748254,-0.897436655067798,0.0300100605736878,-1.16594815857404,-0.535472802919843,-1.30890733080716,-0.556274404198885,-0.1490177909311,-0.372871383691324,-0.774517927214263,-0.564326093052057,-0.522678423183372,-1.03330849674637,-0.450404497074808
"NUMEX_BILL_MELTON_FG2012","369","3","9","6",-0.115979394368009,-0.700049048226214,-0.95054958968414,-0.464957308396916,-0.700188201840439,-0.981599502520083,-0.578850396118922,-1.85224238040626,-0.484112260601575,-0.0979779605695059,-0.911425523090179,-0.555995539404946,-0.785177071322625,-0.456594010978085,0.266753188617188,-0.802929301686544,-0.899013569225366,-0.786890590711668,-0.901984833272832,-1.14952401668321,-0.886089444786643
"SW_8888","370","4","9","7",-0.460821947821029,-1.31898566470058,-1.27683620021455,-0.910449800985565,-0.686223738561941,-0.864151591667462,-0.471349288908282,-1.96517063370848,-0.346830860543503,0.88851278957099,-0.0296752439294399,0.507477939467935,0.0274537434028048,0.622423633579096,0.189420302992725,0.289224685788059,0.392273054215469,-0.624975875411296,-1.45620835467759,-0.887534771610435,-0.2362755141934
"SW_8421S","371","4","9","8",-1.15454784362468,-0.722343290173347,-1.06943559547202,-1.63543579816982,-1.09318909233439,-1.20830952978947,-0.712239969255567,-0.471920271462714,-0.917220477898189,-0.688034739978009,0.0526567536895209,-0.902329508697034,0.325703471941577,0.630284901493337,0.1889200794316,0.279019469632155,0.00844455514465084,-0.408565571717399,-0.279047770880227,-0.736910785802475,-0.640810569395895
"SW_9813","372","4","10","8",0.922596438233177,2.24604536481821,1.19607035797069,2.36219148195935,0.554312326967772,1.21150468469218,0.419115923609919,0.512554107894222,1.70263845011782,1.0105923035961,0.0581856780510464,0.479261488721662,0.354554709620892,1.22508963537737,0.157864605566621,1.41471045597514,1.25845409427,0.642250613423468,0.142203956381003,-0.0725406889943595,1.74249717493459
"NM1703PAR","373","4","10","7",1.01861804839206,1.15518599733728,0.668074393296629,1.71670514902986,-0.185170600798338,0.405352148894883,0.0169273061382218,0.0663723401311353,1.86865383428163,1.17129487199611,1.32439785531895,1.31970840983849,1.44360607381548,2.08315852391174,-0.153645597098773,1.50078760491283,1.68666820902085,0.598993938499516,0.0521404132667527,-0.262357916808136,1.23195428899355
"MESQUITE","374","3","10","6",1.01024342586476,1.13708556922288,0.88829862794513,1.87837807697681,-0.266765742908666,1.0337375579325,-0.187622443464415,-0.305042784062403,1.43236228887449,0.0519604664750397,0.185292593553352,-0.345676131236996,0.478564839950418,1.30051511207929,0.142305572143472,0.459751490649992,1.01655693844117,0.101408809245177,-0.341958133336199,-0.637753055447455,0.86103164698692
"TMA_990","375","3","10","5",0.422850573224143,0.237076324408533,0.376310396470978,1.33047101702887,-0.553112485886923,0.86199087590578,-0.249083087002794,-0.951904093727816,0.779796753838275,0.391959972158274,-0.44680373090172,-0.14297760546449,-0.281225974753797,0.569024526175325,-0.0155466155463923,-0.309916466581282,0.212375358099894,-0.0876981128015923,-0.00574143895465701,-0.731365042438073,0.268907741594872
"TMA_990","376","2","10","4",0.261908429042091,0.215844197228853,0.34223521679091,1.60902971053869,-0.431536380935081,1.32078334909806,-0.451305718645808,-1.49744717836172,0.280311875114134,0.0454021442284796,-0.934092806201437,-0.360573245543527,-0.796143244385733,-0.793480162194171,0.0673198424503285,-0.802151974256919,-0.586461040300251,-0.618207272329733,-0.81589108180374,-1.08089577504336,0.111956402531229
"NM1704PAR","377","2","10","3",0.236466698340938,-0.235326665056701,0.39205848108841,1.7217090772361,-0.4819859116728,1.17667353774453,-0.278700130335566,-1.16522354770564,1.13040690460197,0.502335500933258,-0.419193839578311,-0.318282627892117,0.0613998650857099,-0.730225800726947,0.616626461335877,-1.15038541691338,-0.476951138025514,-0.675974565884271,-0.914713202537125,-1.19620583236789,-0.23551592357747
"NUMEX_BILL_MELTON_FG2012","378","1","10","2",0.0772213731899646,-0.554809544282678,-0.0927040206335529,1.27778612307652,-0.467557472912554,1.28798616813606,-0.129609265446544,-1.05129737783757,1.34805219839003,1.1346163594972,0.70624611321978,0.933267649086059,0.85286674333594,0.570874874286539,0.525395384724993,0.246549006736543,0.850140004944556,-0.380834515584965,-1.02485202927451,-0.874073837463549,0.409235471417342
"AMERISTAND_803T","379","1","10","1",-0.146886105352108,0.15753008273758,-0.317366422101245,0.00362472327150092,-0.950339357363977,-0.244118929965694,-0.606430736208948,-0.429733112053189,-0.0222116307667712,-0.0362581375544592,0.076380579833108,-0.771931509221467,0.962500837827982,0.67557534693582,0.477720419747453,0.0682166771909751,0.511972812025809,-0.28817619421154,-0.160797295217268,-0.752101084460249,-0.200622165368139
"NUMEX_BILL_MELTON_CA_2019","380","1","11","1",2.19753913595772,2.64554543267362,1.02558292510266,1.54735116589082,0.794863326687074,1.68490766317615,0.415867277800921,1.13635490930606,1.77360522061514,1.09254248446673,0.171288354457957,0.658010814720914,-0.223388595396831,1.00805087360046,-0.446980225710199,1.37960928481025,1.02591026929188,0.507758212196756,0.363189023776399,-0.442534417511229,1.16566488860126
"NUMEX_BILL_MELTON_CA_2019","381","1","11","2",1.90904889597746,1.28855847210008,0.042971892529678,0.522226947347976,0.0229915265791987,0.160215416723566,-0.166518177196167,-0.0893367880709392,1.11256969523352,1.29016572426836,0.515380481353079,1.09430530150685,0.572529472140651,1.54766635248532,-0.874183245943525,1.25241196320377,1.11249955627306,0.301938217195517,0.0851195494435163,-0.81881712350608,0.465444041644623
"NUMEX_BILL_MELTON_CA_2019","382","2","11","3",2.25514498758877,0.874227006338994,0.494960830330018,0.945575605872629,-0.199985664915229,0.903419856598654,-0.398395379034472,-0.419853780230789,1.03127539551524,0.48620085627298,-0.36807689055455,-0.0909028929231952,-0.089960055886312,0.221878806754707,-0.683213833441226,-0.13142380070717,0.105230241309861,-0.325004957916739,-0.804420322144634,-1.16333823693394,-0.144931807552869
"NUMEX_BILL_MELTON_CA_2019","383","2","11","4",2.25050376488753,-0.0795940266909801,0.390512760263883,0.995222075938678,-0.36959702637658,1.3731351201155,-0.236261164813885,-0.428934957109724,0.858997095161515,0.248139745216169,-0.794303924003816,-0.0326624657907869,-0.640326928821321,-0.493466353458392,-0.738778715316288,-0.590893921377418,-0.531994335912959,-0.417298133933735,-0.659398999940762,-1.08126710214216,-0.487838884569209
"NUMEX_BILL_MELTON_CA_2019","384","3","11","5",2.34915056603381,-0.204690364430516,0.482827436464895,1.32515136246084,-0.291901090138408,1.06962370155392,-0.599415615920741,-1.24362385996387,0.299352997426757,-0.200519167583077,-1.29989441434474,-0.397941217406854,-1.13819444941488,-1.02499975977853,-0.519812607828538,-0.899610178031105,-0.974809792677367,-0.88518894579981,-1.53427521350004,-1.28593509088928,-0.373012044189079
"NUMEX_BILL_MELTON_CA_2019","385","3","11","6",2.29298297665081,-0.416212408068938,0.569882325645723,1.72405180218234,-0.269013459413139,1.74782878998987,-0.467477387551838,-1.37672575214113,1.05732213109274,0.621487069747511,-0.176340634280556,-0.0113412145824313,0.115740867972013,-0.904973681677312,0.190990637194058,-1.23247193924869,-0.837383990922633,-0.811526757484305,-1.14783746144793,-1.3036562079968,-0.462104344574288
"NUMEX_BILL_MELTON_CA_2019","386","4","11","7",2.16495038016556,-0.261514374597307,0.222468367715793,1.57887391660266,-0.222343796893162,2.02109734442486,-0.253033679980714,-1.1868026022012,1.59904212883595,1.08335002790082,0.942652464197839,1.24776889603686,0.960435851200846,0.273441376164041,0.123078505745332,0.104667338554267,0.659818853555253,-0.509229321384657,-1.05445871207357,-0.925180022746599,0.265534243580077
"NUMEX_BILL_MELTON_CA_2019","387","4","11","8",2.28375444197207,0.820836504165116,0.101521719945591,0.546970701441251,-0.547390670902457,1.03455893175398,-0.533812777757976,0.118334870832839,0.646032900093616,0.500118963188947,0.834623763013742,0.00788222308128976,1.06577545933166,1.08682511520639,0.0235800760229566,0.534586569603981,0.853655412152691,-0.397889718279913,-0.0567068539483304,-0.659241081951209,-0.281197201929477
"NUMEX_BILL_MELTON_FG2012","388","4","12","8",1.00431893809135,2.63622276505276,0.570140033432164,0.466586208168374,0.719134933481969,1.18791067867319,0.135761854243048,1.02338019734899,0.789316208025938,0.967442212981007,0.131689336905108,0.632844155627047,-0.399941199832551,0.243706662034022,-0.503938172795992,-0.00286543895041967,0.200682289822619,0.136551800904708,-0.0351882217779723,-0.648773603517114,0.459762935681368
"NM170506PAR","389","4","12","7",0.820398231302037,1.28390396526996,-0.365439763483484,-0.33242329177125,-0.015186184167624,0.286936282555384,-0.329085071407671,-0.201201696294427,0.699989833226324,1.13865728665477,0.176873190839401,0.898562517880588,0.34292693198956,0.720433343923348,-1.016842004099,0.718675712934616,0.304670564226857,-0.0341808172973474,0.138524718199584,-0.949579722410829,-0.0347974306228839
"NM170506PAR","390","3","12","6",0.79906982050608,0.96343806451483,0.193849276765023,0.141194316786581,-0.231949611761732,0.716180790560792,-0.459391116437386,-0.288120872380033,0.64651960794264,0.509157334873573,-0.573843217672948,0.116846515657075,-0.273113740864694,-0.249670310159092,-0.856359107535316,-0.742872588671766,-0.354372725142691,-0.491459638457235,-0.614586522278585,-1.14540321415994,-0.220112843984012
"NM1702PAR","391","3","12","5",0.303081005182227,0.128504128578417,0.322601961268755,0.212741539608763,-0.306031556145387,1.02230069818924,-0.240413288184584,-0.623511503489303,0.525983202891127,0.38197033694633,-0.775419895048832,0.0872799456591913,-0.691946793856218,-0.63635541135006,-0.798373351229818,-0.909760518151644,-0.630367425729062,-0.464777503448288,-0.661168750480922,-1.06719835295493,-0.383657618385202
"AMERISTAND_803T","392","2","12","4",0.630244881460865,0.107528630843763,0.615338108915686,0.678388404529499,-0.276492778960262,1.07820918041656,-0.462145736924463,-0.83406313040066,0.410726221656878,0.212737602323917,-0.624364427891639,0.133213529305466,-0.998211102968614,-0.576452954914601,-0.532444378030824,-0.588532276848658,-0.688890724462186,-0.692383542361104,-1.04469514211994,-1.06634263483271,-0.126987035323576
"NM1701PAR","393","2","12","3",0.666020046616104,-0.00208974446516189,0.722600971235911,1.39758740667041,-0.179842352252868,2.24647163758108,-0.126001280466148,-0.45625266264745,1.67952254993724,1.17918783226861,0.567411463604384,0.764267661355455,0.182783877588974,-0.298947763650558,0.297604792713232,-0.526599148218098,-0.423696631140705,-0.505027394230153,-0.504761992579218,-1.02024937405433,-0.022582341809972
"NM1705PAR","394","1","12","2",0.529212088231368,0.229223228036825,0.22880732588137,1.40878071795534,-0.230497627973156,1.1302248002445,-0.148980887693724,-0.348558573132412,1.80108600849194,0.90956679642028,0.63342083802345,1.00103690140179,0.621286416934526,0.273661668385209,0.240095093043623,0.190678778200928,0.620735820145102,-0.212275424735833,-0.384024505083557,-0.671252772793038,0.489363638659928
"NM1713PAR","395","1","12","1",0.940935398085271,1.49045015731635,0.153618697177953,0.607454194308472,-0.519360685231194,0.525017915721859,-0.516772726381523,0.329502931971124,0.4985594638734,0.163937798639654,-0.0704654467661544,-0.665127140479441,0.292762690445378,1.27743120721957,0.141326360859427,0.658475674168581,1.15336676900133,-0.176088618727265,0.0642119730484682,-0.44990682372616,-0.0384653034205809
"NM1712PAR","396","1","13","1",-0.0339462823626823,1.88900572474418,-0.0836695970523166,0.0541099258992599,0.364832024384726,0.128216798053258,-0.257819864956386,0.475013851016064,-0.00158526582241353,-0.0982168530628856,-0.151609627434199,-0.0751663304828573,-0.518058761056991,-0.472378040569709,-0.629494764060017,-0.724798993225423,-0.176441208601698,-0.327088254810469,-0.449489020580588,-1.18220570624085,-0.319902878514108
"SW_9812","397","1","13","2",0.184907609534526,0.750781353190278,-0.854289803862167,-0.582005125995886,-0.298765839443667,-0.218920107700299,-0.545349937721995,-0.029638092108563,0.43738456170989,0.456140046859172,0.382788626741005,0.563221227564465,0.116325968854417,0.263215590740317,-1.07969580848886,0.550180137484194,0.263462328570739,-0.366300049814451,0.112470939053432,-1.26774006686158,-0.466967879006237
"SW_1011","398","2","13","3",-0.578288102181038,0.70683358663727,-0.320823678146502,-0.0182952804412586,-0.642552367351695,-0.681019246367385,-0.71905128062918,-0.354840193913495,0.0406263743323929,-0.277597855985161,-0.649296129871306,-0.252636959794295,-0.592116700208556,-0.480375966325901,-0.97635921632197,-1.22945817834185,-0.841182750863339,-0.746623199089245,-0.319933859751428,-1.25073920403312,-0.523690818958112
"SW_9813","399","2","13","4",-1.26252709417056,0.188086460431421,-0.0461515027453607,0.0495901799356231,-0.710925364462099,-0.597548877481814,-0.485127702866879,-0.671632406053485,-0.33615450333389,-0.336635479261342,-0.783166164007657,-0.287002833730847,-0.963525538126646,-0.585743018240493,-0.951227054398907,-0.752729665499057,-0.931651923458236,-0.814036367034285,-0.793097738187083,-1.25539358669755,-0.747485378662014
"AFX_779","400","3","13","5",-1.07085689734277,0.254883425222118,0.214197810114348,0.339756130660261,-0.729365394313777,-0.780439598982055,-0.694616014794675,-0.703616586810454,-0.547515841429266,-0.171672031881168,-0.70001302869334,-0.283699506139176,-1.21134750227053,-0.564885071925375,-0.689102104097287,-0.920026250024296,-1.0666353705773,-1.14031846854657,-1.08781720789141,-1.32380181908129,-0.958318674740535
"SW_8421S","401","3","13","6",-0.871827880731731,0.132120355668439,0.358796102933394,1.27261008993522,-0.433043918333743,1.67251686756823,-0.167839830921373,0.0719188124744217,1.28900306303038,1.24950213875093,0.342846937074772,0.678499446086575,0.376411123127857,-0.34576366760588,0.196231192526498,-0.519964043054138,-0.323856644868057,-0.941636461915897,-0.450332099353359,-1.20181768429511,-0.451593990076986
"DONA_ANA","402","4","13","7",-0.868009991803872,0.367336120916124,0.012472499104592,1.71156841060308,-0.333510038559715,1.58938458657462,-0.143978295797159,0.392063799599474,1.72353142757893,1.40707288054546,0.729449590642899,1.06001480706795,0.629931713191317,0.118783990859374,0.241910194218428,0.0271518458740695,0.569778182010973,-0.510512249129337,-0.226389194889283,-0.832857173686566,0.134237529317778
"SW_9812","403","4","13","8",-0.872161793642173,1.83562805615076,0.235851610017614,1.30907184944032,-0.558692124833281,0.782570680352672,-0.405111539464811,0.96089177310162,0.862385167883086,0.497030427224923,0.0586881226032337,-0.759060414120201,0.326074264808053,1.15726454420164,0.186346510222985,0.436531156701792,1.07026341928464,-0.281927509503262,0.274474247600775,-0.538190799340545,-0.143357276010435
"NUMEX_BILL_MELTON_CA_2019","404","4","14","8",-0.493399525762909,1.12427681151691,-1.09777078152742,-1.1903556662047,0.184214106139024,-0.552101608709073,-0.514795353475958,0.00794662987246177,-1.20432861667225,-0.851494147347063,0.0214593069822871,-0.815328444619419,-0.988960195230216,-0.567412880186224,-1.12510618631555,-0.591959850046849,-0.525439289546845,-0.544524501816407,0.134620457004141,-1.29273829361877,-0.699109273149572
"NUMEX_BILL_MELTON_CA_2019","405","4","14","7",-0.61740616043435,-0.128486585962841,-2.23635321883292,-1.85149675333427,-0.497897289798962,-1.0505496579568,-0.887214797121477,-0.34257564526601,-0.530596266222555,-0.410994608886342,0.555846955655945,-0.317404239839655,-0.619771596069151,-0.0496504033581589,-1.69987558229442,-0.524721796525346,-0.188351547546704,-0.662829579685485,-0.0363077986008834,-1.35224160288021,-0.838548725854439
"NUMEX_BILL_MELTON_CA_2019","406","3","14","6",-1.40439468393224,-0.260605521698974,-1.85261653503865,-1.37979657660435,-0.726540419144565,-1.45726425613042,-1.00102481002712,-0.688379923221369,-0.964723941727932,-1.15074947889745,-0.548980824927931,-1.1010933440488,-0.992628011531643,-0.6496187409741,-1.68503412192022,-1.10565803210008,-1.02371677544986,-1.07713040929756,-0.582677441250927,-1.19653737783817,-0.856611131185023
"NUMEX_BILL_MELTON_CA_2019","407","3","14","5",-1.68558011144064,-0.672575057972531,-1.5289741689379,-1.30572784142136,-0.81167938652483,-1.67786000062109,-0.918407644261824,-1.27342026708554,-1.27166156993291,-0.93980694046434,-0.706372806846778,-0.974441100724801,-1.35828711655535,-0.808998265217762,-1.66787097871361,-1.14077775275401,-0.989441013174783,-1.13922079627469,-1.16295507321654,-1.30622016650421,-0.894836278563928
"NUMEX_BILL_MELTON_CA_2019","408","2","14","4",-1.01101536330076,-0.602495907960143,-1.33343519916404,-1.1629988694872,-0.778376988236376,-0.950562198357269,-0.995820321071402,-0.573230577247123,-1.0124717313378,-0.362017474607398,-0.109304097930411,-0.660083395499271,-1.27977896532365,-0.416467755848583,-1.38960417701735,-0.807337079870233,-0.943112583520222,-1.38714946231588,-0.818548478298544,-1.32717973133635,-1.1406466439154
"NUMEX_BILL_MELTON_CA_2019","409","2","14","3",-0.767439583869149,-1.06253001852441,-1.50401582148672,-0.602459240019428,-0.894257757855966,-0.442822905014086,-0.864362126371381,-0.272956390225232,-0.268493814477079,0.0468812219796396,-0.919330076227356,-0.220267668317757,-0.239540790440056,-0.571776952748851,-0.642005798417953,-0.809022299570098,-0.774614965437435,-1.49820845849747,-0.901481586202275,-1.3254502592747,-1.00158627547305
"NUMEX_BILL_MELTON_CA_2019","410","1","14","2",-0.751375694749401,-0.953832987424515,-1.70761565994303,-0.109166789961957,-0.810008532319862,-0.48836632259103,-0.844661876715125,-0.13073408598271,-0.0277372175050909,-0.0834331673120448,-0.583545816023986,0.125469669015644,0.0219359047792205,-0.53592582789183,-0.672190148332455,-0.662927573563149,-0.181447953759908,-1.13370008386707,-0.690162021251646,-1.02983660107344,-0.360777028242971
"NUMEX_BILL_MELTON_CA_2019","411","1","14","1",0.0321368691902599,0.809679970746363,-0.813218690495573,0.212955848951426,-0.879403430005781,-0.749231085147544,-0.802665892177152,0.848347461717889,0.0754574638178216,-0.490146536586495,-0.844752326137304,-1.12961819574218,-0.043802905419299,0.520149841822474,-0.796190285342177,0.555041948230058,0.605651927443386,-0.811031023035595,0.0456416870426064,-0.7001232555121,-0.441769397479039
"NM1715PAR","412","1","15","1",0.32798186585318,1.34874625474118,-0.293842214173399,-1.0259000945791,0.0356052553687039,-0.139308731187245,-0.575752955177893,-0.0886925532938397,-1.10794960180373,-1.14268877091843,0.166105754715925,-1.21215265207639,-0.945406478961499,-1.43154451144353,-0.860603892052266,-1.95024342507175,-1.22144148022748,-0.928305014883059,-1.0114883450096,-1.24213068733718,-0.837817261907136
"NM1701PAR","413","1","15","2",0.499192702118021,0.256785969416252,-1.71808628844453,-1.65547934536825,-0.609531024750327,-0.502231822697748,-0.854634276184159,-0.0726682074189588,-0.503313855589744,-0.858650743896528,0.46271430293892,-1.04752879943903,-0.780402702887743,-0.457024811157645,-1.40148622401422,-0.556957061091358,-0.56808141564821,-0.820816077137309,-0.162876825253545,-1.12779393443037,-0.998493925153656
"MESQUITE","414","2","15","3",0.264235599225042,0.286417909000137,-1.61580901313497,-1.16789207481828,-0.728026871568728,-0.758422434088971,-0.847409625981925,-0.526698220971342,-0.962998437091716,-1.01488959602059,-0.525883120774134,-1.58575565757734,-1.14020567424866,-0.859684174204151,-1.35025948849178,-1.41996391427575,-1.28076683737851,-1.11695794639376,-0.36339424013352,-0.866517838649957,-0.856301481569371
"SW_8888","415","2","15","4",0.412402844516821,0.140714696329915,-1.04199703845814,-0.946304069364674,-0.72403487841568,-0.263977111837678,-0.674114072874815,-0.580936014007578,-0.595037792782801,-0.367418635737307,0.238870593850793,-0.838554068053433,-1.11768471669926,-0.348937469772457,-1.212134536368,-0.819026609010745,-0.602047937599297,-0.879745094776685,-0.124603119675514,-0.888962346688483,-0.557220500682315
"NM1703PAR","416","3","15","5",0.582407655548755,0.00904843232167862,-1.4266686823806,-0.973078383177944,-0.515777436248686,0.160289473649233,-0.749419451900954,0.00185948221424534,-0.327793484630996,0.0756742687731882,0.315424695345803,-0.838892279420818,-0.859840865981712,-0.385606019865164,-0.890887467963422,-0.629325750549601,-0.538280266103678,-1.12459273872821,-0.250353668001285,-0.858792798208676,-0.546000776750878
"SW_9812","417","3","15","6",0.515206124410454,-0.733978629881118,-2.06726755517318,-0.747010782741448,-0.813558295370588,0.269788438534847,-0.907296460219236,-0.0834827085923823,-0.105971600152472,0.378345795374109,-0.825200526041333,-0.407363923363875,-0.0985710007798372,-0.317511103254479,-0.324381248647538,-0.884602862326047,-0.689110715407722,-1.38735177342268,-0.429283367326067,-0.91317068616631,-0.577611352311519
"SW_1011","418","4","15","7",0.0996055543826901,-1.00032325587432,-2.50110036270067,-0.694636024344619,-0.840546195592123,-0.339297352500539,-1.03595984678309,-0.364895788003058,-0.440077835248191,-0.00383531167353252,-0.837515729322569,-0.161888977216931,-0.219078826840569,-0.225131697415607,-0.431464143306595,-0.337020577908014,-0.271352251439287,-1.22469217457487,-0.394225021293676,-0.843634129180946,-0.49636068870342
"NM1705PAR","419","4","15","8",0.362516925163138,0.565876860589958,-1.5703778957639,-0.527282283813482,-0.813204905253234,-0.438728229407568,-0.942071846474096,0.381404753950374,-0.432086013017941,-0.272682079228002,-0.786912744388321,-0.924683128117782,-0.1034565933105,0.457181166209693,-0.617554584105174,-0.1393469064725,0.187298067856829,-0.89051836254523,0.0393496359333756,-0.542234279240439,-0.458674127473745
"MESQUITE","420","4","16","8",-0.541965000464146,1.58287936354686,0.298651402719887,-0.410857084019277,-0.307722160722092,-0.459885164017395,-0.884119928128631,-0.794455642886182,-1.4120386824302,-1.7682028955019,-1.00974729171077,-1.74025867459943,-1.50071246646077,-1.99595741184468,0.202653443521542,-1.46803175218845,-1.71325327141302,-1.40992687929364,-0.853840970630453,-0.630531329273709,-1.58417026573779
"NM1715PAR","421","4","16","7",0.875556487068761,0.738267391742203,-0.96413711475079,-0.978844904780662,-0.932562048188295,-0.210028378857993,-1.04133443926218,-0.429615381987593,-0.804748199014256,-1.69902934285754,-0.468892604217985,-1.50310785428214,-1.37059040655268,-0.651759696683427,-0.278709179639666,-0.637254756989335,-0.913154702187211,-1.2569680316446,-0.170708335210578,-0.469635997124165,-1.58845599187674
"NM1704PAR","422","3","16","6",0.737455466855434,0.926417786054542,-0.807596632988731,-0.421545849394104,-1.02123981779671,0.0728070891545134,-0.851651220954677,-0.0077577599138019,-0.542198487325011,-1.20490938160588,-1.15674302372766,-2.08145021077293,-1.42740855077289,-0.923711029838284,-0.31679733098271,-1.14525331084112,-1.14132293218446,-1.47797227550048,-0.849997780617658,-0.213744311922546,-1.08147966332988
"NM1701PAR","423","3","16","5",0.174255130446355,0.735091467905382,-0.303853160810181,-0.127783179095768,-1.08921009434817,0.362963536106331,-0.735567534852449,0.0650236686199625,-0.245445510104618,-0.383284183447298,-0.25516559874771,-1.16860101350592,-1.03552752862021,-0.427547688249525,-0.13908461295867,-0.800437761662799,-0.576738613575678,-1.07660948437296,-0.264239651687469,-0.184754377073967,-0.58201316896189
"NM1712PAR","424","2","16","4",-0.82236353400863,0.498188882277567,-1.05216900056931,-0.245432964811887,-0.882244739300608,0.059330153129532,-0.894693885005946,-0.172070456141997,-0.13297193280772,-0.209222724001063,0.163245997333051,-0.836292986236743,-0.465203308677265,-0.27952331909296,0.295846531614621,-0.953005601022177,-0.511201904031042,-1.28258297896484,-0.359462462332577,-0.160663646990463,-0.519667920521776
"NUMEX_BILL_MELTON_CA_2019","425","2","16","3",-1.36256588399423,-0.303581069256044,-2.00169003772652,-0.422278571965847,-1.17221553255728,-0.0882458954023157,-1.10001400922831,0.108054216978885,-0.0751058437084499,-0.01626108577727,-0.632040537745832,-0.368662501070941,0.0150703464744771,-0.0509109981182299,0.626333020005234,-0.64736314614615,-0.436151565576738,-1.51958388214512,-0.413110454646254,-0.26940886362038,-0.582385457867795
"SW_9813","426","1","16","2",-1.44769915394538,-0.838018637582461,-2.58892817514606,-0.706115352265195,-1.22452918125677,-0.375050609423598,-1.34839006051951,-0.709457017499394,-0.807020582016126,-0.372063913842628,-0.991349974224197,-0.286911536753896,-0.437952699216241,-0.229178072727511,0.482653376365524,-0.661108766749129,-0.594876681551991,-1.52107351745399,-1.06318606340678,-0.467600756455873,-0.843887036430768
"NM1702PAR","427","1","16","1",-0.964924651645472,0.717807623324012,-1.38792416751186,-0.4381033576961,-1.13399702639862,0.306460095209792,-0.943602567862736,0.702410075173012,-0.170739757153099,-0.285531958611967,-0.858368945721142,-0.620972473669475,0.130728673926423,0.468949752853879,0.22327340596116,0.0375072909435109,0.095823277075774,-1.05538982946235,0.109442704002762,-0.0990928765884415,-0.446310058437365
"NUMEX_BILL_MELTON_CA_2019","428","1","17","1",-1.74748391319708,2.0453720927509,1.65626299113573,1.10844204217158,-0.315573148945522,0.318137897441523,-0.469040828100151,0.0991369949417306,-1.31648891506765,-1.52238480986345,-1.68574836297893,-1.93793500245919,-1.46533992114093,-1.90083342102875,1.12514713850073,-1.01532121012035,-1.63808512709519,-0.935021388016384,-0.26314354734152,1.15668772558529,-1.32659306547075
"NUMEX_BILL_MELTON_CA_2019","429","1","17","2",-0.859784097072544,1.12145056662291,0.148891170067074,0.101361521772473,-1.1635501566993,-0.454999180433522,-0.939700210696265,-0.252076854306351,-1.25898028071448,-1.96214503348239,-1.5280702879899,-1.82459532572479,-1.33405530127482,-0.61558655892707,0.860101801083362,-0.59596289236211,-1.05917520059675,-0.813438326504535,-0.0475034696954076,1.11609829233169,-1.39044539527327
"NUMEX_BILL_MELTON_CA_2019","430","2","17","3",-1.25756743751141,1.41477242215955,0.322310784705453,0.607036377325723,-1.24012545993189,-0.685369929798319,-0.854873987201495,-0.12597372164644,-0.62408078401958,-1.49305096654951,-1.66223042685711,-2.0933872960442,-1.42042263211448,-0.782451023991348,0.859830103570624,-0.795554164558566,-0.98538441911011,-1.16221573746736,-1.25412197902759,1.18117759819829,-1.23008318517015
"NUMEX_BILL_MELTON_CA_2019","431","2","17","4",-1.27793767957983,1.31499294250078,1.07302274929978,0.953865887856286,-1.40064444431479,-0.092362102182051,-0.7602816374759,0.241757849339991,-0.147247821138666,-0.83325202963985,-1.00098336988051,-1.38148181531977,-0.935093713082109,-0.323853730524386,1.26927872670756,-0.576929480929269,-0.521885852146373,-0.68771764818975,-0.3794324135874,1.16095480206196,-0.828310397548425
"NUMEX_BILL_MELTON_CA_2019","432","3","17","5",-1.66513580732217,1.23716666451769,0.579378050580233,0.923938747245574,-1.25265212719957,-0.0197761156168083,-0.652674527000469,0.5368100796241,0.508608546798409,-0.666816948682836,-0.0537443738638209,-0.81241265041349,0.126191513473067,0.0462539266369914,1.98000231758251,-0.646302651996719,0.0911146645965704,-0.768585671514313,-0.10791149241357,1.26697489251427,-0.109715492751336
"NUMEX_BILL_MELTON_CA_2019","433","3","17","6",-2.20777965687582,0.383965067260537,-0.864904280583675,0.287444438630932,-1.56935009678419,-0.94088117879963,-1.0225026050997,-0.0887445201042564,-0.186856288632964,-0.621192212599703,-0.337763793062962,-0.566206488041574,0.0722881990584874,-0.135359569207872,2.25902097756159,-0.73734118457643,-0.36740557487616,-1.11091998064664,-0.395545225693076,1.02330690956101,-0.350278733323513
"NUMEX_BILL_MELTON_CA_2019","434","4","17","7",-2.2745301851418,-0.178084628337132,-1.67060981373043,0.000727489120937896,-1.72991957893842,-1.05465238423956,-1.25324226638828,-0.607229353918174,-0.560331398464726,-0.868098572520065,-0.564155864817838,-0.393817874779747,-0.346239394645932,-0.25006712413797,2.09445107212426,-0.780573108004926,-0.823333923078649,-1.35735756605035,-1.2411906379453,0.644961128212583,-0.667429243431809
"NUMEX_BILL_MELTON_CA_2019","435","4","17","8",-1.72382152098107,1.19749482509974,-0.399490312310319,0.311661012072816,-1.59757016100666,-0.364499264291587,-0.83580856805039,0.302710889416193,-0.07199530662936,-0.632886065115992,-1.26712495837938,-0.585928171711757,0.344167141158352,0.328265800307843,1.82088125972904,-0.421919824033858,-0.204236552170395,-0.943382753710523,0.0622909653404884,0.972260410545708,-0.505469555635676
"NM1701PAR","436","4","18","8",-1.15627144250626,1.70099974670383,2.55862263391862,1.61214412263362,-0.525183894699916,-0.361893938242599,-0.138911014869229,0.663641061380249,-0.514935521545798,-2.46437043144252,-1.66319551283232,-2.01349720753079,-0.980521158182035,-2.01076253698397,1.59798456125561,-1.02773294997195,-1.37130296936012,-0.782580393064824,-0.100956583172806,1.36541932169697,-1.23803034831863
"SW_9720","437","4","18","7",-1.1070673991581,0.701512642473871,1.27538633460417,0.284750473018591,-1.38687572753956,-1.61921195875441,-0.959167561493066,-0.588065260451079,-1.30174902722138,-3.37019983854914,-1.82496552914283,-2.14397751424334,-1.14709175523818,-0.399954509354857,1.49437085240697,-0.576959063069764,-1.02690603505588,-0.651674603458346,-0.320301186632785,1.26868581193151,-1.62814972367821
"NM1705PAR","438","3","18","6",-1.2445654731411,0.966246903309302,1.65857961911923,0.454537842146132,-1.43420010789476,-2.210606630357,-0.859406328635313,-0.00711055255000041,-0.971308116313015,-2.94620265803578,-2.00763817369358,-2.33020944270033,-1.60114473733096,-0.471378740926071,1.48067659852802,-0.379406980049745,-0.992724308455169,-0.948988288720437,-0.98985618705751,1.42313571131184,-1.48612810462718
"NM1713PAR","439","3","18","5",-1.07772315137389,0.667473002937095,2.341988989939,0.504192288061892,-1.47238450277202,-1.15095381010416,-0.909250625138733,-0.0390872099096028,-0.437004380873927,-2.00432367687969,-1.53448848216289,-1.8583279194256,-0.904262473432294,0.0666468322903347,2.00068971453844,-0.525936645003048,-0.548970593417157,-0.359428091399291,-0.298553506241085,1.49030937527519,-0.923645074843025
"NUMEX_BILL_MELTON_FG2012","440","2","18","4",-0.556674803109471,0.586350234076081,2.06600369069097,0.420992185860101,-1.30214164495138,-0.186821466953153,-0.626308037028097,0.727417841452298,0.570284520066766,-1.39264068130705,-0.384091542689989,-1.31395828445591,-0.0113221901464073,0.893856171345923,2.77088489313676,0.495420235207533,0.445321755782441,-0.362372072613946,0.233645820290948,1.80471618755407,-0.341012076653666
"SW_9812","441","2","18","3",-0.943576740860283,-0.422846779384902,0.415960575114597,-0.345929737039486,-1.67277815881967,-2.01172598873622,-1.20044324374232,-0.489734036083262,-0.739391038175802,-1.78256204541967,-0.907812141929829,-1.24082593065058,-0.409772431710464,-0.0384703256447185,2.91096938318128,-0.564546678593403,-0.52850786307373,-0.892627744684702,-0.632194248775801,1.4542725241071,-0.670438236371216
"MESQUITE","442","1","18","2",-0.90707296124102,-1.08113612724974,-0.623415517560592,-0.525582113041967,-1.87043870790797,-2.53305828483637,-1.49919739809069,-1.46051887878169,-1.01446154773786,-1.99901547725119,-1.34114907146616,-1.22542769724579,-0.888893821594775,0.14128101507236,2.70295342410647,-0.926496741905126,-0.879273366146276,-1.19267523399921,-1.24032482215672,1.11343314715091,-0.773394360627075
"SW_8888","443","1","18","1",0.404548907687797,0.606368808964478,1.11246301713167,0.244007041537353,-1.78954195032687,-1.29881824581462,-0.852893529857839,0.260615463341847,-0.136427165306227,-1.8437561193,-1.75204214871513,-0.85760180212591,-0.0604418154958256,0.777453397157877,2.39654587473309,-0.099347257878189,-0.0510915003477661,-0.695464541850294,0.338553597503032,1.53912027492721,-0.296141478189222
