"STATION","NAME","DATE","TMAX","TMIN","TOBS"
"USC00300331","AURORA RESEARCH FARM, NY US","2022-01-01","8.9","3.3","8.9"
"USC00300331","AURORA RESEARCH FARM, NY US","2022-01-02","10.6","-1.7","-1.7"
"USC00300331","AURORA RESEARCH FARM, NY US","2022-01-03","-1.7","-7.8","-7.8"
"USC00300331","AURORA RESEARCH FARM, NY US","2022-01-04","-6.7","-10.0","-6.7"
"USC00300331","AURORA RESEARCH FARM, NY US","2022-01-05","1.1","-6.7","-0.6"
"USC00300331","AURORA RESEARCH FARM, NY US","2022-01-06","4.4","-2.8","-2.8"
"USC00300331","AURORA RESEARCH FARM, NY US","2022-01-07","-1.1","-4.4","-3.9"
"USC00300331","AURORA RESEARCH FARM, NY US","2022-01-08","-3.3","-11.1","-11.1"
"USC00300331","AURORA RESEARCH FARM, NY US","2022-01-09","-0.6","-11.1","-0.6"
"USC00300331","AURORA RESEARCH FARM, NY US","2022-01-10","5.0","-7.2","-7.2"
"USC00300331","AURORA RESEARCH FARM, NY US","2022-01-11","-5.6","-15.0","-15.0"
"USC00300331","AURORA RESEARCH FARM, NY US","2022-01-12","-4.4","-15.6","-4.4"
"USC00300331","AURORA RESEARCH FARM, NY US","2022-01-13","2.8","-4.4","0.0"
"USC00300331","AURORA RESEARCH FARM, NY US","2022-01-14","4.4","-0.6","-0.6"
"USC00300331","AURORA RESEARCH FARM, NY US","2022-01-15","-0.6","-17.8","-17.8"
"USC00300331","AURORA RESEARCH FARM, NY US","2022-01-16","-13.9","-17.8","-16.7"
"USC00300331","AURORA RESEARCH FARM, NY US","2022-01-17","-1.7","-16.7","-1.7"
"USC00300331","AURORA RESEARCH FARM, NY US","2022-01-18","-1.7","-4.4","-3.9"
"USC00300331","AURORA RESEARCH FARM, NY US","2022-01-19","0.0","-10.6","0.0"
"USC00300331","AURORA RESEARCH FARM, NY US","2022-01-20","6.1","-8.9","-8.9"
"USC00300331","AURORA RESEARCH FARM, NY US","2022-01-21","-8.9","-12.2","-12.2"
"USC00300331","AURORA RESEARCH FARM, NY US","2022-01-22","-10.6","-20.6","-20.6"
"USC00300331","AURORA RESEARCH FARM, NY US","2022-01-23","-3.9","-20.6","-3.9"
"USC00300331","AURORA RESEARCH FARM, NY US","2022-01-24","-2.8","-15.0","-15.0"
"USC00300331","AURORA RESEARCH FARM, NY US","2022-01-25","-2.8","-15.0","-3.3"
"USC00300331","AURORA RESEARCH FARM, NY US","2022-01-26","-3.3","-13.3","-13.3"
"USC00300331","AURORA RESEARCH FARM, NY US","2022-01-27","-6.7","-17.8","-13.3"
"USC00300331","AURORA RESEARCH FARM, NY US","2022-01-28","-1.7","-13.3","-2.8"
"USC00300331","AURORA RESEARCH FARM, NY US","2022-01-29","-2.8","-15.6","-15.6"
"USC00300331","AURORA RESEARCH FARM, NY US","2022-01-30","-11.1","-15.6","-12.2"
"USC00300331","AURORA RESEARCH FARM, NY US","2022-01-31","-6.1","-14.4","-14.4"
"USC00300331","AURORA RESEARCH FARM, NY US","2022-02-01","-0.6","-14.4","-7.2"
"USC00300331","AURORA RESEARCH FARM, NY US","2022-02-02","2.8","-7.2","-0.6"
"USC00300331","AURORA RESEARCH FARM, NY US","2022-02-03","5.0","-0.6","0.6"
"USC00300331","AURORA RESEARCH FARM, NY US","2022-02-04","0.6","-8.9","-8.9"
"USC00300331","AURORA RESEARCH FARM, NY US","2022-02-05","-7.8","-10.6","-10.6"
"USC00300331","AURORA RESEARCH FARM, NY US","2022-02-06","-8.3","-16.1","-13.3"
"USC00300331","AURORA RESEARCH FARM, NY US","2022-02-07","0.0","-13.3","-5.0"
"USC00300331","AURORA RESEARCH FARM, NY US","2022-02-08","4.4","-6.1","-4.4"
"USC00300331","AURORA RESEARCH FARM, NY US","2022-02-09","0.6","-10.0","-5.6"
"USC00300331","AURORA RESEARCH FARM, NY US","2022-02-10","9.4","-5.6","1.7"
"USC00300331","AURORA RESEARCH FARM, NY US","2022-02-11","5.0","-1.7","-1.1"
"USC00300331","AURORA RESEARCH FARM, NY US","2022-02-12","10.6","-1.1","4.4"
"USC00300331","AURORA RESEARCH FARM, NY US","2022-02-13","5.6","-8.3","-8.3"
"USC00300331","AURORA RESEARCH FARM, NY US","2022-02-14","-7.2","-12.8","-12.8"
"USC00300331","AURORA RESEARCH FARM, NY US","2022-02-15","-8.9","-14.4","-11.7"
"USC00300331","AURORA RESEARCH FARM, NY US","2022-02-16","-2.8","-11.7","-2.8"
"USC00300331","AURORA RESEARCH FARM, NY US","2022-02-17","9.4","-2.8","9.4"
"USC00300331","AURORA RESEARCH FARM, NY US","2022-02-18","11.1","-4.4","-4.4"
"USC00300331","AURORA RESEARCH FARM, NY US","2022-02-19","-2.2","-7.8","-2.2"
"USC00300331","AURORA RESEARCH FARM, NY US","2022-02-20","-1.1","-9.4","-8.9"
"USC00300331","AURORA RESEARCH FARM, NY US","2022-02-21","5.0","-8.9","1.1"
"USC00300331","AURORA RESEARCH FARM, NY US","2022-02-22","11.7","1.1","7.8"
"USC00300331","AURORA RESEARCH FARM, NY US","2022-02-23","13.3","6.1","6.1"
"USC00300331","AURORA RESEARCH FARM, NY US","2022-02-24","6.1","-8.3","-8.3"
"USC00300331","AURORA RESEARCH FARM, NY US","2022-02-25","-3.3","-8.3","-3.9"
"USC00300331","AURORA RESEARCH FARM, NY US","2022-02-26","1.7","-7.8","-7.8"
"USC00300331","AURORA RESEARCH FARM, NY US","2022-02-27","-2.2","-7.8","-5.6"
"USC00300331","AURORA RESEARCH FARM, NY US","2022-02-28","1.1","-11.1","-11.1"
"USC00300331","AURORA RESEARCH FARM, NY US","2022-03-01","-0.6","-11.1","-0.6"
"USC00300331","AURORA RESEARCH FARM, NY US","2022-03-02","7.2","-1.1","-1.1"
"USC00300331","AURORA RESEARCH FARM, NY US","2022-03-03","2.8","-5.6","-5.6"
"USC00300331","AURORA RESEARCH FARM, NY US","2022-03-04","-5.0","-12.2","-8.9"
"USC00300331","AURORA RESEARCH FARM, NY US","2022-03-05","0.6","-8.9","-5.6"
"USC00300331","AURORA RESEARCH FARM, NY US","2022-03-06","7.8","-5.6","7.8"
"USC00300331","AURORA RESEARCH FARM, NY US","2022-03-07","22.2","1.1","2.8"
"USC00300331","AURORA RESEARCH FARM, NY US","2022-03-08","14.4","-2.8","-2.8"
"USC00300331","AURORA RESEARCH FARM, NY US","2022-03-09","2.2","-2.8","-1.7"
"USC00300331","AURORA RESEARCH FARM, NY US","2022-03-10","1.1","-4.4","-3.3"
"USC00300331","AURORA RESEARCH FARM, NY US","2022-03-11","5.0","-3.3","-1.7"
"USC00300331","AURORA RESEARCH FARM, NY US","2022-03-12","11.1","-3.9","-3.9"
"USC00300331","AURORA RESEARCH FARM, NY US","2022-03-13","-3.9","-8.3","-7.2"
"USC00300331","AURORA RESEARCH FARM, NY US","2022-03-14","0.6","-7.2","0.0"
"USC00300331","AURORA RESEARCH FARM, NY US","2022-03-15","10.6","-0.6","1.1"
"USC00300331","AURORA RESEARCH FARM, NY US","2022-03-16","7.2","1.1","2.2"
"USC00300331","AURORA RESEARCH FARM, NY US","2022-03-17","15.0","2.2","8.3"
"USC00300331","AURORA RESEARCH FARM, NY US","2022-03-18","18.3","4.4","4.4"
"USC00300331","AURORA RESEARCH FARM, NY US","2022-03-19","19.4","4.4","12.2"
"USC00300331","AURORA RESEARCH FARM, NY US","2022-03-20","20.0","7.2","7.2"
"USC00300331","AURORA RESEARCH FARM, NY US","2022-03-21","7.2","2.2","2.8"
"USC00300331","AURORA RESEARCH FARM, NY US","2022-03-22","12.2","-0.6","-0.6"
"USC00300331","AURORA RESEARCH FARM, NY US","2022-03-23","6.1","-1.1","0.6"
"USC00300331","AURORA RESEARCH FARM, NY US","2022-03-24","7.2","0.6","5.0"
"USC00300331","AURORA RESEARCH FARM, NY US","2022-03-25","13.9","3.9","3.9"
"USC00300331","AURORA RESEARCH FARM, NY US","2022-03-26","8.9","3.9","3.9"
"USC00300331","AURORA RESEARCH FARM, NY US","2022-03-27","8.3","-1.1","-1.1"
"USC00300331","AURORA RESEARCH FARM, NY US","2022-03-28","-1.1","-7.8","-7.8"
"USC00300331","AURORA RESEARCH FARM, NY US","2022-03-29","-6.1","-7.8","-6.7"
"USC00300331","AURORA RESEARCH FARM, NY US","2022-03-30","0.6","-6.7","-5.0"
"USC00300331","AURORA RESEARCH FARM, NY US","2022-03-31","9.4","-5.0","9.4"
"USC00300331","AURORA RESEARCH FARM, NY US","2022-04-01","20.6","5.0","5.0"
"USC00300331","AURORA RESEARCH FARM, NY US","2022-04-02","5.0","0.0","0.0"
"USC00300331","AURORA RESEARCH FARM, NY US","2022-04-03","5.0","0.0","3.3"
"USC00300331","AURORA RESEARCH FARM, NY US","2022-04-04","5.0","1.1","1.1"
"USC00300331","AURORA RESEARCH FARM, NY US","2022-04-05","6.7","1.1","2.8"
"USC00300331","AURORA RESEARCH FARM, NY US","2022-04-06","16.7","2.8","7.2"
"USC00300331","AURORA RESEARCH FARM, NY US","2022-04-07","16.7","7.2","10.6"
"USC00300331","AURORA RESEARCH FARM, NY US","2022-04-08","10.6","5.6","6.1"
"USC00300331","AURORA RESEARCH FARM, NY US","2022-04-09","12.8","2.8","2.8"
"USC00300331","AURORA RESEARCH FARM, NY US","2022-04-10","10.0","1.1","1.1"
"USC00300331","AURORA RESEARCH FARM, NY US","2022-04-11","4.4","-1.7","-1.7"
"USC00300331","AURORA RESEARCH FARM, NY US","2022-04-12","17.8","-1.7","10.0"
"USC00300331","AURORA RESEARCH FARM, NY US","2022-04-13","17.2","4.4","8.9"
"USC00300331","AURORA RESEARCH FARM, NY US","2022-04-14","25.0","8.9","17.2"
"USC00300331","AURORA RESEARCH FARM, NY US","2022-04-15","23.9","2.8","6.7"
"USC00300331","AURORA RESEARCH FARM, NY US","2022-04-16","16.7","3.9","3.9"
"USC00300331","AURORA RESEARCH FARM, NY US","2022-04-17","6.7","-0.6","-0.6"
"USC00300331","AURORA RESEARCH FARM, NY US","2022-04-18","6.7","-2.8","-1.7"
"USC00300331","AURORA RESEARCH FARM, NY US","2022-04-19","10.0","-1.7","1.1"
"USC00300331","AURORA RESEARCH FARM, NY US","2022-04-20","5.0","1.1","2.2"
"USC00300331","AURORA RESEARCH FARM, NY US","2022-04-21","10.6","2.2","7.8"
"USC00300331","AURORA RESEARCH FARM, NY US","2022-04-22","13.9","6.1","6.1"
"USC00300331","AURORA RESEARCH FARM, NY US","2022-04-23","12.8","2.8","4.4"
"USC00300331","AURORA RESEARCH FARM, NY US","2022-04-24","15.0","4.4","11.1"
"USC00300331","AURORA RESEARCH FARM, NY US","2022-04-25","27.2","11.1","13.9"
"USC00300331","AURORA RESEARCH FARM, NY US","2022-04-26","23.9","10.0","10.6"
"USC00300331","AURORA RESEARCH FARM, NY US","2022-04-27","11.1","1.1","1.1"
"USC00300331","AURORA RESEARCH FARM, NY US","2022-04-28","3.9","0.6","0.6"
"USC00300331","AURORA RESEARCH FARM, NY US","2022-04-29","8.3","0.6","1.7"
"USC00300331","AURORA RESEARCH FARM, NY US","2022-04-30","8.9","-2.2","0.6"
"USC00300331","AURORA RESEARCH FARM, NY US","2022-05-01","12.8","0.6","5.6"
"USC00300331","AURORA RESEARCH FARM, NY US","2022-05-02","20.6","5.6","11.7"
"USC00300331","AURORA RESEARCH FARM, NY US","2022-05-03","15.6","8.9","10.6"
"USC00300331","AURORA RESEARCH FARM, NY US","2022-05-04","18.9","10.6","12.2"
"USC00300331","AURORA RESEARCH FARM, NY US","2022-05-05","12.2","3.9","5.0"
"USC00300331","AURORA RESEARCH FARM, NY US","2022-05-06","16.1","5.0","8.9"
"USC00300331","AURORA RESEARCH FARM, NY US","2022-05-07","15.0","8.3","8.9"
"USC00300331","AURORA RESEARCH FARM, NY US","2022-05-08","15.0","1.1","5.0"
"USC00300331","AURORA RESEARCH FARM, NY US","2022-05-09","17.8","3.3","8.3"
"USC00300331","AURORA RESEARCH FARM, NY US","2022-05-10","23.9","8.3","8.9"
"USC00300331","AURORA RESEARCH FARM, NY US","2022-05-11","23.9","8.9","13.9"
"USC00300331","AURORA RESEARCH FARM, NY US","2022-05-12","25.6","8.9","12.8"
"USC00300331","AURORA RESEARCH FARM, NY US","2022-05-13","28.9","12.8","17.8"
"USC00300331","AURORA RESEARCH FARM, NY US","2022-05-14","27.8","17.8","18.3"
"USC00300331","AURORA RESEARCH FARM, NY US","2022-05-15","27.8","17.2","19.4"
"USC00300331","AURORA RESEARCH FARM, NY US","2022-05-16","27.8","16.7","17.2"
"USC00300331","AURORA RESEARCH FARM, NY US","2022-05-17","23.3","10.0","11.7"
"USC00300331","AURORA RESEARCH FARM, NY US","2022-05-18","15.0","6.7","8.9"
"USC00300331","AURORA RESEARCH FARM, NY US","2022-05-19","12.2","8.9","11.1"
"USC00300331","AURORA RESEARCH FARM, NY US","2022-05-20","17.2","11.1","16.7"
"USC00300331","AURORA RESEARCH FARM, NY US","2022-05-21","26.1","16.7","23.9"
"USC00300331","AURORA RESEARCH FARM, NY US","2022-05-22","32.8","16.1","18.9"
"USC00300331","AURORA RESEARCH FARM, NY US","2022-05-23","26.1","8.3","9.4"
"USC00300331","AURORA RESEARCH FARM, NY US","2022-05-24","16.1","6.1","10.0"
"USC00300331","AURORA RESEARCH FARM, NY US","2022-05-25","22.2","10.0","15.0"
"USC00300331","AURORA RESEARCH FARM, NY US","2022-05-26","23.9","15.0","16.1"
"USC00300331","AURORA RESEARCH FARM, NY US","2022-05-27","26.1","16.1","19.4"
"USC00300331","AURORA RESEARCH FARM, NY US","2022-05-28","22.2","16.1","16.1"
"USC00300331","AURORA RESEARCH FARM, NY US","2022-05-29","24.4","13.3","13.3"
"USC00300331","AURORA RESEARCH FARM, NY US","2022-05-30","24.4","13.3","17.2"
"USC00300331","AURORA RESEARCH FARM, NY US","2022-05-31","30.0","17.2","22.8"
"USC00300331","AURORA RESEARCH FARM, NY US","2022-06-01","31.1","19.4","22.8"
"USC00300331","AURORA RESEARCH FARM, NY US","2022-06-02","26.7","15.6","15.6"
"USC00300331","AURORA RESEARCH FARM, NY US","2022-06-03","22.8","13.3","13.9"
"USC00300331","AURORA RESEARCH FARM, NY US","2022-06-04","22.2","12.2","13.9"
"USC00300331","AURORA RESEARCH FARM, NY US","2022-06-05","19.4","7.2","11.7"
"USC00300331","AURORA RESEARCH FARM, NY US","2022-06-06","23.9","11.7","17.2"
"USC00300331","AURORA RESEARCH FARM, NY US","2022-06-07","26.7","17.2","19.4"
"USC00300331","AURORA RESEARCH FARM, NY US","2022-06-08","20.6","11.1","13.3"
"USC00300331","AURORA RESEARCH FARM, NY US","2022-06-09","22.8","13.3","13.9"
"USC00300331","AURORA RESEARCH FARM, NY US","2022-06-10","17.8","12.2","13.9"
"USC00300331","AURORA RESEARCH FARM, NY US","2022-06-11","21.7","11.1","15.0"
"USC00300331","AURORA RESEARCH FARM, NY US","2022-06-12","22.2","15.0","15.6"
"USC00300331","AURORA RESEARCH FARM, NY US","2022-06-13","24.4","15.6","16.1"
"USC00300331","AURORA RESEARCH FARM, NY US","2022-06-14","22.2","12.8","16.1"
"USC00300331","AURORA RESEARCH FARM, NY US","2022-06-15","24.4","13.3","17.2"
"USC00300331","AURORA RESEARCH FARM, NY US","2022-06-16","28.9","17.2","20.6"
"USC00300331","AURORA RESEARCH FARM, NY US","2022-06-17","28.9","20.6","22.8"
"USC00300331","AURORA RESEARCH FARM, NY US","2022-06-18","24.4","10.0","10.0"
"USC00300331","AURORA RESEARCH FARM, NY US","2022-06-19","17.2","8.9","10.6"
"USC00300331","AURORA RESEARCH FARM, NY US","2022-06-20","17.8","10.0","12.2"
"USC00300331","AURORA RESEARCH FARM, NY US","2022-06-21","23.3","12.2","15.6"
"USC00300331","AURORA RESEARCH FARM, NY US","2022-06-22","30.0","15.6","21.1"
"USC00300331","AURORA RESEARCH FARM, NY US","2022-06-23","31.1","16.7","17.2"
"USC00300331","AURORA RESEARCH FARM, NY US","2022-06-24","25.6","15.0","17.8"
"USC00300331","AURORA RESEARCH FARM, NY US","2022-06-25","27.8","14.4","18.3"
"USC00300331","AURORA RESEARCH FARM, NY US","2022-06-26","30.0","18.3","22.8"
"USC00300331","AURORA RESEARCH FARM, NY US","2022-06-27","31.7","16.1","17.2"
"USC00300331","AURORA RESEARCH FARM, NY US","2022-06-28","22.8","11.1","13.9"
"USC00300331","AURORA RESEARCH FARM, NY US","2022-06-29","22.8","11.7","17.2"
"USC00300331","AURORA RESEARCH FARM, NY US","2022-06-30","25.0","12.2","16.7"
"USC00300331","AURORA RESEARCH FARM, NY US","2022-07-01","29.4","16.7","21.1"
"USC00300331","AURORA RESEARCH FARM, NY US","2022-07-02","32.2","18.3","18.9"
"USC00300331","AURORA RESEARCH FARM, NY US","2022-07-03","26.7","14.4","17.2"
"USC00300331","AURORA RESEARCH FARM, NY US","2022-07-04","24.4","11.1","15.6"
"USC00300331","AURORA RESEARCH FARM, NY US","2022-07-05","26.7","15.6","21.7"
"USC00300331","AURORA RESEARCH FARM, NY US","2022-07-06","25.0","18.3","18.3"
"USC00300331","AURORA RESEARCH FARM, NY US","2022-07-07","22.8","12.2","15.6"
"USC00300331","AURORA RESEARCH FARM, NY US","2022-07-08","27.2","13.3","18.9"
"USC00300331","AURORA RESEARCH FARM, NY US","2022-07-09","27.2","15.0","16.1"
"USC00300331","AURORA RESEARCH FARM, NY US","2022-07-10","22.8","8.9","13.3"
"USC00300331","AURORA RESEARCH FARM, NY US","2022-07-11","25.0","13.3","17.8"
"USC00300331","AURORA RESEARCH FARM, NY US","2022-07-12","32.2","17.8","22.8"
"USC00300331","AURORA RESEARCH FARM, NY US","2022-07-13","30.6","17.2","18.3"
"USC00300331","AURORA RESEARCH FARM, NY US","2022-07-14","26.1","16.1","17.8"
"USC00300331","AURORA RESEARCH FARM, NY US","2022-07-15","24.4","10.6","14.4"
"USC00300331","AURORA RESEARCH FARM, NY US","2022-07-16","27.8","14.4","18.9"
"USC00300331","AURORA RESEARCH FARM, NY US","2022-07-17","28.9","18.3","19.4"
"USC00300331","AURORA RESEARCH FARM, NY US","2022-07-18","31.1","19.4","19.4"
"USC00300331","AURORA RESEARCH FARM, NY US","2022-07-19","26.7","18.3","21.1"
"USC00300331","AURORA RESEARCH FARM, NY US","2022-07-20","30.6","21.1","22.2"
"USC00300331","AURORA RESEARCH FARM, NY US","2022-07-21","33.3","22.2","25.0"
"USC00300331","AURORA RESEARCH FARM, NY US","2022-07-22","30.0","18.9","20.6"
"USC00300331","AURORA RESEARCH FARM, NY US","2022-07-23","30.6","20.6","21.1"
"USC00300331","AURORA RESEARCH FARM, NY US","2022-07-24","33.9","21.1","21.7"
"USC00300331","AURORA RESEARCH FARM, NY US","2022-07-25","31.7","21.7","21.7"
"USC00300331","AURORA RESEARCH FARM, NY US","2022-07-26","25.0","12.8","15.0"
"USC00300331","AURORA RESEARCH FARM, NY US","2022-07-27","25.6","14.4","17.8"
"USC00300331","AURORA RESEARCH FARM, NY US","2022-07-28","27.8","17.8","22.2"
"USC00300331","AURORA RESEARCH FARM, NY US","2022-07-29","28.9","16.1","19.4"
"USC00300331","AURORA RESEARCH FARM, NY US","2022-07-30","26.1","17.8","18.9"
"USC00300331","AURORA RESEARCH FARM, NY US","2022-07-31","25.0","13.3","16.1"
"USC00300331","AURORA RESEARCH FARM, NY US","2022-08-01","26.7","16.1","18.3"
"USC00300331","AURORA RESEARCH FARM, NY US","2022-08-02","30.0","18.3","22.2"
"USC00300331","AURORA RESEARCH FARM, NY US","2022-08-03","26.1","13.9","17.8"
"USC00300331","AURORA RESEARCH FARM, NY US","2022-08-04","32.2","17.8","23.9"
"USC00300331","AURORA RESEARCH FARM, NY US","2022-08-05","29.4","20.6","21.1"
"USC00300331","AURORA RESEARCH FARM, NY US","2022-08-06","29.4","20.6","21.7"
"USC00300331","AURORA RESEARCH FARM, NY US","2022-08-07","31.7","21.7","23.3"
"USC00300331","AURORA RESEARCH FARM, NY US","2022-08-08","31.7","22.8","23.9"
"USC00300331","AURORA RESEARCH FARM, NY US","2022-08-09","30.0","19.4","19.4"
"USC00300331","AURORA RESEARCH FARM, NY US","2022-08-10","22.8","15.6","17.8"
"USC00300331","AURORA RESEARCH FARM, NY US","2022-08-11","25.0","13.3","16.7"
"USC00300331","AURORA RESEARCH FARM, NY US","2022-08-12","26.1","13.9","15.0"
"USC00300331","AURORA RESEARCH FARM, NY US","2022-08-13","22.2","8.3","10.6"
"USC00300331","AURORA RESEARCH FARM, NY US","2022-08-14","24.4","10.6","11.7"
"USC00300331","AURORA RESEARCH FARM, NY US","2022-08-15","27.2","11.7","13.3"
"USC00300331","AURORA RESEARCH FARM, NY US","2022-08-16","26.1","13.3","16.7"
"USC00300331","AURORA RESEARCH FARM, NY US","2022-08-17","25.6","12.8","14.4"
"USC00300331","AURORA RESEARCH FARM, NY US","2022-08-18","25.6","12.8","13.9"
"USC00300331","AURORA RESEARCH FARM, NY US","2022-08-19","25.0","13.9","15.0"
"USC00300331","AURORA RESEARCH FARM, NY US","2022-08-20","27.8","15.0","18.9"
"USC00300331","AURORA RESEARCH FARM, NY US","2022-08-21","31.1","18.9","21.1"
"USC00300331","AURORA RESEARCH FARM, NY US","2022-08-22","27.2","18.3","19.4"
"USC00300331","AURORA RESEARCH FARM, NY US","2022-08-23","25.0","18.3","18.3"
"USC00300331","AURORA RESEARCH FARM, NY US","2022-08-24","24.4","14.4","15.6"
"USC00300331","AURORA RESEARCH FARM, NY US","2022-08-25","27.2","15.0","16.1"
"USC00300331","AURORA RESEARCH FARM, NY US","2022-08-26","27.8","16.1","19.4"
"USC00300331","AURORA RESEARCH FARM, NY US","2022-08-27","26.7","17.2","17.2"
"USC00300331","AURORA RESEARCH FARM, NY US","2022-08-28","23.9","13.3","14.4"
"USC00300331","AURORA RESEARCH FARM, NY US","2022-08-29","30.0","14.4","21.7"
"USC00300331","AURORA RESEARCH FARM, NY US","2022-08-30","32.2","21.7","22.8"
"USC00300331","AURORA RESEARCH FARM, NY US","2022-08-31","26.1","17.2","17.2"
"USC00300331","AURORA RESEARCH FARM, NY US","2022-09-01","25.6","15.6","15.6"
"USC00300331","AURORA RESEARCH FARM, NY US","2022-09-02","20.0","9.4","12.2"
"USC00300331","AURORA RESEARCH FARM, NY US","2022-09-03","26.1","12.2","17.2"
"USC00300331","AURORA RESEARCH FARM, NY US","2022-09-04","27.8","17.2","17.8"
"USC00300331","AURORA RESEARCH FARM, NY US","2022-09-05","26.1","16.7","17.2"
"USC00300331","AURORA RESEARCH FARM, NY US","2022-09-06","20.6","17.2","17.2"
"USC00300331","AURORA RESEARCH FARM, NY US","2022-09-07","19.4","17.2","17.2"
"USC00300331","AURORA RESEARCH FARM, NY US","2022-09-08","22.2","17.2","17.2"
"USC00300331","AURORA RESEARCH FARM, NY US","2022-09-09","23.9","13.9","13.9"
"USC00300331","AURORA RESEARCH FARM, NY US","2022-09-10","27.2","13.9","17.2"
"USC00300331","AURORA RESEARCH FARM, NY US","2022-09-11","26.7","17.2","18.9"
"USC00300331","AURORA RESEARCH FARM, NY US","2022-09-12","20.0","17.8","17.8"
"USC00300331","AURORA RESEARCH FARM, NY US","2022-09-13","24.4","15.0","15.0"
"USC00300331","AURORA RESEARCH FARM, NY US","2022-09-14","22.8","12.2","14.4"
"USC00300331","AURORA RESEARCH FARM, NY US","2022-09-15","23.9","8.9","9.4"
"USC00300331","AURORA RESEARCH FARM, NY US","2022-09-16","17.2","6.7","6.7"
"USC00300331","AURORA RESEARCH FARM, NY US","2022-09-17","18.9","6.7","13.3"
"USC00300331","AURORA RESEARCH FARM, NY US","2022-09-18","26.7","13.3","19.4"
"USC00300331","AURORA RESEARCH FARM, NY US","2022-09-19","27.8","19.4","20.0"
"USC00300331","AURORA RESEARCH FARM, NY US","2022-09-20","22.2","15.0","15.0"
"USC00300331","AURORA RESEARCH FARM, NY US","2022-09-21","20.6","13.3","13.9"
"USC00300331","AURORA RESEARCH FARM, NY US","2022-09-22","26.1","13.9","15.0"
"USC00300331","AURORA RESEARCH FARM, NY US","2022-09-23","18.3","7.2","7.2"
"USC00300331","AURORA RESEARCH FARM, NY US","2022-09-24","9.4","2.8","2.8"
"USC00300331","AURORA RESEARCH FARM, NY US","2022-09-25","18.3","2.8","11.1"
"USC00300331","AURORA RESEARCH FARM, NY US","2022-09-26","18.3","11.1","12.2"
"USC00300331","AURORA RESEARCH FARM, NY US","2022-09-27","17.2","11.7","11.7"
"USC00300331","AURORA RESEARCH FARM, NY US","2022-09-28","15.6","10.6","11.7"
"USC00300331","AURORA RESEARCH FARM, NY US","2022-09-29","13.9","8.9","8.9"
"USC00300331","AURORA RESEARCH FARM, NY US","2022-09-30","13.3","3.3","6.1"
"USC00300331","AURORA RESEARCH FARM, NY US","2022-10-01","15.0","6.1","8.9"
"USC00300331","AURORA RESEARCH FARM, NY US","2022-10-02","17.8","7.8","7.8"
"USC00300331","AURORA RESEARCH FARM, NY US","2022-10-03","15.6","2.8","3.3"
"USC00300331","AURORA RESEARCH FARM, NY US","2022-10-04","13.3","3.3","7.2"
"USC00300331","AURORA RESEARCH FARM, NY US","2022-10-05","13.3","3.9","4.4"
"USC00300331","AURORA RESEARCH FARM, NY US","2022-10-06","20.0","4.4","8.3"
"USC00300331","AURORA RESEARCH FARM, NY US","2022-10-07","22.8","8.3","15.0"
"USC00300331","AURORA RESEARCH FARM, NY US","2022-10-08","15.0","5.0","5.0"
"USC00300331","AURORA RESEARCH FARM, NY US","2022-10-09","11.7","5.0","6.1"
"USC00300331","AURORA RESEARCH FARM, NY US","2022-10-10","15.0","6.1","8.3"
"USC00300331","AURORA RESEARCH FARM, NY US","2022-10-11","14.4","4.4","7.2"
"USC00300331","AURORA RESEARCH FARM, NY US","2022-10-12","26.7","7.2","10.6"
"USC00300331","AURORA RESEARCH FARM, NY US","2022-10-13","22.2","10.6","15.6"
"USC00300331","AURORA RESEARCH FARM, NY US","2022-10-14","16.7","5.0","5.6"
"USC00300331","AURORA RESEARCH FARM, NY US","2022-10-15","19.4","5.6","8.9"
"USC00300331","AURORA RESEARCH FARM, NY US","2022-10-16","21.1","2.2","3.9"
"USC00300331","AURORA RESEARCH FARM, NY US","2022-10-17","23.9","3.9","10.6"
"USC00300331","AURORA RESEARCH FARM, NY US","2022-10-18","17.8","1.7","1.7"
"USC00300331","AURORA RESEARCH FARM, NY US","2022-10-19","10.6","1.1","2.8"
"USC00300331","AURORA RESEARCH FARM, NY US","2022-10-20","8.3","2.8","3.9"
"USC00300331","AURORA RESEARCH FARM, NY US","2022-10-21","7.8","2.8","3.9"
"USC00300331","AURORA RESEARCH FARM, NY US","2022-10-22","21.1","3.9","8.3"
"USC00300331","AURORA RESEARCH FARM, NY US","2022-10-23","26.7","8.3","8.3"
"USC00300331","AURORA RESEARCH FARM, NY US","2022-10-24","26.7","8.3","11.1"
"USC00300331","AURORA RESEARCH FARM, NY US","2022-10-25","21.1","11.1","15.0"
"USC00300331","AURORA RESEARCH FARM, NY US","2022-10-26","21.7","15.0","15.0"
"USC00300331","AURORA RESEARCH FARM, NY US","2022-10-27","22.8","7.2","7.2"
"USC00300331","AURORA RESEARCH FARM, NY US","2022-10-28","13.9","-1.1","-0.6"
"USC00300331","AURORA RESEARCH FARM, NY US","2022-10-29","15.0","-0.6","3.9"
"USC00300331","AURORA RESEARCH FARM, NY US","2022-10-30","23.9","2.8","3.3"
"USC00300331","AURORA RESEARCH FARM, NY US","2022-10-31","22.2","3.3","8.3"
"USC00300331","AURORA RESEARCH FARM, NY US","2022-11-01","18.3","8.3","12.2"
"USC00300331","AURORA RESEARCH FARM, NY US","2022-11-02","17.8","4.4","4.4"
"USC00300331","AURORA RESEARCH FARM, NY US","2022-11-03","21.1","4.4","8.9"
"USC00300331","AURORA RESEARCH FARM, NY US","2022-11-04","25.0","8.9","11.1"
"USC00300331","AURORA RESEARCH FARM, NY US","2022-11-05","25.0","11.1","15.0"
"USC00300331","AURORA RESEARCH FARM, NY US","2022-11-06","22.2","15.0","19.4"
"USC00300331","AURORA RESEARCH FARM, NY US","2022-11-07","25.0","10.6","10.6"
"USC00300331","AURORA RESEARCH FARM, NY US","2022-11-08","17.2","2.8","2.8"
"USC00300331","AURORA RESEARCH FARM, NY US","2022-11-09","12.2","-3.9","-2.2"
"USC00300331","AURORA RESEARCH FARM, NY US","2022-11-10","17.8","-2.2","7.2"
"USC00300331","AURORA RESEARCH FARM, NY US","2022-11-11","23.9","7.2","13.3"
"USC00300331","AURORA RESEARCH FARM, NY US","2022-11-12","18.3","10.6","10.6"
"USC00300331","AURORA RESEARCH FARM, NY US","2022-11-13","11.7","3.9","3.9"
"USC00300331","AURORA RESEARCH FARM, NY US","2022-11-14","6.1","-0.6","-0.6"
"USC00300331","AURORA RESEARCH FARM, NY US","2022-11-15","3.3","-0.6","0.6"
"USC00300331","AURORA RESEARCH FARM, NY US","2022-11-16","2.8","-0.6","1.1"
"USC00300331","AURORA RESEARCH FARM, NY US","2022-11-17","5.6","0.6","0.6"
"USC00300331","AURORA RESEARCH FARM, NY US","2022-11-18","2.8","-1.1","-1.1"
"USC00300331","AURORA RESEARCH FARM, NY US","2022-11-19","2.8","-4.4","-4.4"
"USC00300331","AURORA RESEARCH FARM, NY US","2022-11-20","2.8","-4.4","-4.4"
"USC00300331","AURORA RESEARCH FARM, NY US","2022-11-21","-0.6","-6.1","-4.4"
"USC00300331","AURORA RESEARCH FARM, NY US","2022-11-22","5.6","-4.4","-3.3"
"USC00300331","AURORA RESEARCH FARM, NY US","2022-11-23","7.8","-3.3","1.1"
"USC00300331","AURORA RESEARCH FARM, NY US","2022-11-24","9.4","-2.8","1.7"
"USC00300331","AURORA RESEARCH FARM, NY US","2022-11-25","15.0","1.7","5.6"
"USC00300331","AURORA RESEARCH FARM, NY US","2022-11-26","7.2","1.1","1.1"
"USC00300331","AURORA RESEARCH FARM, NY US","2022-11-27","14.4","1.1","6.1"
"USC00300331","AURORA RESEARCH FARM, NY US","2022-11-28","9.4","2.8","2.8"
"USC00300331","AURORA RESEARCH FARM, NY US","2022-11-29","2.8","0.0","1.1"
"USC00300331","AURORA RESEARCH FARM, NY US","2022-11-30","6.1","1.1","6.1"
"USC00300331","AURORA RESEARCH FARM, NY US","2022-12-01","8.9","-2.2","-2.2"
"USC00300331","AURORA RESEARCH FARM, NY US","2022-12-02","2.2","-5.6","-3.3"
"USC00300331","AURORA RESEARCH FARM, NY US","2022-12-03","6.1","-3.3","6.1"
"USC00300331","AURORA RESEARCH FARM, NY US","2022-12-04","9.4","-1.1","-1.1"
"USC00300331","AURORA RESEARCH FARM, NY US","2022-12-05","5.6","-2.2","-2.2"
"USC00300331","AURORA RESEARCH FARM, NY US","2022-12-06","6.7","-2.2","3.9"
"USC00300331","AURORA RESEARCH FARM, NY US","2022-12-07","9.4","2.2","9.4"
"USC00300331","AURORA RESEARCH FARM, NY US","2022-12-08","10.0","3.3","3.3"
"USC00300331","AURORA RESEARCH FARM, NY US","2022-12-09","5.6","-1.7","-1.1"
"USC00300331","AURORA RESEARCH FARM, NY US","2022-12-10","0.0","-7.2","-4.4"
"USC00300331","AURORA RESEARCH FARM, NY US","2022-12-11","1.7","-4.4","0.6"
"USC00300331","AURORA RESEARCH FARM, NY US","2022-12-12","1.1","-2.8","-2.8"
"USC00300331","AURORA RESEARCH FARM, NY US","2022-12-13","-1.1","-12.2","-12.2"
"USC00300331","AURORA RESEARCH FARM, NY US","2022-12-14","3.9","-12.2","-8.3"
"USC00300331","AURORA RESEARCH FARM, NY US","2022-12-15","0.6","-8.3","-2.2"
"USC00300331","AURORA RESEARCH FARM, NY US","2022-12-16","1.1","-2.2","0.0"
"USC00300331","AURORA RESEARCH FARM, NY US","2022-12-17","2.8","-1.7","-1.7"
"USC00300331","AURORA RESEARCH FARM, NY US","2022-12-18","1.7","-2.8","-2.8"
"USC00300331","AURORA RESEARCH FARM, NY US","2022-12-19","0.0","-2.8","-2.2"
"USC00300331","AURORA RESEARCH FARM, NY US","2022-12-20","0.0","-3.3","-3.3"
"USC00300331","AURORA RESEARCH FARM, NY US","2022-12-21","0.6","-8.3","-7.2"
"USC00300331","AURORA RESEARCH FARM, NY US","2022-12-22","4.4","-7.2","-2.2"
"USC00300331","AURORA RESEARCH FARM, NY US","2022-12-23","5.0","-2.2","5.0"
"USC00300331","AURORA RESEARCH FARM, NY US","2022-12-24","5.0","-16.1","-15.6"
"USC00300331","AURORA RESEARCH FARM, NY US","2022-12-25","-10.0","-15.6","-10.0"
"USC00300331","AURORA RESEARCH FARM, NY US","2022-12-26","-4.4","-10.0","-10.0"
"USC00300331","AURORA RESEARCH FARM, NY US","2022-12-27","-3.3","-10.0","-6.1"
"USC00300331","AURORA RESEARCH FARM, NY US","2022-12-28","-1.7","-6.1","-1.7"
"USC00300331","AURORA RESEARCH FARM, NY US","2022-12-29","5.0","-1.7","2.8"
"USC00300331","AURORA RESEARCH FARM, NY US","2022-12-30","12.2","2.8","9.4"
"USC00300331","AURORA RESEARCH FARM, NY US","2022-12-31","18.3","8.3","8.3"
"USC00300331","AURORA RESEARCH FARM, NY US","2023-01-01","11.7","2.8","2.8"
"USC00300331","AURORA RESEARCH FARM, NY US","2023-01-02","5.0","2.8","5.0"
"USC00300331","AURORA RESEARCH FARM, NY US","2023-01-03","8.9","1.1","4.4"
"USC00300331","AURORA RESEARCH FARM, NY US","2023-01-04","8.9","2.8","3.9"
"USC00300331","AURORA RESEARCH FARM, NY US","2023-01-05","13.3","3.9","3.9"
"USC00300331","AURORA RESEARCH FARM, NY US","2023-01-06","12.2","1.7","2.2"
"USC00300331","AURORA RESEARCH FARM, NY US","2023-01-07","2.8","1.1","1.7"
"USC00300331","AURORA RESEARCH FARM, NY US","2023-01-08","2.2","-4.4","-3.9"
"USC00300331","AURORA RESEARCH FARM, NY US","2023-01-09","3.9","-5.0","-2.2"
"USC00300331","AURORA RESEARCH FARM, NY US","2023-01-10","4.4","-2.2","-1.7"
"USC00300331","AURORA RESEARCH FARM, NY US","2023-01-11","-0.6","-7.2","-5.6"
"USC00300331","AURORA RESEARCH FARM, NY US","2023-01-12","3.9","-5.6","1.1"
"USC00300331","AURORA RESEARCH FARM, NY US","2023-01-13","5.6","-0.6","-0.6"
"USC00300331","AURORA RESEARCH FARM, NY US","2023-01-14","-0.6","-6.7","-6.7"
"USC00300331","AURORA RESEARCH FARM, NY US","2023-01-15","-6.1","-7.8","-7.2"
"USC00300331","AURORA RESEARCH FARM, NY US","2023-01-16","-2.8","-7.2","-6.1"
"USC00300331","AURORA RESEARCH FARM, NY US","2023-01-17","5.6","-7.2","-1.1"
"USC00300331","AURORA RESEARCH FARM, NY US","2023-01-18","5.0","-1.1","3.3"
"USC00300331","AURORA RESEARCH FARM, NY US","2023-01-19","4.4","1.1","1.1"
"USC00300331","AURORA RESEARCH FARM, NY US","2023-01-20","4.4","0.6","2.2"
"USC00300331","AURORA RESEARCH FARM, NY US","2023-01-21","2.2","-2.2","-2.2"
"USC00300331","AURORA RESEARCH FARM, NY US","2023-01-22","1.7","-2.2","-1.1"
"USC00300331","AURORA RESEARCH FARM, NY US","2023-01-23","3.3","-1.1","-1.1"
"USC00300331","AURORA RESEARCH FARM, NY US","2023-01-24","-1.1","-2.2","-1.1"
"USC00300331","AURORA RESEARCH FARM, NY US","2023-01-25","1.7","-3.9","-2.8"
"USC00300331","AURORA RESEARCH FARM, NY US","2023-01-26","3.3","-2.8","2.2"
"USC00300331","AURORA RESEARCH FARM, NY US","2023-01-27","2.2","-3.9","-2.2"
"USC00300331","AURORA RESEARCH FARM, NY US","2023-01-28","2.8","-2.2","1.7"
"USC00300331","AURORA RESEARCH FARM, NY US","2023-01-29","7.8","-1.7","4.4"
"USC00300331","AURORA RESEARCH FARM, NY US","2023-01-30","6.1","-3.3","-3.3"
"USC00300331","AURORA RESEARCH FARM, NY US","2023-01-31","-0.6","-7.2","-7.2"
"USC00300331","AURORA RESEARCH FARM, NY US","2023-02-01","-3.3","-12.2","-9.4"
"USC00300331","AURORA RESEARCH FARM, NY US","2023-02-02","-1.7","-9.4","-7.8"
"USC00300331","AURORA RESEARCH FARM, NY US","2023-02-03","5.0","-15.6","-15.6"
"USC00300331","AURORA RESEARCH FARM, NY US","2023-02-04","-10.6","-22.8","-20.0"
"USC00300331","AURORA RESEARCH FARM, NY US","2023-02-05","-2.2","-20.0","-2.2"
"USC00300331","AURORA RESEARCH FARM, NY US","2023-02-06","8.3","-2.2","1.1"
"USC00300331","AURORA RESEARCH FARM, NY US","2023-02-07","1.1","-5.6","-5.0"
"USC00300331","AURORA RESEARCH FARM, NY US","2023-02-08","6.7","-5.0","1.7"
"USC00300331","AURORA RESEARCH FARM, NY US","2023-02-09","6.1","-1.1","2.8"
"USC00300331","AURORA RESEARCH FARM, NY US","2023-02-10","10.0","2.2","5.0"
"USC00300331","AURORA RESEARCH FARM, NY US","2023-02-11","5.0","-3.3","-3.3"
"USC00300331","AURORA RESEARCH FARM, NY US","2023-02-12","5.0","-3.3","-0.6"
"USC00300331","AURORA RESEARCH FARM, NY US","2023-02-13","17.2","-5.0","-4.4"
"USC00300331","AURORA RESEARCH FARM, NY US","2023-02-14","11.7","-4.4","-2.8"
"USC00300331","AURORA RESEARCH FARM, NY US","2023-02-15","17.8","-2.8","8.3"
"USC00300331","AURORA RESEARCH FARM, NY US","2023-02-16","21.1","3.9","3.9"
"USC00300331","AURORA RESEARCH FARM, NY US","2023-02-17","12.2","1.1","1.1"
"USC00300331","AURORA RESEARCH FARM, NY US","2023-02-18","1.1","-9.4","-8.9"
"USC00300331","AURORA RESEARCH FARM, NY US","2023-02-19","8.3","-8.9","0.6"
"USC00300331","AURORA RESEARCH FARM, NY US","2023-02-20","8.9","0.6","5.6"
"USC00300331","AURORA RESEARCH FARM, NY US","2023-02-21","11.1","-3.9","-1.7"
"USC00300331","AURORA RESEARCH FARM, NY US","2023-02-22","8.9","-2.2","-1.7"
"USC00300331","AURORA RESEARCH FARM, NY US","2023-02-23","1.1","-1.7","0.6"
"USC00300331","AURORA RESEARCH FARM, NY US","2023-02-24","1.7","-4.4","-4.4"
"USC00300331","AURORA RESEARCH FARM, NY US","2023-02-25","-4.4","-10.0","-9.4"
"USC00300331","AURORA RESEARCH FARM, NY US","2023-02-26","-1.1","-9.4","-2.8"
"USC00300331","AURORA RESEARCH FARM, NY US","2023-02-27","7.2","-5.0","-5.0"
"USC00300331","AURORA RESEARCH FARM, NY US","2023-02-28","4.4","-5.0","-0.6"
"USC00300331","AURORA RESEARCH FARM, NY US","2023-03-01","3.3","-3.3","-1.7"
"USC00300331","AURORA RESEARCH FARM, NY US","2023-03-02","8.3","-1.7","1.7"
"USC00300331","AURORA RESEARCH FARM, NY US","2023-03-03","4.4","-4.4","-2.8"
"USC00300331","AURORA RESEARCH FARM, NY US","2023-03-04","6.1","-2.8","0.6"
"USC00300331","AURORA RESEARCH FARM, NY US","2023-03-05","2.2","-0.6","-0.6"
"USC00300331","AURORA RESEARCH FARM, NY US","2023-03-06","8.9","-2.2","-1.1"
"USC00300331","AURORA RESEARCH FARM, NY US","2023-03-07",,"-2.8","-2.8"
"USC00300331","AURORA RESEARCH FARM, NY US","2023-03-08","1.1","-3.9","-2.8"
"USC00300331","AURORA RESEARCH FARM, NY US","2023-03-09","0.6","-4.4","-2.8"
"USC00300331","AURORA RESEARCH FARM, NY US","2023-03-10","0.6","-5.0","-3.9"
"USC00300331","AURORA RESEARCH FARM, NY US","2023-03-11","2.8","-3.9","-3.9"
"USC00300331","AURORA RESEARCH FARM, NY US","2023-03-12","-0.6","-7.2","-4.4"
"USC00300331","AURORA RESEARCH FARM, NY US","2023-03-13",,"-4.4","0.6"
"USC00300331","AURORA RESEARCH FARM, NY US","2023-03-14","3.9","-2.2","-2.2"
"USC00300331","AURORA RESEARCH FARM, NY US","2023-03-15","-1.7","-3.9","-3.9"
"USC00300331","AURORA RESEARCH FARM, NY US","2023-03-16","6.1","-5.0","-1.7"
"USC00300331","AURORA RESEARCH FARM, NY US","2023-03-17","16.1","-1.7","4.4"
"USC00300331","AURORA RESEARCH FARM, NY US","2023-03-18","8.9","0.0","0.6"
"USC00300331","AURORA RESEARCH FARM, NY US","2023-03-19","7.8","-6.1","-6.1"
"USC00300331","AURORA RESEARCH FARM, NY US","2023-03-20","1.1","-6.1","-3.3"
"USC00300331","AURORA RESEARCH FARM, NY US","2023-03-21","12.2","-3.3","2.2"
"USC00300331","AURORA RESEARCH FARM, NY US","2023-03-22","16.7","-0.6","0.6"
"USC00300331","AURORA RESEARCH FARM, NY US","2023-03-23","16.1","0.6","9.4"
"USC00300331","AURORA RESEARCH FARM, NY US","2023-03-24","12.2","-0.6","-0.6"
"USC00300331","AURORA RESEARCH FARM, NY US","2023-03-25",,"-1.1","2.2"
"USC00300331","AURORA RESEARCH FARM, NY US","2023-03-26","5.6","1.1","3.3"
"USC00300331","AURORA RESEARCH FARM, NY US","2023-03-27","15.0","-1.7","0.0"
"USC00300331","AURORA RESEARCH FARM, NY US","2023-03-28","10.6","0.0","0.0"
"USC00300331","AURORA RESEARCH FARM, NY US","2023-03-29","7.2","-2.2","-1.1"
"USC00300331","AURORA RESEARCH FARM, NY US","2023-03-30","10.6","-5.0","-5.0"
"USC00300331","AURORA RESEARCH FARM, NY US","2023-03-31","8.9","-5.0","1.1"
"USC00300331","AURORA RESEARCH FARM, NY US","2023-04-01","11.7","1.1","11.7"
"USC00300331","AURORA RESEARCH FARM, NY US","2023-04-02","22.2","-3.3","-3.3"
"USC00300331","AURORA RESEARCH FARM, NY US","2023-04-03","8.9","-3.3","1.7"
"USC00300331","AURORA RESEARCH FARM, NY US","2023-04-04","17.2","1.7","6.1"
"USC00300331","AURORA RESEARCH FARM, NY US","2023-04-05","16.7","3.9","6.7"
"USC00300331","AURORA RESEARCH FARM, NY US","2023-04-06","22.2","6.7","15.6"
"USC00300331","AURORA RESEARCH FARM, NY US","2023-04-07","15.6","2.8","3.9"
"USC00300331","AURORA RESEARCH FARM, NY US","2023-04-08","8.9","-3.3","1.1"
"USC00300331","AURORA RESEARCH FARM, NY US","2023-04-09","12.2","-2.8","-1.1"
"USC00300331","AURORA RESEARCH FARM, NY US","2023-04-10","16.7","-1.1","6.7"
"USC00300331","AURORA RESEARCH FARM, NY US","2023-04-11","21.7","6.7","11.7"
"USC00300331","AURORA RESEARCH FARM, NY US","2023-04-12","21.7","6.7","11.7"
"USC00300331","AURORA RESEARCH FARM, NY US","2023-04-13","28.9","11.7","17.2"
"USC00300331","AURORA RESEARCH FARM, NY US","2023-04-14","28.9","9.4","10.6"
"USC00300331","AURORA RESEARCH FARM, NY US","2023-04-15","30.0","10.6","13.3"
"USC00300331","AURORA RESEARCH FARM, NY US","2023-04-16","30.0","13.3","15.6"
"USC00300331","AURORA RESEARCH FARM, NY US","2023-04-17","28.3","6.1","6.1"
"USC00300331","AURORA RESEARCH FARM, NY US","2023-04-18","13.3","3.3","3.3"
"USC00300331","AURORA RESEARCH FARM, NY US","2023-04-19","5.6","1.1","1.7"
"USC00300331","AURORA RESEARCH FARM, NY US","2023-04-20","7.8","1.7","3.9"
"USC00300331","AURORA RESEARCH FARM, NY US","2023-04-21","16.1","3.9","16.1"
"USC00300331","AURORA RESEARCH FARM, NY US","2023-04-22","29.4","11.1","12.8"
"USC00300331","AURORA RESEARCH FARM, NY US","2023-04-23","21.1","6.1","6.1"
"USC00300331","AURORA RESEARCH FARM, NY US","2023-04-24","10.0","2.2","2.8"
"USC00300331","AURORA RESEARCH FARM, NY US","2023-04-25","8.3","0.0","1.7"
"USC00300331","AURORA RESEARCH FARM, NY US","2023-04-26","10.0","1.7","3.3"
"USC00300331","AURORA RESEARCH FARM, NY US","2023-04-27","10.6","2.8","3.9"
"USC00300331","AURORA RESEARCH FARM, NY US","2023-04-28","15.0","3.9","8.9"
"USC00300331","AURORA RESEARCH FARM, NY US","2023-04-29","15.0","6.1","6.1"
"USC00300331","AURORA RESEARCH FARM, NY US","2023-04-30","12.2","6.1","10.0"
"USC00300331","AURORA RESEARCH FARM, NY US","2023-05-01","12.8","6.1","6.1"
"USC00300331","AURORA RESEARCH FARM, NY US","2023-05-02","10.6","3.3","5.0"
"USC00300331","AURORA RESEARCH FARM, NY US","2023-05-03","10.0","3.3","3.3"
"USC00300331","AURORA RESEARCH FARM, NY US","2023-05-04","7.2","3.3","5.6"
"USC00300331","AURORA RESEARCH FARM, NY US","2023-05-05","11.1","5.6","5.6"
"USC00300331","AURORA RESEARCH FARM, NY US","2023-05-06","14.4","3.3","6.1"
"USC00300331","AURORA RESEARCH FARM, NY US","2023-05-07","18.3","6.1","8.9"
"USC00300331","AURORA RESEARCH FARM, NY US","2023-05-08","22.8","7.8","10.6"
"USC00300331","AURORA RESEARCH FARM, NY US","2023-05-09","16.7","4.4","5.0"
"USC00300331","AURORA RESEARCH FARM, NY US","2023-05-10","13.9","3.3","5.6"
"USC00300331","AURORA RESEARCH FARM, NY US","2023-05-11","20.0","5.6","8.9"
"USC00300331","AURORA RESEARCH FARM, NY US","2023-05-12","23.9","8.9","14.4"
"USC00300331","AURORA RESEARCH FARM, NY US","2023-05-13","27.2","12.8","12.8"
"USC00300331","AURORA RESEARCH FARM, NY US","2023-05-14","21.1","6.7","8.3"
"USC00300331","AURORA RESEARCH FARM, NY US","2023-05-15","13.3","2.2","6.1"
"USC00300331","AURORA RESEARCH FARM, NY US","2023-05-16","21.1","6.1","12.2"
"USC00300331","AURORA RESEARCH FARM, NY US","2023-05-17","23.3","3.3","3.3"
"USC00300331","AURORA RESEARCH FARM, NY US","2023-05-18","7.8","-1.1","1.7"
"USC00300331","AURORA RESEARCH FARM, NY US","2023-05-19","18.9","1.7","11.1"
"USC00300331","AURORA RESEARCH FARM, NY US","2023-05-20","22.2","11.1","15.0"
"USC00300331","AURORA RESEARCH FARM, NY US","2023-05-21","21.1","9.4","10.6"
"USC00300331","AURORA RESEARCH FARM, NY US","2023-05-22","21.7","7.8","11.7"
"USC00300331","AURORA RESEARCH FARM, NY US","2023-05-23","18.9","6.7","10.0"
"USC00300331","AURORA RESEARCH FARM, NY US","2023-05-24","25.0","10.0","17.2"
"USC00300331","AURORA RESEARCH FARM, NY US","2023-05-25","20.0","3.3","5.0"
"USC00300331","AURORA RESEARCH FARM, NY US","2023-05-26","13.3","2.2","7.2"
"USC00300331","AURORA RESEARCH FARM, NY US","2023-05-27","19.4","5.0","9.4"
"USC00300331","AURORA RESEARCH FARM, NY US","2023-05-28","23.9","8.9","13.9"
"USC00300331","AURORA RESEARCH FARM, NY US","2023-05-29","26.7","9.4","14.4"
"USC00300331","AURORA RESEARCH FARM, NY US","2023-05-30","27.8","14.4","16.7"
"USC00300331","AURORA RESEARCH FARM, NY US","2023-05-31","29.4","16.7","17.8"
"USC00300331","AURORA RESEARCH FARM, NY US","2023-06-01","29.4","14.4","17.2"
"USC00300331","AURORA RESEARCH FARM, NY US","2023-06-02","30.0","15.0","16.7"
"USC00300331","AURORA RESEARCH FARM, NY US","2023-06-03","30.6","16.1","17.2"
"USC00300331","AURORA RESEARCH FARM, NY US","2023-06-04","22.2","6.7","12.2"
"USC00300331","AURORA RESEARCH FARM, NY US","2023-06-05","18.9","8.3","10.0"
"USC00300331","AURORA RESEARCH FARM, NY US","2023-06-06","21.7","9.4","12.2"
"USC00300331","AURORA RESEARCH FARM, NY US","2023-06-07","18.3","9.4","10.6"
"USC00300331","AURORA RESEARCH FARM, NY US","2023-06-08","17.2","10.6","11.1"
"USC00300331","AURORA RESEARCH FARM, NY US","2023-06-09","16.1","7.8","10.6"
"USC00300331","AURORA RESEARCH FARM, NY US","2023-06-10","16.1","10.6","12.2"
"USC00300331","AURORA RESEARCH FARM, NY US","2023-06-11","23.3","12.2","17.2"
"USC00300331","AURORA RESEARCH FARM, NY US","2023-06-12","27.8","17.2","21.7"
"USC00300331","AURORA RESEARCH FARM, NY US","2023-06-13","23.3","13.3","14.4"
"USC00300331","AURORA RESEARCH FARM, NY US","2023-06-14","22.2","12.8","12.8"
"USC00300331","AURORA RESEARCH FARM, NY US","2023-06-15","17.2","12.8","14.4"
"USC00300331","AURORA RESEARCH FARM, NY US","2023-06-16","23.3","14.4","15.0"
"USC00300331","AURORA RESEARCH FARM, NY US","2023-06-17","16.1","13.3","13.3"
"USC00300331","AURORA RESEARCH FARM, NY US","2023-06-18","21.7","12.8","15.6"
"USC00300331","AURORA RESEARCH FARM, NY US","2023-06-19","22.2","13.3","16.1"
"USC00300331","AURORA RESEARCH FARM, NY US","2023-06-20","27.2","16.1","18.9"
"USC00300331","AURORA RESEARCH FARM, NY US","2023-06-21","27.2","16.7","18.3"
"USC00300331","AURORA RESEARCH FARM, NY US","2023-06-22","26.1","12.8","16.7"
"USC00300331","AURORA RESEARCH FARM, NY US","2023-06-23","25.0","16.7","19.4"
"USC00300331","AURORA RESEARCH FARM, NY US","2023-06-24","25.0","19.4","19.4"
"USC00300331","AURORA RESEARCH FARM, NY US","2023-06-25","26.1","17.8","18.9"
"USC00300331","AURORA RESEARCH FARM, NY US","2023-06-26","29.4","18.9","20.6"
"USC00300331","AURORA RESEARCH FARM, NY US","2023-06-27","27.2","17.8","17.8"
"USC00300331","AURORA RESEARCH FARM, NY US","2023-06-28","27.2","17.2","17.2"
"USC00300331","AURORA RESEARCH FARM, NY US","2023-06-29","18.3","15.0","16.1"
"USC00300331","AURORA RESEARCH FARM, NY US","2023-06-30","25.0","16.1","18.3"
"USC00300331","AURORA RESEARCH FARM, NY US","2023-07-01","27.8","18.3","21.1"
"USC00300331","AURORA RESEARCH FARM, NY US","2023-07-02","27.8","20.6","20.6"
"USC00300331","AURORA RESEARCH FARM, NY US","2023-07-03","25.6","20.0","20.0"
"USC00300331","AURORA RESEARCH FARM, NY US","2023-07-04","25.6","18.9","19.4"
"USC00300331","AURORA RESEARCH FARM, NY US","2023-07-05","28.3","18.3","21.1"
"USC00300331","AURORA RESEARCH FARM, NY US","2023-07-06","31.1","20.0","23.3"
"USC00300331","AURORA RESEARCH FARM, NY US","2023-07-07","32.2","20.0","21.1"
"USC00300331","AURORA RESEARCH FARM, NY US","2023-07-08","26.7","15.6","20.0"
"USC00300331","AURORA RESEARCH FARM, NY US","2023-07-09","26.1","18.3","20.0"
"USC00300331","AURORA RESEARCH FARM, NY US","2023-07-10","25.6","18.3","18.3"
"USC00300331","AURORA RESEARCH FARM, NY US","2023-07-11","22.8","15.0","17.8"
"USC00300331","AURORA RESEARCH FARM, NY US","2023-07-12","30.0","17.8","20.6"
"USC00300331","AURORA RESEARCH FARM, NY US","2023-07-13","26.7","20.6","21.7"
"USC00300331","AURORA RESEARCH FARM, NY US","2023-07-14","28.3","17.2","19.4"
"USC00300331","AURORA RESEARCH FARM, NY US","2023-07-15","27.8","17.8","20.0"
"USC00300331","AURORA RESEARCH FARM, NY US","2023-07-16","30.0","20.0","20.6"
"USC00300331","AURORA RESEARCH FARM, NY US","2023-07-17","26.1","19.4","20.0"
"USC00300331","AURORA RESEARCH FARM, NY US","2023-07-18","28.3","18.9","19.4"
"USC00300331","AURORA RESEARCH FARM, NY US","2023-07-19","25.6","15.0","17.2"
"USC00300331","AURORA RESEARCH FARM, NY US","2023-07-20","25.6","14.4","16.7"
"USC00300331","AURORA RESEARCH FARM, NY US","2023-07-21","27.8","16.7","17.8"
"USC00300331","AURORA RESEARCH FARM, NY US","2023-07-22","23.9","13.9","17.2"
"USC00300331","AURORA RESEARCH FARM, NY US","2023-07-23","26.1","14.4","16.7"
"USC00300331","AURORA RESEARCH FARM, NY US","2023-07-24","27.8","16.7","19.4"
"USC00300331","AURORA RESEARCH FARM, NY US","2023-07-25","26.7","15.6","17.2"
"USC00300331","AURORA RESEARCH FARM, NY US","2023-07-26","26.1","16.7","19.4"
"USC00300331","AURORA RESEARCH FARM, NY US","2023-07-27","29.4","19.4","21.7"
"USC00300331","AURORA RESEARCH FARM, NY US","2023-07-28","27.2","18.9","21.1"
"USC00300331","AURORA RESEARCH FARM, NY US","2023-07-29","31.7","20.6","22.8"
"USC00300331","AURORA RESEARCH FARM, NY US","2023-07-30","26.7","13.9","15.6"
"USC00300331","AURORA RESEARCH FARM, NY US","2023-07-31","22.8","12.8","14.4"
"USC00300331","AURORA RESEARCH FARM, NY US","2023-08-01","21.7","11.7","13.3"
"USC00300331","AURORA RESEARCH FARM, NY US","2023-08-02","22.8","10.0","12.2"
"USC00300331","AURORA RESEARCH FARM, NY US","2023-08-03","25.6","12.2","17.8"
"USC00300331","AURORA RESEARCH FARM, NY US","2023-08-04","27.2","17.8","21.1"
"USC00300331","AURORA RESEARCH FARM, NY US","2023-08-05","27.2","16.1","18.3"
"USC00300331","AURORA RESEARCH FARM, NY US","2023-08-06","23.9","11.1","13.3"
"USC00300331","AURORA RESEARCH FARM, NY US","2023-08-07","27.2","13.3","21.1"
"USC00300331","AURORA RESEARCH FARM, NY US","2023-08-08","27.2","18.9","18.9"
"USC00300331","AURORA RESEARCH FARM, NY US","2023-08-09","19.4","17.2","17.8"
"USC00300331","AURORA RESEARCH FARM, NY US","2023-08-10","26.1","17.2","18.9"
"USC00300331","AURORA RESEARCH FARM, NY US","2023-08-11","22.8","14.4","17.8"
"USC00300331","AURORA RESEARCH FARM, NY US","2023-08-12","24.4","15.6","17.8"
"USC00300331","AURORA RESEARCH FARM, NY US","2023-08-13","25.6","17.8","19.4"
"USC00300331","AURORA RESEARCH FARM, NY US","2023-08-14","25.0","17.2","18.3"
"USC00300331","AURORA RESEARCH FARM, NY US","2023-08-15","24.4","17.8","17.8"
"USC00300331","AURORA RESEARCH FARM, NY US","2023-08-16","21.1","17.8","18.3"
"USC00300331","AURORA RESEARCH FARM, NY US","2023-08-17","25.0","17.2","19.4"
"USC00300331","AURORA RESEARCH FARM, NY US","2023-08-18","26.1","17.8","17.8"
"USC00300331","AURORA RESEARCH FARM, NY US","2023-08-19","20.0","13.3","13.3"
"USC00300331","AURORA RESEARCH FARM, NY US","2023-08-20","22.8","12.2","13.3"
"USC00300331","AURORA RESEARCH FARM, NY US","2023-08-21","26.7","13.3","21.7"
"USC00300331","AURORA RESEARCH FARM, NY US","2023-08-22","22.8","12.2","13.9"
"USC00300331","AURORA RESEARCH FARM, NY US","2023-08-23","22.8","13.3","15.6"
"USC00300331","AURORA RESEARCH FARM, NY US","2023-08-24","23.3","15.6","17.8"
"USC00300331","AURORA RESEARCH FARM, NY US","2023-08-25","20.0","16.1","20.0"
"USC00300331","AURORA RESEARCH FARM, NY US","2023-08-26","24.4","18.3","18.3"
"USC00300331","AURORA RESEARCH FARM, NY US","2023-08-27","25.0","13.3","13.3"
"USC00300331","AURORA RESEARCH FARM, NY US","2023-08-28","20.6","10.6","11.7"
"USC00300331","AURORA RESEARCH FARM, NY US","2023-08-29","21.1","11.7","18.9"
"USC00300331","AURORA RESEARCH FARM, NY US","2023-08-30","23.9","13.9","13.9"
"USC00300331","AURORA RESEARCH FARM, NY US","2023-08-31","20.0","11.7","12.2"
"USC00300331","AURORA RESEARCH FARM, NY US","2023-09-01","20.0","8.9","10.0"
"USC00300331","AURORA RESEARCH FARM, NY US","2023-09-02","23.3","10.0","13.9"
"USC00300331","AURORA RESEARCH FARM, NY US","2023-09-03","26.1","13.9","16.7"
"USC00300331","AURORA RESEARCH FARM, NY US","2023-09-04","30.0","16.7","20.0"
"USC00300331","AURORA RESEARCH FARM, NY US","2023-09-05","30.0","17.8","18.3"
"USC00300331","AURORA RESEARCH FARM, NY US","2023-09-06","30.6","18.3","19.4"
"USC00300331","AURORA RESEARCH FARM, NY US","2023-09-07","31.1","19.4","21.1"
"USC00300331","AURORA RESEARCH FARM, NY US","2023-09-08","30.0","18.3","19.4"
"USC00300331","AURORA RESEARCH FARM, NY US","2023-09-09","25.0","16.7","17.2"
"USC00300331","AURORA RESEARCH FARM, NY US","2023-09-10","21.1","16.7","17.2"
"USC00300331","AURORA RESEARCH FARM, NY US","2023-09-11","21.1","16.7","16.7"
"USC00300331","AURORA RESEARCH FARM, NY US","2023-09-12","20.0","13.9","15.0"
"USC00300331","AURORA RESEARCH FARM, NY US","2023-09-13","26.1","15.0","16.7"
"USC00300331","AURORA RESEARCH FARM, NY US","2023-09-14","20.6","11.1","11.7"
"USC00300331","AURORA RESEARCH FARM, NY US","2023-09-15","18.3","7.8","7.8"
"USC00300331","AURORA RESEARCH FARM, NY US","2023-09-16","20.0","7.8","7.8"
"USC00300331","AURORA RESEARCH FARM, NY US","2023-09-17","20.6","7.8","9.4"
"USC00300331","AURORA RESEARCH FARM, NY US","2023-09-18","20.0","9.4","11.1"
"USC00300331","AURORA RESEARCH FARM, NY US","2023-09-19","16.7","11.1","12.2"
"USC00300331","AURORA RESEARCH FARM, NY US","2023-09-20","18.9","7.2","7.2"
"USC00300331","AURORA RESEARCH FARM, NY US","2023-09-21","19.4","6.1","6.1"
"USC00300331","AURORA RESEARCH FARM, NY US","2023-09-22","20.0","6.1","8.9"
"USC00300331","AURORA RESEARCH FARM, NY US","2023-09-23","21.7","8.9","11.1"
"USC00300331","AURORA RESEARCH FARM, NY US","2023-09-24","16.1","11.1","11.7"
"USC00300331","AURORA RESEARCH FARM, NY US","2023-09-25","18.3","11.7","13.3"
"USC00300331","AURORA RESEARCH FARM, NY US","2023-09-26","17.2","11.1","11.1"
"USC00300331","AURORA RESEARCH FARM, NY US","2023-09-27","18.3","7.2","7.2"
"USC00300331","AURORA RESEARCH FARM, NY US","2023-09-28","18.9","7.2","8.9"
"USC00300331","AURORA RESEARCH FARM, NY US","2023-09-29","20.6","8.9","10.6"
"USC00300331","AURORA RESEARCH FARM, NY US","2023-09-30","20.0","10.6","12.8"
"USC00300331","AURORA RESEARCH FARM, NY US","2023-10-01","21.7","10.0","10.0"
"USC00300331","AURORA RESEARCH FARM, NY US","2023-10-02","23.9","10.0","11.1"
"USC00300331","AURORA RESEARCH FARM, NY US","2023-10-03","25.0","11.1","14.4"
"USC00300331","AURORA RESEARCH FARM, NY US","2023-10-04","27.2","14.4","14.4"
"USC00300331","AURORA RESEARCH FARM, NY US","2023-10-05","29.4","14.4","17.2"
"USC00300331","AURORA RESEARCH FARM, NY US","2023-10-06","27.2","17.2","18.9"
"USC00300331","AURORA RESEARCH FARM, NY US","2023-10-07","20.6","13.3","13.3"
"USC00300331","AURORA RESEARCH FARM, NY US","2023-10-08","13.9","8.3","8.3"
"USC00300331","AURORA RESEARCH FARM, NY US","2023-10-09","12.2","7.2","7.2"
"USC00300331","AURORA RESEARCH FARM, NY US","2023-10-10","12.2","7.2","8.9"
"USC00300331","AURORA RESEARCH FARM, NY US","2023-10-11","12.8","8.9","10.6"
"USC00300331","AURORA RESEARCH FARM, NY US","2023-10-12","12.8","8.3","8.3"
"USC00300331","AURORA RESEARCH FARM, NY US","2023-10-13","17.2","3.9","3.9"
"USC00300331","AURORA RESEARCH FARM, NY US","2023-10-14","13.9","3.9","7.2"
"USC00300331","AURORA RESEARCH FARM, NY US","2023-10-15","10.0","7.2","8.3"
"USC00300331","AURORA RESEARCH FARM, NY US","2023-10-16","9.4","7.2","8.9"
"USC00300331","AURORA RESEARCH FARM, NY US","2023-10-17","12.2","7.8","7.8"
"USC00300331","AURORA RESEARCH FARM, NY US","2023-10-18","11.7","7.8","8.9"
"USC00300331","AURORA RESEARCH FARM, NY US","2023-10-19","12.8","6.1","6.7"
"USC00300331","AURORA RESEARCH FARM, NY US","2023-10-20","16.1","6.7","12.8"
"USC00300331","AURORA RESEARCH FARM, NY US","2023-10-21","17.8","11.1","11.1"
"USC00300331","AURORA RESEARCH FARM, NY US","2023-10-22","11.1","5.6","5.6"
"USC00300331","AURORA RESEARCH FARM, NY US","2023-10-23","6.1","4.4","5.0"
"USC00300331","AURORA RESEARCH FARM, NY US","2023-10-24","10.6","5.0","8.3"
"USC00300331","AURORA RESEARCH FARM, NY US","2023-10-25","20.6","8.3","16.7"
"USC00300331","AURORA RESEARCH FARM, NY US","2023-10-26","21.7","12.8","12.8"
"USC00300331","AURORA RESEARCH FARM, NY US","2023-10-27","23.3","12.8","17.8"
"USC00300331","AURORA RESEARCH FARM, NY US","2023-10-28","25.0","16.7","17.8"
"USC00300331","AURORA RESEARCH FARM, NY US","2023-10-29","18.9","5.0","6.1"
"USC00300331","AURORA RESEARCH FARM, NY US","2023-10-30","8.3","5.6","6.7"
"USC00300331","AURORA RESEARCH FARM, NY US","2023-10-31","6.7","2.2","2.2"
"USC00300331","AURORA RESEARCH FARM, NY US","2023-11-01","6.7","0.6","1.1"
"USC00300331","AURORA RESEARCH FARM, NY US","2023-11-02","1.7","0.0","1.1"
"USC00300331","AURORA RESEARCH FARM, NY US","2023-11-03","6.1","0.6","4.4"
"USC00300331","AURORA RESEARCH FARM, NY US","2023-11-04","13.9","4.4","8.9"
"USC00300331","AURORA RESEARCH FARM, NY US","2023-11-05","12.8","7.8","7.8"
"USC00300331","AURORA RESEARCH FARM, NY US","2023-11-06","8.9","0.0","2.8"
"USC00300331","AURORA RESEARCH FARM, NY US","2023-11-07","12.8","2.8","12.2"
"USC00300331","AURORA RESEARCH FARM, NY US","2023-11-08","13.9","-0.6","-0.6"
"USC00300331","AURORA RESEARCH FARM, NY US","2023-11-09","8.3","-0.6","8.3"
"USC00300331","AURORA RESEARCH FARM, NY US","2023-11-10","12.2","4.4","5.0"
"USC00300331","AURORA RESEARCH FARM, NY US","2023-11-11","10.6","3.3","3.3"
"USC00300331","AURORA RESEARCH FARM, NY US","2023-11-12","3.9","0.6","1.1"
"USC00300331","AURORA RESEARCH FARM, NY US","2023-11-13","2.8","-2.2","-0.6"
"USC00300331","AURORA RESEARCH FARM, NY US","2023-11-14","7.8","-0.6","5.0"
"USC00300331","AURORA RESEARCH FARM, NY US","2023-11-15","5.0","-1.7","1.7"
"USC00300331","AURORA RESEARCH FARM, NY US","2023-11-16","12.8","1.7","2.2"
"USC00300331","AURORA RESEARCH FARM, NY US","2023-11-17","16.1","1.7","12.2"
"USC00300331","AURORA RESEARCH FARM, NY US","2023-11-18","15.6","0.6","0.6"
"USC00300331","AURORA RESEARCH FARM, NY US","2023-11-19","5.0","-0.6","2.8"
"USC00300331","AURORA RESEARCH FARM, NY US","2023-11-20","7.2","-2.8","-2.8"
"USC00300331","AURORA RESEARCH FARM, NY US","2023-11-21","1.7","-3.3","-1.1"
"USC00300331","AURORA RESEARCH FARM, NY US","2023-11-22","7.2","-1.1","6.1"
"USC00300331","AURORA RESEARCH FARM, NY US","2023-11-23","8.9","2.8","3.3"
"USC00300331","AURORA RESEARCH FARM, NY US","2023-11-24","6.1","0.0","0.0"
"USC00300331","AURORA RESEARCH FARM, NY US","2023-11-25","0.6","-2.8","-1.1"
"USC00300331","AURORA RESEARCH FARM, NY US","2023-11-26","3.9","-1.1","-1.1"
"USC00300331","AURORA RESEARCH FARM, NY US","2023-11-27","6.1","-1.1","2.8"
"USC00300331","AURORA RESEARCH FARM, NY US","2023-11-28","2.8","-4.4","-4.4"
"USC00300331","AURORA RESEARCH FARM, NY US","2023-11-29","-1.7","-5.0","-3.9"
"USC00300331","AURORA RESEARCH FARM, NY US","2023-11-30","0.0","-3.9","0.0"
"USC00300331","AURORA RESEARCH FARM, NY US","2023-12-01","7.2","0.0","6.7"
"USC00300331","AURORA RESEARCH FARM, NY US","2023-12-02","8.9","4.4","6.1"
"USC00300331","AURORA RESEARCH FARM, NY US","2023-12-03","8.3","3.3","3.9"
"USC00300331","AURORA RESEARCH FARM, NY US","2023-12-04","9.4","3.9","5.0"
"USC00300331","AURORA RESEARCH FARM, NY US","2023-12-05","5.0","0.0","0.0"
"USC00300331","AURORA RESEARCH FARM, NY US","2023-12-06","1.1","-1.7","-1.7"
"USC00300331","AURORA RESEARCH FARM, NY US","2023-12-07","0.0","-2.8","-2.8"
"USC00300331","AURORA RESEARCH FARM, NY US","2023-12-08","2.8","-2.8","2.2"
"USC00300331","AURORA RESEARCH FARM, NY US","2023-12-09","8.9","2.2","7.8"
"USC00300331","AURORA RESEARCH FARM, NY US","2023-12-10","12.2","7.8","9.4"
"USC00300331","AURORA RESEARCH FARM, NY US","2023-12-11","9.4","0.0","0.6"
"USC00300331","AURORA RESEARCH FARM, NY US","2023-12-12","1.7","-0.6","-0.6"
"USC00300331","AURORA RESEARCH FARM, NY US","2023-12-13","6.1","-0.6","-0.6"
"USC00300331","AURORA RESEARCH FARM, NY US","2023-12-14","1.7","-2.8","-2.8"
"USC00300331","AURORA RESEARCH FARM, NY US","2023-12-15","4.4","-2.8","1.1"
"USC00300331","AURORA RESEARCH FARM, NY US","2023-12-16","12.2","0.0","3.3"
"USC00300331","AURORA RESEARCH FARM, NY US","2023-12-17","8.3","2.8","6.1"
"USC00300331","AURORA RESEARCH FARM, NY US","2023-12-18","9.4","5.6","5.6"
"USC00300331","AURORA RESEARCH FARM, NY US","2023-12-19","5.6","-2.8","-2.8"
"USC00300331","AURORA RESEARCH FARM, NY US","2023-12-20","-2.8","-5.6","-4.4"
"USC00300331","AURORA RESEARCH FARM, NY US","2023-12-21","1.7","-4.4","-3.3"
"USC00300331","AURORA RESEARCH FARM, NY US","2023-12-22","-1.1","-7.8","-6.1"
"USC00300331","AURORA RESEARCH FARM, NY US","2023-12-23","1.7","-6.7","1.7"
"USC00300331","AURORA RESEARCH FARM, NY US","2023-12-24","3.9","1.7","3.3"
"USC00300331","AURORA RESEARCH FARM, NY US","2023-12-25","6.1","3.3","5.6"
"USC00300331","AURORA RESEARCH FARM, NY US","2023-12-26","10.6","5.6","5.6"
"USC00300331","AURORA RESEARCH FARM, NY US","2023-12-27","8.9","5.6","8.3"
"USC00300331","AURORA RESEARCH FARM, NY US","2023-12-28","10.6","7.2","7.2"
"USC00300331","AURORA RESEARCH FARM, NY US","2023-12-29","8.9","5.0","5.0"
"USC00300331","AURORA RESEARCH FARM, NY US","2023-12-30","6.1","1.1","2.2"
"USC00300331","AURORA RESEARCH FARM, NY US","2023-12-31","2.2","-0.6","-0.6"
