"Germplasm","Rep","Plot","Row","Range","NDVI_133","NDVI_159","NDVI_164","NDVI_168","NDVI_171","NDVI_175","NDVI_178","NDVI_181","NDVI_187","NDVI_189","NDVI_192","NDVI_194","NDVI_196","NDVI_207","NDVI_223","NDVI_231","NDVI_236","NDVI_238","NDVI_243","NDVI_245","NDVI_252","NDVI_258","NDVI_259"
"ALGONQUIN",1,2111010,1,1,0.536721735875605,0.52306380869964,0.471553336931103,0.322415662827164,0.306683455623264,0.345670369619818,0.394186153286152,0.496344655329714,0.302443027743012,0.280597027728335,0.351730155917789,0.391612574862824,0.417374529197416,0.452936936146569,0.511622788402974,0.491107697842722,0.47356815151547,0.490419903626112,0.455437617608249,0.495805096232041,0.447388793322575,0.390724418384717,0.376146828609986
"NY2003",1,2111020,1,2,0.593210551155277,0.517229412625832,0.455591600484587,0.327179284269762,0.282327086952925,0.367813476784387,0.413661180844666,0.527220282329066,0.281854792448894,0.279615625871202,0.353550867475278,0.391258775505046,0.397611698042114,0.416319106315158,0.487405679975339,0.450858759876569,0.423175660577621,0.460075099414496,0.404822117170785,0.48326660646598,0.425485821702814,0.392639177857638,0.331832008821628
"N-R-GEE",1,2111030,1,3,0.586332595989299,0.51619839855134,0.457332132044234,0.293513291714294,0.301157220287692,0.464309641802227,0.475642719101894,0.553927850316328,0.274282827492699,0.289865397124945,0.354902994330262,0.402732456835102,0.419721521059187,0.417932768931585,0.499185150213813,0.476712884165663,0.432464125353439,0.480277826553507,0.417806969531107,0.485126954007409,0.413305077231375,0.370852835757959,0.302279900930961
"SW5210",1,2111040,1,4,0.592938146975575,0.527298684076178,0.476055495592733,0.308853717869809,0.305756597997849,0.474323735131384,0.485166957615054,0.565325533696394,0.271217537546934,0.30766642853824,0.369751658043786,0.429606705718059,0.458217099958151,0.451416853094705,0.512685159124788,0.485441902943252,0.45117902524208,0.486983561101208,0.433836359402518,0.479634359947453,0.411465919701214,0.3669360906206,0.304471652914559
"NY2003",1,2111050,1,5,0.567678167481,0.515469270712237,0.487993793847814,0.329032796975292,0.283789977407453,0.34172557022181,0.388829851539012,0.518584773330946,0.246253128911139,0.29911389419056,0.354091070163005,0.383552147296428,0.389990745560761,0.40439092863096,0.489286049347969,0.462539333305658,0.43472719446515,0.472639683802916,0.404918879039375,0.480450021199547,0.402136823375717,0.346334615303785,0.302790569183139
"LIGHTNING_BOLT",1,2111060,1,6,0.57293456461831,0.51369627443584,0.489244851258581,0.32557182215188,0.338689682096467,0.457528497624621,0.472489006225249,0.571266209000763,0.258240900083438,0.325130244633398,0.384453555979558,0.437095396018626,0.448014408580701,0.448554195727508,0.516951320666491,0.48067056886269,0.427992151276465,0.481437695578181,0.397206566242316,0.486146413024413,0.406364361843622,0.371011075384066,0.327614611455442
"N-R-GEE",1,2111070,1,7,0.544729230479362,0.517589724853152,0.472733786408359,0.3133295231396,0.3453103625171,0.435173925154396,0.444986909648894,0.551553371920851,0.267137437421777,0.318390627122158,0.363010866997401,0.379388068472636,0.40014907984467,0.418819289087745,0.49679993209405,0.466424519922648,0.437020126197143,0.473930478327318,0.381810075053873,0.47288039285193,0.369881123386949,0.375550854926846,0.297913062283737
"SW5210",1,2111080,1,8,0.54681975551202,0.512883677845315,0.458522516040055,0.307286116240218,0.333238706875155,0.407937475280513,0.442092004207895,0.547972065538544,0.265810127242386,0.325060582016255,0.356963032126431,0.392265317489644,0.425369114329751,0.431874661870714,0.504244866473969,0.483143481810508,0.422150878555956,0.484097421389783,0.378425507790354,0.467189183365654,0.372631068707254,0.369803501250447,0.313367428419332
"SW3407",1,2111090,1,9,0.57149965466559,0.514086794137945,0.452830395155004,0.279715994020927,0.336990631347676,0.443551379559375,0.460970732736063,0.571609757556722,0.255461775135586,0.337902930722052,0.359954671627687,0.409125735373105,0.442976748221412,0.456806868580766,0.507989764820884,0.489792436381751,0.43865198265635,0.502183957716983,0.391615650785201,0.477596410744081,0.374431656292303,0.30978563772776,0.276369802333889
"ALGONQUIN",1,2111100,1,10,0.551006801927349,0.505715663516175,0.470599751723725,0.276414754242504,0.313362884710846,0.340631006552323,0.374662076683374,0.506055152654669,0.247616421568627,0.313346486243057,0.346203451858468,0.364650596497113,0.396633038639152,0.41813010620915,0.497746445734062,0.48132605476912,0.462793279705044,0.507638946784761,0.42355428046925,0.484788551726826,0.403631043279202,0.364804236807263,0.297289884279504
"LIGHTNING_BOLT",1,2111110,1,11,0.575419528725747,0.486600690823293,0.455234154824009,0.28374263606788,0.330850055049608,0.430915053149352,0.456899113646518,0.564373394276835,0.227334949937422,0.320908111467336,0.353173724309001,0.393450045180818,0.425602346612773,0.429608134920635,0.506177207725195,0.496832164058284,0.421505845957873,0.484187558937339,0.387001203494581,0.4593319710018,0.390051605809644,0.383376765760067,0.317036262468788
"SW3407",1,2111120,1,12,0.600932258238161,0.486368003503553,0.471890292425476,0.260331193763006,0.322493315508021,0.454802478460849,0.482132791263608,0.585337341649093,0.22802917709637,0.318939475170309,0.314558616320925,0.424551734205483,0.423137076277674,0.378816526610644,0.496073517126149,0.487522243901089,0.42819997435802,0.507518876207199,0.394767473844528,0.463415471002755,0.385630885456383,0.34549418910115,0.280092478167738
"BORDER",1,2111121,1,13,0.595047026024864,0.477015927143804,0.448025754924395,0.259743398106627,0.327672163274593,0.451728940536265,0.462414568801893,0.572581400901304,0.514546438256154,0.511200748071741,0.494476430465091,0.590657243498719,0.530361187824852,0.393826380664122,0.478863379482575,0.50138140506732,0.459890044898916,0.533092822276669,0.431329744703908,0.495795886592851,0.398030939840513,0.458410987117248,0.318982487893943
"BORDER",1,2111122,1,14,0.582169168503767,0.48040510055399,0.460304311326977,0.270358011665055,0.337016281142478,0.423440767877671,0.459181056607812,0.570609723341391,0.580306633291615,0.562446870107868,0.544872773988823,0.617322420428049,0.544640258607682,0.40205772689389,0.481700537737689,0.498622884580791,0.462288559298363,0.53245237196697,0.431452128874149,0.498881323560417,0.398374269213263,0.373238551583549,0.362449142552949
"BORDER",1,2111123,1,15,0.577778528892244,0.484851437281105,0.452426695448822,0.285466309094639,0.349463524861421,0.434308416090712,0.45958930836016,0.566895948310674,0.596392886942011,0.57362712930597,0.563719377978768,0.61733972537217,0.543572817096571,0.389627582576655,0.487132636663247,0.500576196604259,0.470146875098424,0.53352492439762,0.436276426279324,0.501072836082324,0.414211282342301,0.322445709466582,0.412480575940784
"ALGONQUIN",1,2111130,1,16,0.544405112078424,0.499030702435633,0.48827232116088,0.277710952841525,0.344494232682502,0.352487030445174,0.394262731589721,0.521212284000358,0.572998930955361,0.551625807313447,0.54924546509425,0.605564349491005,0.527825453450511,0.412760889590736,0.453387628310229,0.478999404984294,0.463744282649701,0.534294843863471,0.428827500868521,0.517933565325224,0.43414981776719,0.427224008574491,0.362478547980278
"SW315_LH",1,2111140,1,17,0.533142380028442,0.491529593831384,0.459460063744693,0.26540637181629,0.325275218209647,0.326467364271108,0.344509434807942,0.492270421106038,0.553515722778473,0.540649210468001,0.516350518788506,0.592237306771275,0.504192017226872,0.410344489772046,0.436059250919932,0.484053855840148,0.445136777905988,0.534620882515527,0.384829185911653,0.515199380000139,0.434301843740209,0.426067923418027,0.361155572755418
"NY0465",1,2111150,1,18,0.553642760492238,0.488962945740439,0.481693799844097,0.29596266010141,0.323090774364714,0.366311262995646,0.400690479352012,0.526992417104141,0.548412468710889,0.537576375336865,0.49881447144075,0.584457505494395,0.497745466643227,0.44450541737948,0.461258910794514,0.499625693608424,0.466702139545277,0.533166605072372,0.396229000074606,0.510537067451902,0.420549989064061,0.43051636088519,0.359844987768863
"HI-GEST_360",1,2111160,1,19,0.572800445641353,0.487736407275094,0.474845745637705,0.299040124270934,0.349123088378487,0.445595911399323,0.457708271813156,0.571805739554548,0.562100803087192,0.555355736169787,0.522755222570956,0.598699076794753,0.520033351706117,0.43824991592461,0.486505777217852,0.506221235141904,0.48477825254678,0.537510013146634,0.376159654068784,0.519900445521964,0.418289500907387,0.412756026311918,0.350286069178803
"N-R-GEE",1,2111170,1,20,0.559631929644991,0.477242598265616,0.469965371469689,0.273225475541487,0.33272447456784,0.440904429419748,0.448844389372071,0.558613242398409,0.540506883604506,0.537239365532943,0.506136035332007,0.577547885937204,0.492428499249778,0.42055957655247,0.468965345051433,0.485723460829286,0.465937365486977,0.522212467076383,0.355312688345739,0.511055737431449,0.406576814626966,0.406293174064972,0.342215039862099
"PLUSS_III",1,2111180,1,21,0.577353147732949,0.448168692158462,0.436655172098384,0.285828717137079,0.379521359283671,0.486171649994166,0.482377592693659,0.573716815482867,0.553472569879015,0.5511403715697,0.519249202693125,0.590495914769388,0.505397055830591,0.36674036057376,0.479670805057802,0.496038302406354,0.458496387375874,0.520857152147758,0.336588875906218,0.523867388146325,0.421160982934024,0.390420738499044,0.333296439628483
"SEEDWAY_9558_SBR",1,2111190,1,22,0.544409893179004,0.476310910837765,0.445673832224021,0.279774612386061,0.337054273186068,0.402743189733314,0.41257436096638,0.522721968543886,0.528489648518982,0.53638752475106,0.502920953674009,0.572499013861841,0.48800563432036,0.371338772645524,0.434382003731849,0.464201502760596,0.467876794592481,0.509943144229071,0.34934231994815,0.511166566563374,0.434505665998688,0.42681924216632,0.359154086974156
"NY1517",1,2111200,1,23,0.547117660829255,0.493545121166605,0.452842237812556,0.28768691931182,0.348201534842267,0.393065770378476,0.382845024877565,0.511584630801215,0.524491421568627,0.544321653424403,0.491192564375148,0.580812031659489,0.493018179440559,0.414397216007954,0.434517666715809,0.473788312784535,0.461985280994425,0.511587776097143,0.366474273325149,0.50458518394951,0.426676440046424,0.444240590126726,0.321054792957907
"SW5606",1,2111210,1,24,0.563154580608978,0.519601802748007,0.459175752680935,0.287466367713004,0.377018827045586,0.474425930799288,0.465794767550694,0.562772468255037,0.546122887984981,0.566667238532307,0.510898508625136,0.60095164072719,0.512299337368963,0.425223348101358,0.482893657197063,0.487397567354394,0.471395785871014,0.508985269729782,0.360727040345328,0.497329899701816,0.404944463163619,0.396135989879823,0.302644080256537
"EZRA",1,2111220,1,25,0.553088895648919,0.503571336307909,0.459311177070216,0.294109147395879,0.370784754176512,0.428255546783504,0.429437612352837,0.542696600710299,0.532745880267,0.562993245283896,0.506393219938578,0.590364570623793,0.508076758810998,0.407935254638768,0.461109547487256,0.484755559245575,0.475794829800562,0.507393880271843,0.356031527488585,0.513787003635201,0.435857111611603,0.419204968160898,0.340713376200683
"FSG_421LH",1,2111230,1,26,0.529252678772504,0.494727447412869,0.473097526990893,0.272928280430259,0.358383132545456,0.405589549735752,0.400715318639838,0.517549563361783,0.515943134045762,0.560059902925808,0.49035816151474,0.573638730387418,0.482032556513692,0.358000408496732,0.446498037399865,0.465440519185797,0.455341404238463,0.507179417989315,0.333341305871007,0.49506487556305,0.407360182541512,0.420826135384486,0.323055306681496
"ONEIDA_VR",1,2111240,1,27,0.53865204782364,0.509404236002701,0.471496372249205,0.2941344998388,0.354813352402272,0.405935625111303,0.411452532148167,0.53219819739159,0.52818953379224,0.575415127543909,0.499381939522797,0.585590114392026,0.496278107807412,0.437950513538749,0.466388788370213,0.498869055032034,0.469491763865996,0.515508400614509,0.363355587055915,0.50621702775403,0.426916006076835,0.439399785637728,0.351348340241074
"PERSIST_III",1,2111250,1,28,0.557088075016294,0.496305276612182,0.469255470304064,0.294447668454527,0.351031583519484,0.42568163814226,0.435206189508209,0.553019816754708,0.542219180225282,0.584775364028222,0.51785921024341,0.591774405540495,0.503354969221287,0.413254843604108,0.494726120113117,0.508795715886919,0.482240676388349,0.520422462849153,0.364256437038092,0.523920387013366,0.439348809164908,0.442068943706515,0.354538322116177
"ONEIDA_ULTRA",1,2111260,1,29,0.507865281314241,0.500689960379977,0.4755249745158,0.271274070166183,0.322010892094681,0.386104407312565,0.38049619688893,0.523090441363426,0.522478358364622,0.569670569649661,0.49507412000945,0.577286675798151,0.487222924775167,0.414300449346405,0.485570134486543,0.510061023703765,0.460632644276701,0.511167755991285,0.345865653229277,0.513152999696948,0.421105031836203,0.423322825378812,0.338378344050171
"WL_349HQ",1,2111270,1,30,0.545155626316176,0.493812070282658,0.456339269652815,0.308372314546147,0.369292292338877,0.462236780749503,0.4658234521193,0.570438863521055,0.539168231122236,0.583517688519082,0.502714215047264,0.57787058405204,0.489519857917139,0.394171455308447,0.528137336806067,0.524983879225649,0.452593709848612,0.510246096909661,0.341129596848155,0.523211030142607,0.424019223607441,0.384699997898409,0.325203112919376
"FSG_415BR",1,2111280,1,31,0.540708651461606,0.488041540726963,0.450845480340063,0.324995750168528,0.357131241209564,0.424124064506895,0.429853256622214,0.538373324976871,0.530671542553191,0.57516301744905,0.503081148121899,0.577409117046754,0.502746887501426,0.409059964030355,0.510394822469126,0.528004068246918,0.452379947971595,0.509126970935966,0.359080882823939,0.519175163862071,0.430453339008199,0.426448101212618,0.344183427047289
"GUARDSMAN_II",1,2111290,1,32,0.514198029561656,0.498668640254318,0.451733675121425,0.314951786394677,0.362063564855118,0.404730136305366,0.414963449608778,0.53151927132409,0.521343085106383,0.565129141111421,0.492871288007957,0.564872205812469,0.498324497400369,0.402590837975757,0.51426191405718,0.533960694369491,0.454685410126928,0.508483595096413,0.371502084996895,0.508807716635041,0.423720938480909,0.401968664779502,0.333575040876079
"AMERISTAND_427_TQ",1,2111300,1,33,0.53141436105822,0.490605605439365,0.439171163878395,0.317784811981594,0.387021402524009,0.461808027504228,0.464105149926045,0.566579105909061,0.543406862745098,0.575472825659611,0.507369534159045,0.578093306288032,0.516987552438987,0.386863183752248,0.542489616793022,0.561579420759129,0.456723393980116,0.509628979286574,0.362573516253652,0.51900260903793,0.416325997387197,0.389948511022844,0.322499896800826
"LIGHTNING_BOLT",1,2111310,1,34,0.576376949298522,0.495703927239197,0.461169574863585,0.316177496409625,0.377041749575094,0.456842173136088,0.474943109199165,0.564443399886591,0.543110528785982,0.57880395641669,0.503722648479682,0.565354869969531,0.498699851878676,0.407517217177699,0.542855504775009,0.549639807934465,0.469527121389867,0.516315806587975,0.371671711862903,0.513688283662611,0.427213818297895,0.411603303700902,0.345654334131843
"VERNAL",1,2111320,1,35,0.551296611347086,0.499372115996157,0.458568915678594,0.29872197309417,0.359466782493588,0.364635415707154,0.371796177788524,0.505659951242129,0.530994472256988,0.563562294039015,0.491379973676217,0.559096448029648,0.504055961761253,0.432813820531941,0.517934765612784,0.553002476925844,0.472783795371485,0.507916594154864,0.373073539562309,0.513388208881568,0.432540980214817,0.4296639556144,0.3396578668232
"REBOUND_6XT",1,2111330,1,36,0.60668738045815,0.479431140044951,0.440311656772801,0.338187520150063,0.409512187538863,0.509056575965808,0.506559033120618,0.577560062076581,0.56265931372549,0.584264647802249,0.504190347636639,0.563896892949897,0.530058923269321,0.375720489538097,0.559547114965072,0.566953242835596,0.470219665235361,0.517026679741209,0.357052500849681,0.521643693896105,0.419959684808503,0.373783914423218,0.312029354728317
"SEEDWAY_9558",1,2111340,1,37,0.586515208828517,0.503981355388005,0.458550698566889,0.279987983235148,0.380575980392157,0.431058442794594,0.463750273539562,0.557373506229341,0.567493481435127,0.5846013739072,0.517151631737032,0.565034491540953,0.565697591079525,0.430916933514644,0.533383722373036,0.559541561155161,0.494311520788933,0.511366695932104,0.388198804425985,0.507691960158753,0.437852063345688,0.40854100780097,0.335817099309359
"NY2003",1,2111350,1,38,0.546561679987604,0.499018562189918,0.474435450020987,0.254360327090477,0.374285951166936,0.382017034812672,0.38878685533646,0.509467252957629,0.539141635377555,0.565323354277912,0.481871181443592,0.54964913777306,0.555817282665279,0.380773054934129,0.506832738411686,0.541219505445086,0.453772275291883,0.502255389718076,0.349509596682364,0.500356651199379,0.420730638954406,0.406693987348423,0.309927373664398
"LANDER",1,2111360,1,39,0.570271506241425,0.477294916457719,0.46323581759172,0.280473343298455,0.39440424112683,0.44306553953502,0.454919014478717,0.557836123795028,0.545700224238632,0.590413878821671,0.504943096381792,0.570328267533847,0.576519735436834,0.36630258367329,0.551870764254665,0.571710047462881,0.464328003555518,0.507579487600645,0.345762711864407,0.52607057711422,0.453020033458062,0.380242733749448,0.337657578868652
"NY1615",1,2111370,1,40,0.567330800253684,0.498385142374912,0.474306438482717,0.283942231601161,0.388177387762716,0.439815879259639,0.420790616034157,0.547939606048369,0.523034652690864,0.580338687425389,0.493752220090935,0.553411250320523,0.560361058470604,0.399880978491322,0.544434169201971,0.556053385362614,0.474366291549313,0.497355225705613,0.355765206270832,0.500663441555282,0.426510489634503,0.358878170775277,0.313894638737848
"55V50",1,2111380,1,41,0.578887799772913,0.466171150058618,0.437069466930503,0.291232304581025,0.396516570524778,0.454029988103867,0.45280518407681,0.569961815544975,0.526978645181477,0.593539895223492,0.499896793054571,0.564834631886915,0.568904191036123,0.383327923264757,0.556565358732541,0.559391700222785,0.465408937089024,0.491293597372614,0.346166187755705,0.508175553099652,0.427060596924932,0.344461311406283,0.306621576565849
"SW5210",1,2111390,1,42,0.591247388312409,0.495664109979463,0.466908362124407,0.281407866584601,0.399083079961943,0.486296824671317,0.476654354090702,0.573904557256693,0.528617412390488,0.592678833108161,0.511740197957873,0.561004476856919,0.569039027288669,0.378399350791771,0.554224241530743,0.544373088685015,0.464507429752528,0.47502700204661,0.329540780530668,0.523452163914269,0.460863606086256,0.382043376836265,0.345862200083653
"NY1614",1,2111400,1,43,0.562782027833798,0.503172880922242,0.464946333273371,0.274368826753422,0.391390996144758,0.44323470488519,0.419155334421645,0.538852694395836,0.520598273884022,0.583022749976768,0.493884213323884,0.551732668575003,0.558042489201237,0.424722222222222,0.532386987824918,0.541166922661796,0.481981291534997,0.478144062863985,0.36469254368414,0.495710936710801,0.422618714051795,0.372884433516172,0.304743146127229
"WL_358LH",1,2111410,1,44,0.581481523210063,0.46941664632658,0.455496941896024,0.258843313109997,0.403456192603624,0.485747007854191,0.448674169981324,0.561210642552303,0.524905350438048,0.58480538697433,0.500238764319469,0.542429254293195,0.551834343836441,0.374005310457516,0.542006233647101,0.542018625375344,0.451682956959332,0.469278264774646,0.33449507863409,0.503368816509234,0.424404050435369,0.34780341718681,0.287388747354145
"SW3407",1,2111420,1,45,0.57982498259734,0.491612564758345,0.457517051292605,0.26636698027492,0.405489444720806,0.512682614542842,0.472329265173866,0.57396215716119,0.53250664893617,0.58793820991758,0.522132205291755,0.553655696890422,0.568759603366805,0.409966444911298,0.547709588886059,0.550763120615219,0.473119760454277,0.497864793678665,0.350374517473221,0.503271507114012,0.42411155840087,0.356048568554868,0.311364293085655
"ALFABAR",1,2111430,1,46,0.583514281036342,0.47636860629188,0.45437729019907,0.295184940941997,0.392360723297758,0.469549965304004,0.427572685141889,0.564296525627795,0.527255293074677,0.583734957253043,0.533903631232418,0.536741023036808,0.566737507576397,0.391485615079365,0.537606196120128,0.546181659678691,0.465487402938383,0.509650960881865,0.368826702396581,0.513226836720288,0.449076001820686,0.395241367715361,0.330346907993967
"SW4107",1,2111440,1,47,0.581977872250733,0.473244280737569,0.458768063800444,0.285527418740291,0.406502870704307,0.519242802685787,0.466270427176295,0.571974811233474,0.528315602836879,0.588678061089547,0.558581089062131,0.542577241081728,0.572546373220068,0.407040546270708,0.549644014969092,0.550383854318015,0.458858384688875,0.517357402689161,0.392666946370541,0.490540310416971,0.416477800043744,0.365700145009772,0.311059102373981
"NY0651",1,2111450,1,48,0.559066361291933,0.478489683093264,0.464388529111951,0.259919253202028,0.393209233060313,0.484931770369242,0.44641599037703,0.568253838181043,0.526057441593659,0.580035690223957,0.552718049109069,0.528366602844812,0.563604918802503,0.374279071807694,0.538681224749336,0.545123777104349,0.418686627961911,0.527224690240542,0.376514146148101,0.50789196571929,0.444223147202806,0.383321564424269,0.319330266043069
"SW4412Y",1,2111460,1,49,0.571941406693528,0.493200793712303,0.467077361188605,0.276303086256924,0.400097417402479,0.498544608958881,0.456814892152908,0.566908511688428,0.523011446599917,0.583720843787752,0.567530858729034,0.546976360637713,0.579612717028508,0.41399701715138,0.546132452054753,0.545133325030789,0.431489040810728,0.525386661463922,0.395236255421709,0.496037596179911,0.430313477214823,0.356545013704406,0.310267285861713
"SW4602Z",1,2111470,1,50,0.533744096224407,0.48097513928716,0.459339226155756,0.235711040769073,0.393240671796145,0.470354775612466,0.41587720938932,0.541254513982153,0.507845614309554,0.573083356565375,0.554866927984291,0.542271394539124,0.573069349851834,0.373084177742685,0.526333063794364,0.535480233024755,0.41455756661639,0.530259942119468,0.393783276022273,0.481427910565576,0.407224695123753,0.359244267910808,0.290689760066923
"REGEN",1,2111480,1,51,0.583736368837262,0.507464364753367,0.464718474545782,0.256846478501715,0.387236416190949,0.473064853877661,0.42348709552397,0.550482436505805,0.513594336670839,0.570020658646251,0.552691353649894,0.546859887626839,0.574682048769534,0.36739848810516,0.538802740660326,0.545702187720536,0.430419418168838,0.543085747731929,0.417978566191071,0.51028786204308,0.456057032399936,0.372742996448311,0.303346768571682
"ALGONQUIN",2,2112010,2,1,0.512424824682408,0.509355397846446,0.428915572345146,0.272989683167736,0.301659841151651,0.382308773128591,0.396321710984341,0.433413764288059,0.531529283399121,0.512987926486672,0.49187644998955,0.389733212008619,0.398257236897629,0.384228626573672,0.463755496882432,0.454132730015083,0.461992560008119,0.475503788248301,0.449272590392089,0.405935873108549,0.416826036749071,0.38146606981485,0.350535001330849
"NY2003",2,2112020,2,2,0.54722010504941,0.476101411139774,0.418544402470468,0.262799026935139,0.28953993595324,0.380558671942209,0.37418537940926,0.444050193685407,0.533546881518565,0.509707798996376,0.479303832978975,0.415532685432798,0.389540723304841,0.3149901302803,0.445314414973858,0.430761066600246,0.396579283507085,0.448316586999642,0.397109502934884,0.420321854231889,0.39741214303026,0.39815396254965,0.319783768711104
"SW5210",2,2112030,2,3,0.569529899812246,0.477567843433111,0.401238689220921,0.287575104780328,0.326438399726979,0.464072601805811,0.439760232867546,0.496482526039335,0.547394138506466,0.528410427969949,0.475126260917679,0.434995712164207,0.390492594747425,0.328065681156877,0.476344086021505,0.462828676989497,0.420657555951674,0.462991996652399,0.413815695769833,0.3821352310688,0.364829547133897,0.39395519408192,0.309541807673296
"SW3407",2,2112040,2,4,0.569360525987277,0.480675836430312,0.406188773130151,0.296404789120431,0.330822228387208,0.477791012802578,0.442952413605852,0.510727161488644,0.554367177722153,0.529496561657839,0.470851346562721,0.433742172344284,0.39020055394011,0.346696056498662,0.469128257363551,0.44743797307208,0.407777206188561,0.451683284090487,0.385592579781442,0.376134523288223,0.336787080222502,0.39567467847354,0.284674535603715
"LIGHTNING_BOLT",2,2112050,2,5,0.570144538603745,0.461036131624367,0.418849463332734,0.302493918344617,0.327243888061554,0.451522171662276,0.404843771106747,0.498025306232333,0.550394373174802,0.52647437684516,0.487562153148968,0.449037812746686,0.400460975546747,0.355576026085304,0.475291020182661,0.451625776633872,0.410414308861149,0.44851086023635,0.389496641568505,0.366229990755607,0.347362074163401,0.418629552571297,0.320212809105543
"N-R-GEE",2,2112060,2,6,0.559121847040546,0.475551643582334,0.430905738442166,0.294700020516428,0.314572451602205,0.436171189427854,0.407027659793244,0.489022890739249,0.546270859407593,0.515273615370319,0.483037591542641,0.430180786462184,0.398992431433792,0.314995979003085,0.463477767502535,0.442227711126794,0.398253036713525,0.454386108672325,0.369706149879914,0.390848074954295,0.349217873462318,0.405534329487422,0.273307096594294
"SW5210",2,2112070,2,7,0.576766814525759,0.49354881170738,0.438707467731562,0.310597467686626,0.325021976090014,0.45473907383185,0.437917652786782,0.508149491151103,0.55288524718398,0.52279456441709,0.505931368790135,0.444078356829822,0.417435438969739,0.363738503604275,0.468184275305018,0.451133718969239,0.403873566822913,0.449479316375023,0.394505071331734,0.366206532240688,0.343686134890093,0.40610301998613,0.320192402752956
"NY2003",2,2112080,2,8,0.549875252405757,0.478930875757822,0.432432991545242,0.304880125443301,0.309565818927994,0.357973323999189,0.341168939527565,0.427931156948681,0.540333620150188,0.483741430950798,0.486704612567919,0.436186359816244,0.399737990931341,0.328268631837522,0.443984441198064,0.421515906291945,0.381821783148383,0.439806991506505,0.352422249502438,0.374762113282037,0.341189475488718,0.416886780518659,0.313980535048027
"LIGHTNING_BOLT",2,2112090,2,9,0.569596013084414,0.481708941811244,0.445345614532549,0.317809578240863,0.330095479647555,0.439426962999312,0.442749158289106,0.514777658399737,0.559262098456404,0.518579825295047,0.500037588841226,0.4470847581865,0.409228115401632,0.349780819113626,0.469102590874288,0.45416386455782,0.380918205583143,0.448740870809352,0.349094364676191,0.384532497862669,0.327120774146258,0.425526763760166,0.33133933720547
"SW3407",2,2112100,2,10,0.587987426343838,0.480156946397356,0.45558868501529,0.299983733403675,0.329959608050408,0.475514280745655,0.467438069557447,0.53434498437056,0.559989700667501,0.519265581551615,0.47764351523742,0.462867187094505,0.410052005924853,0.349216124928719,0.460292144502671,0.448527958819378,0.403030869317207,0.450457386271258,0.370466929165175,0.357747641917791,0.297071414637607,0.394353445558288,0.295070154758736
"N-R-GEE",2,2112110,2,11,0.563667181688557,0.486668044468556,0.46200530670984,0.304390515548521,0.337151330201946,0.43978048326308,0.433436588138844,0.505252239721213,0.549181920108469,0.507562610352198,0.494823339964005,0.448824034931407,0.40408409353046,0.32893173078329,0.433994373932454,0.439597603332088,0.396186525892408,0.444091607989139,0.348508922703985,0.390465764469559,0.338890681988804,0.414665111489397,0.29288160513074
"ALGONQUIN",2,2112120,2,12,0.538411536992184,0.470923090360431,0.463861156083228,0.292824379378059,0.336144721601721,0.392053906563803,0.39057920074151,0.475547646760378,0.551977602211097,0.496621989663529,0.492552169462162,0.443396912067536,0.389791236698149,0.324164729277244,0.419379702971034,0.443561653313407,0.379438440636748,0.443455252115019,0.335751117687661,0.41614779907,0.342607955452305,0.409994939911448,0.289114805112328
"BORDER",1,2112121,2,13,0.56866057297283,0.478094665890614,0.457659285141517,0.310840001172367,0.353765078970277,0.490151710543284,0.474519163588523,0.542102571005519,0.566473456403838,0.535251573970821,0.486177713839159,0.570326786853962,0.551607581598755,0.335797735760971,0.43287288333728,0.46974358974359,0.398178846766263,0.449447793711183,0.35118092434714,0.392151289366342,0.308804826188004,0.338603492844083,0.3694891559565
"BORDER",1,2112122,2,14,0.573943656228848,0.477795861427575,0.459503896142744,0.310440223922155,0.36095003929842,0.485649828362288,0.461879007034716,0.528680994899867,0.559821521693784,0.557435754469487,0.466670866472426,0.588291511757562,0.57224089271315,0.335146912931839,0.43291294189127,0.451849530214344,0.399102861562258,0.442507202549345,0.362764314765454,0.409034632195699,0.34203302062459,0.34106172372486,0.458399685666122
"BORDER",1,2112123,2,15,0.585592184213481,0.456296247089086,0.4442617077412,0.317833611770568,0.34717774530531,0.485797209582236,0.45835131869533,0.539618587160892,0.556395755110555,0.562133773669876,0.485054051813962,0.578056351535913,0.558703370804924,0.309468954248366,0.440904702674402,0.445607953837851,0.391186106921401,0.4309892956285,0.340730341100659,0.412467244962501,0.350291605336738,0.254768299602799,0.416943736770726
"SW5606",2,2112130,2,16,0.587245325251342,0.47486594110635,0.475246896923907,0.317120372812802,0.362471689625217,0.51104560834669,0.480067594572616,0.547408504210227,0.548233468919483,0.569408337979742,0.460009524559489,0.573532571262472,0.548510678563848,0.305050186741363,0.447788365745022,0.437882020839387,0.392829751568662,0.439148030318733,0.353802057221356,0.397921054277791,0.350256846784538,0.434831752055661,0.347859585615623
"ONEIDA_VR",2,2112140,2,17,0.57270525141679,0.484142238362187,0.488126011872639,0.319736656994636,0.331893835758405,0.428585508741549,0.415468091366144,0.510801812715933,0.532504171881519,0.553111449464948,0.49883164014398,0.546469217057452,0.526393269436874,0.370579919467787,0.432787107400111,0.438817164127472,0.4135815642435,0.456728150157114,0.398037331693506,0.37767218549951,0.363799322562911,0.444475547989828,0.342448635562822
"LANDER",2,2112150,2,18,0.593380052653124,0.458851265893004,0.479784901588142,0.327886807936927,0.335725366095805,0.452485953175713,0.431148971623072,0.525057450681947,0.530423445974134,0.551690276228975,0.475806193963529,0.530104010666464,0.51625197725621,0.350148265122604,0.460330713891085,0.448513706117592,0.402774844008637,0.459531524394269,0.364891870119046,0.412417591957719,0.365433802100883,0.4312760859971,0.337159257085187
"WL_358LH",2,2112160,2,19,0.580643655023141,0.44487217812026,0.45353735683876,0.279672030247076,0.344667170494804,0.468288418891613,0.444317154524767,0.536187014851707,0.525372210054234,0.551519661455541,0.482077057876291,0.517772849675273,0.497303825664869,0.285251568188797,0.454007567939456,0.447585204865291,0.368786799620133,0.459154944233083,0.319898505541576,0.430667750971356,0.362507463039482,0.406277452031188,0.318275599832693
"SW4412Y",2,2112170,2,20,0.600142905050074,0.493784637262898,0.484193799844097,0.332097951288139,0.36498213473153,0.487848246590057,0.46064181813017,0.531516996448503,0.521669274092616,0.550526496143481,0.489341417959419,0.514273031720689,0.513498006480537,0.335444722258777,0.456493074155114,0.449728761917611,0.400356671670989,0.479780580915676,0.374905969920925,0.402224997300395,0.355948119642457,0.437380067202676,0.323705390172263
"GUARDSMAN_II",2,2112180,2,21,0.586578190798986,0.467061634159511,0.468315310868817,0.30310516134705,0.352029298006122,0.452454250674448,0.450043220049937,0.505946369415346,0.506834454526491,0.535019479173368,0.471021745050677,0.504378747954225,0.509391118253124,0.315279642058166,0.439617314230317,0.443673045788534,0.413987286540856,0.471500613009888,0.388402441956067,0.412233354880414,0.370274344287006,0.454615644107105,0.341997160855292
"SW315_LH",2,2112190,2,22,0.530883058665447,0.48518739950965,0.480924626731426,0.312829215393183,0.333775468432616,0.370975725084898,0.338497496618656,0.424157884850407,0.495880397371715,0.524847133166063,0.498022236002835,0.50008017904329,0.507057877278993,0.335466070096943,0.393050808840283,0.428767902362074,0.371757286887627,0.476429356485546,0.347908512063829,0.428576566616526,0.372275443792229,0.467476409642099,0.330625879311
"SEEDWAY_9558",2,2112200,2,23,0.584428899691175,0.478221314931103,0.483714605419216,0.304752483953223,0.335863039836188,0.413396031760653,0.406480185189579,0.487367714208971,0.516769529620359,0.54177832566676,0.489532710561412,0.521936550965858,0.516207549892286,0.370668070360135,0.449405599560398,0.469508350976241,0.400162840064801,0.483788898644035,0.403045915045211,0.412477401690824,0.361645711042934,0.455443750919446,0.339273742585269
"LIGHTNING_BOLT",2,2112210,2,24,0.612727000132362,0.45948794976928,0.471670714157223,0.300959436091327,0.352742973510757,0.475624067353218,0.453424407872298,0.523343032799117,0.529065498539841,0.546117961584926,0.488864133002599,0.517094821454639,0.5200216135387,0.357459461040195,0.457638600363059,0.459602999986162,0.39986001896743,0.474962913558485,0.369128662278624,0.423501782847134,0.334781842794398,0.428296870731143,0.334305501309836
"PERSIST_III",2,2112220,2,25,0.600709111747204,0.47051380938849,0.494940996993763,0.34184003048155,0.351699010300323,0.449325577396634,0.417324214143728,0.511904398677854,0.528909704839383,0.54425399010315,0.504828361833193,0.517699348511561,0.524257305733329,0.341857115702358,0.442119856980538,0.464403254597534,0.400055152526833,0.478877849713831,0.35325606889738,0.437891409665603,0.373731874419952,0.448946658233186,0.377617273153605
"EZRA",2,2112230,2,26,0.60419935579416,0.479868071071391,0.487374078071596,0.371582402766787,0.348229299200571,0.422741705495391,0.403174584619221,0.502966842749276,0.524015827075511,0.53577491368403,0.493842723836523,0.503754468681184,0.515707886676635,0.34176572940884,0.443262243931374,0.456982301742151,0.403995875225574,0.484177153448444,0.372448941911981,0.403066172705641,0.343707426895992,0.436193178235925,0.316659188562303
"AMERISTAND_427_TQ",2,2112240,2,27,0.60469283799838,0.460346738607608,0.470474814089841,0.340299100208095,0.376398842764954,0.48285371757996,0.452012460221415,0.528321592557694,0.527346944096788,0.538915557336679,0.515619967793881,0.492467430652874,0.510420646672651,0.30682282756503,0.462627305042166,0.459997647612327,0.394383693648399,0.481134718564042,0.34285208336208,0.420021840678002,0.363562515147753,0.419212744047244,0.322821279246993
"REGEN",2,2112250,2,28,0.589218377768013,0.472197926162121,0.469393326137795,0.348297869222427,0.349951809476433,0.41283874353446,0.408066527633494,0.505669672903486,0.523865900083438,0.531049159000093,0.50860648476258,0.487222833058457,0.513149299282441,0.347481978622918,0.437724733699966,0.457274828068136,0.397021063645876,0.476126637870519,0.380804826638753,0.419658930569747,0.379058445205034,0.446408381144526,0.324076018099548
"REBOUND_6XT",2,2112260,2,29,0.592621677413863,0.457123420294776,0.443528663944601,0.323312963451449,0.398992590179532,0.503441260343711,0.465425362894728,0.5422593786373,0.533706847100542,0.538833373989406,0.497347581007712,0.485978357761606,0.506397885561817,0.322728282961208,0.47060044645184,0.469102910041928,0.381662904676416,0.4681011293591,0.339573117382546,0.421342035573535,0.348300200393694,0.378307189542484,0.286623445758394
"SW4107",2,2112270,2,30,0.611776598528066,0.444321918490716,0.455496642081909,0.321834022099124,0.3830938057041,0.49627033400269,0.469565922375404,0.536006169135614,0.525074050896955,0.53066615198759,0.48727143869596,0.487359639311735,0.517955868926415,0.300761700513539,0.459682629032474,0.449680490403642,0.392409388527854,0.467760803824017,0.351724418580992,0.428462138829177,0.378863608150526,0.396890906416157,0.332833567816267
"FSG_421LH",2,2112280,2,31,0.56505981091608,0.462090763628474,0.466442405708461,0.287582578621882,0.339714043651287,0.372913788127215,0.386535973689953,0.469100372414412,0.516390540258657,0.519529211611732,0.510176304821445,0.472320887803878,0.489921085787143,0.308617968020542,0.415512488887102,0.435537105456156,0.355916188024031,0.465163134614115,0.332124412853654,0.423945930729612,0.371675090295389,0.420698148498413,0.286763121538208
"55V50",2,2112290,2,32,0.599911012320783,0.449797327802443,0.456659616877818,0.324515958849908,0.353178776784976,0.420254171195569,0.426217868300246,0.490738950070135,0.52389445139758,0.529544187343184,0.515068078101388,0.482581625752114,0.514141046840392,0.342207778944911,0.445099249763187,0.454768309273251,0.393640521709308,0.470478082533748,0.351280248445894,0.42346007882061,0.373029078713521,0.405231721068587,0.301226651186791
"ONEIDA_ULTRA",2,2112300,2,33,0.568656809110053,0.450588333708538,0.462718564490016,0.322063952636361,0.351194359675892,0.376910429063577,0.389790565011026,0.463160138197155,0.516322877555277,0.521834687940068,0.505604101543999,0.47696125823839,0.505593746563449,0.350459558823529,0.431332490465617,0.450558069381599,0.397404051750988,0.472088789642773,0.382109778777411,0.415593830584343,0.368925499654188,0.425946869070209,0.308450004436164
"N-R-GEE",2,2112310,2,34,0.579766602869193,0.472751015206258,0.474543832823649,0.301736569067089,0.368547044345164,0.458477572019311,0.426576980982751,0.483754056924066,0.519265618481435,0.521960522953257,0.530829349142602,0.482183132033581,0.501195978246692,0.320369105975724,0.448551712019204,0.456330551980849,0.383573365808933,0.468189512283988,0.348836031587776,0.449440396019255,0.396854114573173,0.415902318054767,0.30903494429446
"FSG_415BR",2,2112320,2,35,0.602519655205077,0.46633636326731,0.467923337530731,0.321954043201735,0.37101534324089,0.469163623380441,0.438440126978189,0.496466111558779,0.523984277221527,0.526016026534566,0.546642778488207,0.493500755119966,0.515675429463821,0.358161015338276,0.44707371518517,0.454351225317226,0.409289930899408,0.470387019152603,0.37138968581783,0.446117702664192,0.393377668221343,0.433174032742786,0.344809561833783
"NY2003",2,2112330,2,36,0.549523480464139,0.437834286235555,0.428126604169186,0.303183856502242,0.365351591586002,0.407324662853133,0.37688491828088,0.433498751140426,0.5083657957864,0.505967730694173,0.577551588239044,0.487139050139302,0.494527462208204,0.306382272521238,0.397758061225554,0.430827348582341,0.356011240476915,0.465783240659448,0.331811804405787,0.435680748726289,0.380088433323284,0.414316457558372,0.312449174406605
"NY0651",2,2112340,2,37,0.573413051615334,0.45809624684305,0.452249955027883,0.300697558545092,0.373601956638892,0.473121511378274,0.431199466748055,0.477707971974487,0.516140488110138,0.517008284903462,0.582542832954438,0.496638445192782,0.505409657677139,0.288388092000409,0.436577146679014,0.445196424370736,0.382756856445952,0.473667634023981,0.344851268216467,0.425298088679423,0.38832857472202,0.416792131643654,0.337190640962267
"NY1517",2,2112350,2,38,0.573932697640124,0.459026017082283,0.439910055765425,0.353284680090272,0.368794857077852,0.410257298115856,0.367597329729927,0.432529173008625,0.513126434084272,0.515985789138842,0.585780057672333,0.500926522719948,0.495684842347008,0.332465675308155,0.402536942475023,0.440397830268311,0.359208827203914,0.472170654652846,0.342954394734349,0.423379168239086,0.382727245857644,0.455217162133671,0.309802654093312
"SW3407",2,2112360,2,39,0.603023110540264,0.4609537549691,0.444178359417161,0.335997098390926,0.380220510508643,0.494974453921876,0.452410971111586,0.493823903321817,0.524536008552357,0.531442535545024,0.546306656720659,0.506264423512679,0.506220466896519,0.359658288371277,0.45499220421821,0.466785808183542,0.386991927825261,0.480115240789516,0.365082278121977,0.414277025946855,0.350736581236856,0.417139524620137,0.289601505760675
"ALFABAR",2,2112370,2,40,0.601307189542484,0.440454108740554,0.428305439643439,0.345999443125531,0.374159737734756,0.461010451784848,0.421596293525359,0.486442385173247,0.525399718397997,0.532113257990035,0.372900003374844,0.50635833127966,0.509889788815058,0.333829451243585,0.441444520391889,0.453387161498333,0.379513160815194,0.485442460898124,0.368888497018393,0.440314512729945,0.386870370698777,0.417170628165521,0.336861665475907
"SW5210",2,2112380,2,41,0.579469508633988,0.459978846310308,0.440053082343185,0.345385855388493,0.383190586198777,0.485889322844703,0.43807889248486,0.494687677201779,0.524507326866917,0.528309694730973,0.427273669129488,0.496820131505794,0.505463828938384,0.340514833823164,0.453782406104388,0.454658972975217,0.391672388391373,0.47391263256624,0.364978383066974,0.417883555407275,0.379922207049838,0.40749637475569,0.332471757085187
"SEEDWAY_9558_SBR",2,2112390,2,42,0.521881906296127,0.464482481618032,0.435672183246387,0.333372900729799,0.362602858268043,0.411364013190619,0.364072422223437,0.435926923019398,0.516521563412599,0.519605841607514,0.449898269548783,0.488920115258479,0.494853475570041,0.345744615519586,0.415762519787288,0.432111890627811,0.383815393014247,0.476108778783927,0.382058209347769,0.377678737529167,0.331884942098636,0.411472064094455,0.27599173606094
"WL_349HQ",2,2112400,2,43,0.585506619066349,0.440962173187237,0.406309806912849,0.331577566751663,0.40488851658807,0.522234565629442,0.470084790673026,0.51892410541081,0.528059553608678,0.5332652344113,0.435567162989726,0.493260095104096,0.501188361862184,0.334156687283414,0.459316222244416,0.453671800406825,0.397765348304564,0.486075504828797,0.364181680205039,0.413047278464736,0.35939243469471,0.407023306643129,0.301358987033727
"ALGONQUIN",2,2112410,2,44,0.49689700879552,0.461323624750735,0.439766144990106,0.326037251971043,0.355835457861792,0.393197351148292,0.356321993635426,0.413868843507616,0.517884856070088,0.527204220368424,0.415191353649894,0.505942312921376,0.508860228583412,0.375465485224664,0.423963354613509,0.452243624337526,0.404064349280672,0.482440879382056,0.381736602687052,0.428230034241446,0.388353402259306,0.432894310993422,0.322050138921966
"PLUSS_III",2,2112420,2,45,0.590584619771815,0.42679074264752,0.390284523595371,0.330284738708637,0.39751502130388,0.517723391059587,0.462603461249059,0.506215880707737,0.530351089904047,0.542885634020287,0.438628698929921,0.506060864564969,0.506561214414748,0.336762585720343,0.463782599695912,0.460540058913474,0.403946521306969,0.486149887272663,0.376676018806769,0.423453823216632,0.366210750135984,0.408446741724469,0.291752284624257
"SW4602Z",2,2112430,2,46,0.570844866070031,0.433915306346353,0.410757940246539,0.345178053284094,0.370502217800439,0.449521923202999,0.421055524396343,0.459606947801952,0.512791119107217,0.528505424681721,0.409236504842901,0.482085363846156,0.491046330036439,0.313417701159509,0.421773685550775,0.430747505777187,0.387313938961271,0.482993391486169,0.352670785828456,0.411479632966406,0.360653318909716,0.408777777777778,0.278604640385566
"NY0465",2,2112440,2,47,0.571031768386343,0.455426632664484,0.441933414097905,0.363305049972156,0.361177039381153,0.428277543400699,0.406947431860927,0.456570497001241,0.507295447434293,0.531732252507273,0.432699134404164,0.473697812995646,0.501057344830968,0.348761671335201,0.422667333812845,0.443081074349288,0.414077146528127,0.488643449419569,0.382031682729589,0.421089839382191,0.364377094823458,0.441177101065507,0.269555242911644
"VERNAL",2,2112450,2,48,0.573707238114552,0.438676744303343,0.431335372069317,0.388589349043055,0.36647400023597,0.398961576487783,0.356301560559682,0.420616502894064,0.500212765957447,0.544397012359446,0.425244064493267,0.48252345766439,0.484255032389896,0.360390697945845,0.41980485974294,0.454478115875849,0.390162273012007,0.480349364289663,0.356965453563894,0.449616670489536,0.411321593454988,0.432326881449257,0.312499674525681
"NY1615",2,2112460,2,49,0.589336678296422,0.432469434397675,0.427493553996522,0.387473695008646,0.394747714486639,0.462057319012791,0.420620389969824,0.48166472677351,0.511827023362536,0.555251370690456,0.435905612916127,0.492983830172265,0.477368631031387,0.332581553454715,0.431979487272606,0.455084340016882,0.395936711181695,0.469668557513754,0.364199858945035,0.440585316012261,0.40174182908014,0.434834079398104,0.304911720344246
"NY1614",2,2112470,2,50,0.575078022015165,0.449519553100116,0.431133663230492,0.365548667897652,0.379171848443394,0.444946205854719,0.398857392760008,0.463438626404032,0.509922037964122,0.556641314701236,0.401823470351996,0.503634212305612,0.489725183391299,0.37921510270775,0.437896881240534,0.467678331742012,0.428196099428527,0.461470991852231,0.386259671601516,0.402331963778554,0.374982236488204,0.419960995150748,0.276140014829461
"HI-GEST_360",2,2112480,2,51,0.587658795802289,0.440443557579107,0.433609578079897,0.338545531815118,0.389420322453876,0.498319459641639,0.444107308365885,0.503599803183888,0.516390279516062,0.566528990013796,0.38569787818509,0.512709269239678,0.499163335609449,0.349937266573296,0.472529064789127,0.491389984363541,0.41760697726384,0.477967818447394,0.352768241279179,0.451410986230721,0.43074630394817,0.401153142929197,0.283164759116316
"NY2003",3,2113010,3,1,0.573709867015184,0.504559294073361,0.466491125502189,0.351480406811454,0.305176465406459,0.360489551285594,0.362421064244572,0.478058958137031,0.506625730079266,0.510407954651055,0.54403452043468,0.554662336976609,0.38469266415572,0.282091940943044,0.488953369758323,0.437512419223159,0.418977928490689,0.456248170910155,0.386967754353831,0.423004809864392,0.415726826154037,0.409253004427578,0.326769458914788
"LIGHTNING_BOLT",3,2113020,3,2,0.577867285584987,0.501687980611583,0.437346195358878,0.350475688033061,0.337018335815339,0.4571972697629,0.462349868907861,0.534475631957501,0.519036164997914,0.531749924495865,0.554213333213049,0.547176961733293,0.435931267008555,0.359708800186741,0.489590434791673,0.452744129408997,0.413432999828523,0.458775687917024,0.377956176718713,0.423818914029875,0.39383863283028,0.406281865372087,0.294974460372384
"SW5210",3,2113030,3,3,0.564449877505749,0.510449889222268,0.442180398153145,0.328119376300595,0.332186606143514,0.455805745411224,0.462553027127215,0.536538639864794,0.509182311222361,0.523380726698262,0.547175466572171,0.550302047986452,0.419472427030027,0.361746031746032,0.478936927448862,0.448839027495261,0.429130943666224,0.465357656163626,0.38803874951315,0.400532073871732,0.395761230027133,0.393483386923901,0.28387762165595
"N-R-GEE",3,2113040,3,4,0.549092465946348,0.494908899000971,0.445295015031184,0.344050968668484,0.3306353297567,0.452921525641262,0.455980288246724,0.523548195991735,0.499616969128077,0.515147000743425,0.536560711241018,0.538644036737141,0.421731941084607,0.340067693744164,0.465218155311035,0.434282314195968,0.419858387799564,0.450228985790004,0.346427836671392,0.398259189979065,0.375486036574547,0.404019502763592,0.277736796075896
"ALGONQUIN",3,2113050,3,5,0.527629620449342,0.485843546522092,0.426906741549053,0.350769366042381,0.317128233428678,0.383697219567523,0.388654391037774,0.474388784433104,0.489557519816437,0.513908487200932,0.521080055516182,0.547428958692726,0.395472743413128,0.309369800119899,0.468602135165603,0.434105331617474,0.410021522083758,0.458049331490067,0.331842567535489,0.419723224277304,0.409383508603924,0.414371705671516,0.303520066114681
"SW3407",3,2113060,3,6,0.562130145592485,0.483727052525007,0.447404809018409,0.351093818693397,0.360187468974932,0.482490216084864,0.470957558431685,0.532579829796144,0.498029046725073,0.518643277808754,0.517027895430851,0.548745352726866,0.428661541569804,0.378553172201021,0.480472273970726,0.444872348374777,0.406729028216677,0.465308724294159,0.340013093359949,0.360369549464314,0.364573941726223,0.372022360927222,0.309515951176851
"N-R-GEE",3,2113070,3,7,0.534075024633928,0.496588254030709,0.428153894585357,0.342536856297078,0.350815482112507,0.431840853443646,0.434331258387448,0.508765648135684,0.498500078222778,0.515005325498774,0.496873671155209,0.546415144620529,0.410997127409079,0.329784474565367,0.457525423779294,0.416333310847275,0.386623158016634,0.443541823463392,0.299091840125881,0.344997892566158,0.34296594489469,0.35806003177192,0.256069730888307
"SW5210",3,2113080,3,8,0.56364246565632,0.494935716930602,0.45271698000329,0.349375421319499,0.355687929180111,0.450799410887501,0.452055040114742,0.515427671829767,0.493927435335836,0.517385144360333,0.50066366858069,0.548002091587521,0.423061160955793,0.355823573277186,0.482601631827638,0.438948482709951,0.395251382604324,0.457711963060514,0.317954827882189,0.35497494283073,0.341567326960932,0.36761805686905,0.281928083450575
"SW3407",3,2113090,3,9,0.556402675604586,0.508192631466289,0.473551298195119,0.344263606788007,0.362554797288894,0.464258367856312,0.46171497678875,0.510485335247753,0.494880579891531,0.517131162299043,0.519251417434444,0.547271891490637,0.412046294311582,0.363681770993259,0.472925802517334,0.436662100267065,0.401905981739474,0.466233486048077,0.344932850729746,0.393615808606321,0.360376078076693,0.367240565043222,0.289128230477711
"NY2003",3,2113100,3,10,0.53991658025465,0.491603858945816,0.461044847110046,0.29022905126176,0.319772275999007,0.35340788366709,0.372572934028569,0.435279046169457,0.4848462922403,0.499672320988184,0.49835541301867,0.541586415423404,0.389910205542418,0.257438698074308,0.452945495050758,0.394574425394717,0.395235465594412,0.43072010574665,0.291679760416408,0.347113924633737,0.323191124840383,0.371080217724818,0.26262345011534
"ALGONQUIN",3,2113110,3,11,0.514041709386302,0.503565062388592,0.460794783206952,0.299609455142296,0.340499328585702,0.381055832918824,0.384879516194395,0.445318838006528,0.490094649561952,0.516299455208624,0.499158398299079,0.542440280404891,0.386912964040379,0.251952303665687,0.475242473384888,0.432075359430999,0.400523249099747,0.446067700712126,0.338163287914036,0.380185941848759,0.367162035148699,0.384779858352773,0.299306946098277
"LIGHTNING_BOLT",3,2113120,3,12,0.540123783664011,0.484348293555455,0.447685734844396,0.315193147513116,0.358922501347262,0.456121540379384,0.45242626296182,0.497403718161559,0.498581038798498,0.519196242842744,0.491243961352657,0.539323908616032,0.294082815322902,0.264629410302525,0.466921313980138,0.436146235487844,0.377184425958936,0.45141091925991,0.317350541749267,0.391203056905144,0.364103873686948,0.377039488893092,0.297016616601392
"BORDER",1,2113121,3,13,0.539567708587617,0.491687425958526,0.443554895964502,0.30359374542044,0.357132275378506,0.466694675672639,0.450424910370469,0.493446294804071,0.50952766478932,0.520197791794443,0.486235511607588,0.54895294244027,0.457157061224181,0.353736310333231,0.440204790049991,0.413898598253698,0.387410665854777,0.460494900531583,0.354541503694046,0.40513897866839,0.36566942725236,0.382354838709677,0.317494961785619
"BORDER",1,2113122,3,14,0.551107580873121,0.47857124404439,0.442357179226845,0.32197602508866,0.368575762757534,0.477491224101288,0.455372850262035,0.511623690572119,0.511174775761368,0.520683808339231,0.472456071800701,0.543619955982867,0.486513501970503,0.341590413943355,0.455689580457382,0.427890323384117,0.390469531378498,0.463887949222836,0.344640437661375,0.412407556873223,0.36152251916745,0.346319694008364,0.432391173381117
"BORDER",1,2113123,3,15,0.53727004943585,0.485604519690436,0.431364173434439,0.34599988276327,0.369491886944651,0.461813721642805,0.440651274628448,0.506244447435725,0.507812239257405,0.516132615641955,0.468557329223523,0.5405322489937,0.556684069036105,0.359810355163691,0.457220007929086,0.428877219201018,0.393823476918878,0.474448021331252,0.367940522324429,0.434933030284074,0.387936181406539,0.348109408822479,0.433471588473446
"VERNAL",3,2113130,3,16,0.528654600977224,0.495638149858099,0.460048719793728,0.350928221811894,0.316398380176595,0.354016291392155,0.3585172542785,0.455657176112454,0.492908974760117,0.510275096412973,0.460408970351426,0.524713088149881,0.561232277918976,0.368068897954409,0.414717572302712,0.413129505860213,0.398047176135411,0.484232822814034,0.366685280515219,0.440030999993049,0.412448377066299,0.453573965491877,0.37016958819727
"ALGONQUIN",3,2113140,3,17,0.506565243111033,0.5051828724463,0.462367931882233,0.350087634455875,0.323177406511128,0.365377695080538,0.361599527534558,0.451852948654672,0.492315394242804,0.509421629388175,0.459873630844573,0.528878283508054,0.539820135697425,0.355359623342253,0.439578000259115,0.431903358379343,0.383850239807658,0.487543589243326,0.347824493782187,0.463267776465712,0.4019353656446,0.467702298123551,0.349208968655335
"REGEN",3,2113150,3,18,0.559037254086457,0.50635794062904,0.460562901001379,0.351399513467569,0.339127855158977,0.410743323323692,0.40367695876651,0.492620660773844,0.498760429703796,0.514364661741474,0.468361484086388,0.517449986489131,0.517344236450967,0.376580152894491,0.456313689750222,0.442999155907952,0.402485643195347,0.480356634227005,0.381313353966822,0.435497690537316,0.40442556763435,0.457144423360742,0.362615562061929
"WL_349HQ",3,2113160,3,19,0.583616281717601,0.501898045120551,0.440717968139822,0.358279990621062,0.392663700988347,0.498052725631436,0.467987509009196,0.54973238579543,0.510454604714226,0.521446677103215,0.483069308044503,0.514460348558055,0.510858697982056,0.3410966678338,0.482146244994542,0.445500435883598,0.394083281715328,0.473641356951649,0.342275365890236,0.41962539358175,0.353268072378183,0.415582666078221,0.314707946336429
"WL_349HQ",3,2113170,3,20,0.596028781594445,0.494393396043384,0.435764226179769,0.362039332923005,0.396838598018489,0.505023550290771,0.469052183671561,0.553874605524895,0.513940602836879,0.524469293048973,0.478825808705125,0.507542511042445,0.505520893938002,0.323684056956116,0.476620393488465,0.447092131003778,0.375351935646053,0.488256684491979,0.325350629894142,0.434970216374391,0.364688503076841,0.405124850003256,0.330184797901061
"SW3407",3,2113180,3,21,0.601154337748634,0.496707053484547,0.451147838340229,0.348793634045546,0.374572892053227,0.505487494089399,0.460535030201404,0.551014642317644,0.50966598873592,0.523777315519719,0.47980908929837,0.505487587082988,0.515767115355413,0.35188054388422,0.468362528424448,0.450222784950254,0.381787025433811,0.486417065001788,0.357129819912899,0.438767029284622,0.381295288088102,0.404634007944014,0.352088926068165
"N-R-GEE",3,2113190,3,22,0.582520564888153,0.46485079758737,0.425325077399381,0.349712183827193,0.362629529659965,0.466579561736004,0.420624536327789,0.529349240457218,0.495898779724656,0.507483433767236,0.455648024104972,0.493291912317618,0.500354951975585,0.353554561272682,0.453114217510502,0.427873441543166,0.374866545583073,0.474030606824387,0.335720578250132,0.435843002602686,0.368643293313708,0.411703563145688,0.295299694538449
"NY0651",3,2113200,3,23,0.558186083601544,0.481137031009154,0.440230407147569,0.352796096016882,0.3592318534179,0.449642731278211,0.394786516385867,0.507856149324718,0.497814325198164,0.511367147569928,0.444169324356249,0.492018958700223,0.499842322461882,0.349822198827331,0.452123177819772,0.445041720287268,0.368995741077084,0.470829137425671,0.332926120639827,0.439780080766798,0.392610743154998,0.409211693251792,0.328927585933159
"SW4107",3,2113210,3,24,0.586471802537014,0.45645371016215,0.414091365048585,0.360695946540051,0.380254870935716,0.512673921307005,0.443258535093478,0.533261991295374,0.49730274822695,0.511573416825717,0.451049254913989,0.491389700362781,0.498832915192946,0.333666564314018,0.465943974612705,0.441836799645758,0.372923579688286,0.457438168633954,0.337507507711182,0.422825424360542,0.359734700030148,0.389127209297438,0.313608605206789
"HI-GEST_360",3,2113220,3,25,0.56415681767823,0.460522604615844,0.438908676620495,0.36668439872212,0.372276458151971,0.48239049171195,0.432168890343631,0.525318590145343,0.511918674384647,0.526268469473097,0.463763583746752,0.501155112383336,0.518918998406719,0.346247751897179,0.469632042077863,0.457239403877288,0.379071575801479,0.473702337983286,0.3334909858482,0.448022012775333,0.386994981290677,0.396202845554084,0.310121170640202
"LIGHTNING_BOLT",3,2113230,3,26,0.564877514495577,0.464991407190896,0.442289526031618,0.368979307717108,0.369424111092019,0.475415862137735,0.432431257601251,0.517310767925058,0.497234106735984,0.514862216122322,0.459941271194468,0.486971794895687,0.502739615789884,0.363832083168838,0.457481486189166,0.440729793681763,0.390934181448717,0.467275003407586,0.354455637612051,0.422352622263327,0.373861686972045,0.399419776512756,0.321538715033525
"WL_358LH",3,2113240,3,27,0.503048666118397,0.453234820498248,0.417683036517359,0.370373252439989,0.372451861294201,0.44716889887806,0.409842455107126,0.498467185961142,0.493217433249896,0.507650020908837,0.441534963382944,0.484665535566466,0.495514488981433,0.300385284613473,0.440475073602009,0.43347641385418,0.368557460464107,0.464859770321718,0.322892859881893,0.423180661842901,0.370082817570803,0.389690855977975,0.293831610700961
"SW4602Z",3,2113250,3,28,0.50930408059183,0.476597313136244,0.446875276311738,0.35915105952695,0.35998541821792,0.412353463151625,0.391022892954412,0.478487181782911,0.480556033583646,0.498242656887764,0.43441468911773,0.471560862583589,0.485679650756872,0.288986562559401,0.416240988686809,0.420960604425256,0.352173481928384,0.466950866582122,0.32236036987078,0.415778757763542,0.386839986522194,0.421133598133787,0.32729509083045
"SEEDWAY_9558_SBR",3,2113260,3,29,0.501246528620726,0.478331112857967,0.451439707381424,0.372969459831765,0.354809984247399,0.374597004476705,0.362377126261209,0.454473310300474,0.474230809345015,0.491803154911254,0.4293944897236,0.464197462004042,0.484914644542865,0.344187685514176,0.410684316257072,0.440399767528748,0.370495217897975,0.478409390953728,0.373595261859533,0.413691605674528,0.387246553865575,0.419549629069205,0.302181071523632
"PERSIST_III",3,2113270,3,30,0.571698637544406,0.488722593274705,0.432995318646146,0.380696093085964,0.370464005749979,0.414456032785927,0.403582935145016,0.496084847942221,0.493689377346683,0.50998334441323,0.45912408978621,0.491671563888204,0.503187040042462,0.351920135690369,0.44667536339363,0.463670278273624,0.385369042494742,0.478771477344054,0.35948872957846,0.432872326666277,0.397372773649707,0.406753320683112,0.311720090751233
"LANDER",3,2113280,3,31,0.554060086653572,0.481882520245692,0.418031420519278,0.378938714499253,0.369340122652436,0.426948049449746,0.40225218351213,0.497783746679798,0.483632926574885,0.501607514314512,0.461442977793527,0.482175850072161,0.496506327072106,0.328790922782237,0.441143411112451,0.451578037001674,0.398058929681695,0.471644007135813,0.364353952503789,0.447851114153247,0.408412988348791,0.409769245318706,0.318427435103596
"SW315_LH",3,2113290,3,32,0.507783688754071,0.487185357978197,0.424849343407088,0.371824056977051,0.349161329436637,0.333942760056695,0.316119709675073,0.420560266822213,0.466893512724239,0.485913251556547,0.433091047409302,0.472797988031822,0.492352378541086,0.326959395242064,0.385717355316876,0.43505197090304,0.359109546952684,0.470145903479237,0.342036324887771,0.445430976360768,0.416122648034191,0.422628759479122,0.327180754654803
"NY1614",3,2113300,3,33,0.5340417594606,0.489910700857735,0.450986476117034,0.379758638881562,0.361068280606628,0.390075578147435,0.368154194580885,0.469642821914773,0.473775292031706,0.497181274259613,0.441667472879379,0.481789056506493,0.485310193832869,0.324956792560425,0.429242595496465,0.458590504656344,0.377345749650922,0.469877930608396,0.357142631063725,0.446914423337573,0.426767631984962,0.438057919845323,0.344612348615917
"NY1615",3,2113310,3,34,0.517387423589751,0.489371365586199,0.441072584997302,0.396081655382631,0.385798045433818,0.40355234796706,0.364636132672465,0.470489672604358,0.474451397580309,0.495644282594554,0.440092622193805,0.477852552558245,0.481506838980302,0.360303841148689,0.430989088883826,0.445213306211687,0.385373941830882,0.458690469222515,0.390049506392595,0.4049682436938,0.380820372767738,0.410512966476913,0.299971228310329
"PLUSS_III",3,2113320,3,35,0.56395614493004,0.482349004599644,0.436698147148768,0.386450364899323,0.381317479523455,0.473724231314825,0.426758519182074,0.509304975994975,0.494538355235711,0.510270849863824,0.468116049632704,0.495412050453002,0.506884994770048,0.347554563492063,0.460107339054707,0.461021351377531,0.390120393232172,0.465104452843864,0.346418944225524,0.445651312634235,0.391083840228886,0.377891208096142,0.283448821147892
"NY0465",3,2113330,3,36,0.552325283058164,0.48858872490586,0.451225939917251,0.382296227908204,0.367325918210836,0.393251321825316,0.361929775229704,0.469131823201122,0.48252920317063,0.499833745702072,0.457147212749834,0.481346481147079,0.494928737113732,0.372069911297852,0.424566317755172,0.448222425173316,0.404008993910955,0.46515985511979,0.393128249416527,0.427436036449319,0.413920666916819,0.435993527100015,0.33519943724096
"ONEIDA_ULTRA",3,2113340,3,37,0.555344528315853,0.484405619955492,0.428068978926429,0.381870072393681,0.357899887275585,0.399254650184534,0.369781458367938,0.467859589297199,0.482499869628703,0.500837497230026,0.44628080951256,0.479243837399607,0.49289671492555,0.364878764005602,0.43935505055549,0.449363333194958,0.384172904571431,0.456817611289955,0.344676476993811,0.44900031973087,0.418392712526675,0.409976672340962,0.320495582848524
"GUARDSMAN_II",3,2113350,3,38,0.583413158589731,0.478207631600358,0.417516715907324,0.386961956681028,0.372618973593666,0.436916846287528,0.405153617181712,0.50216060184562,0.486072303921569,0.504729471810598,0.447249455337691,0.477337302733544,0.487077170795439,0.341973330999066,0.444733789315833,0.448145073131582,0.374461580455848,0.45006822098657,0.353383085814363,0.442424258568165,0.413087540714205,0.40557699178278,0.329296810636019
"SW4412Y",3,2113360,3,39,0.578568565347245,0.480437181460199,0.439484319721772,0.382770743573962,0.387447515926202,0.478698689270858,0.429900463704271,0.513810248604769,0.497511863788068,0.513065119412694,0.470022161475032,0.483461450967754,0.507716551706322,0.357206942433946,0.463318575702477,0.448797929898847,0.397523875514868,0.439158518236207,0.382159704897374,0.420357125480465,0.387097838230861,0.396038794012229,0.329457997936017
"AMERISTAND_427_TQ",3,2113370,3,40,0.559563818488972,0.48207024575311,0.443874647718415,0.383161874615317,0.392588763835344,0.478824729797735,0.43419471491302,0.506354825683134,0.501020025031289,0.515252228488916,0.475120624940798,0.480677903982756,0.498135503059969,0.339437206649998,0.454515373400822,0.440402950170894,0.370981052353601,0.43499637929832,0.336886547410351,0.439665742227412,0.407963728150289,0.374790996784566,0.306934103958325
"ONEIDA_VR",3,2113380,3,41,0.5358480645658,0.480627736382212,0.441122204233375,0.371860546909347,0.365247848366863,0.399094324175004,0.370077776738676,0.470696073488155,0.479999087400918,0.498030213270142,0.459669412945901,0.467975560497993,0.48842233926366,0.390634147767981,0.422595704948646,0.435796559978967,0.370413608955986,0.456745813416577,0.389885847735827,0.435273391644809,0.431068234348307,0.44298573019776,0.363885825823542
"SEEDWAY_9558",3,2113390,3,42,0.515560963579711,0.475508464255267,0.450182175186977,0.392287874791172,0.373295172499379,0.386981968048188,0.361066158344473,0.456815441549527,0.482688256153525,0.506649510697462,0.455654339030298,0.472133229701807,0.490900647671903,0.379264815545905,0.423839902787271,0.438026346741943,0.369533968147316,0.448998016453679,0.368481705299822,0.41559733317742,0.403728311677734,0.414122270558813,0.31200916028176
"SW5606",3,2113400,3,43,0.534683336400384,0.491431399669135,0.451117257300474,0.38656965327237,0.393859465033371,0.486387823737909,0.438278514167584,0.502927267016646,0.500839330413016,0.516098062447728,0.46931785967399,0.478869776961949,0.501798770897429,0.381769238642511,0.451413314206683,0.442714793750951,0.378390428096993,0.465690152669119,0.376792524919572,0.396129518805041,0.383598574190002,0.391919671094244,0.30458617131063
"55V50",3,2113410,3,44,0.560058111222526,0.477781960390656,0.435894617190889,0.368033646941587,0.36692611379995,0.439578612528632,0.420054686070378,0.498193362580953,0.496619472256988,0.51472010751074,0.468521149737404,0.469626958098741,0.495924942074696,0.366222309953064,0.422716178443733,0.427468969239072,0.375967543712642,0.47154102408174,0.344285058656231,0.417140528668043,0.41002429551863,0.412709370993842,0.322031382688822
"EZRA",3,2113420,3,45,0.547660549060256,0.487991905792417,0.443502878215506,0.380224801430288,0.369619113501637,0.402798247391659,0.391579859051325,0.48030903990211,0.492584350229453,0.508698934185413,0.469888672336404,0.465954162434814,0.499527596083964,0.380562500913863,0.421685526948685,0.442818936634287,0.393036134512864,0.471900442331815,0.373722219584632,0.408729826981423,0.409601754479302,0.435158513355266,0.323523454630721
"FSG_415BR",3,2113430,3,46,0.568698713448972,0.470926534865154,0.432386070636206,0.381924440927343,0.375376566765947,0.422152779057129,0.415125419537184,0.492595384454316,0.494126381935753,0.514981182046278,0.474420793545545,0.465420521651828,0.504952470097208,0.360628737699405,0.424773460686773,0.436670402811795,0.383097150336129,0.456352876142165,0.364082644552074,0.436025846138582,0.418559529931961,0.422372906290062,0.328764591809575
"FSG_421LH",3,2113440,3,47,0.503223685737532,0.47606967248911,0.444714937755541,0.369493244233418,0.371262643535215,0.382724906931613,0.381407925186179,0.439775270838929,0.469639001877347,0.492404194634471,0.441403850696905,0.43255325333485,0.466431642228536,0.353596964512874,0.377155306567071,0.400114298365782,0.36607727652903,0.45442810837728,0.354912435784106,0.376322017640803,0.374287893028782,0.417733291165929,0.297914344685243
"NY2003",3,2113450,3,48,0.534774140004404,0.481466853055821,0.447169800032904,0.368061930302764,0.377650495446475,0.366708834071263,0.35203420632627,0.441579523226364,0.470975046933667,0.499272982297184,0.433732226116426,0.454293684602757,0.468845372610262,0.343013261978915,0.378389080246665,0.425133878533771,0.360199849170437,0.468651632444355,0.320551874233686,0.439360245786003,0.410168968937523,0.446119622554274,0.315183340304448
"ALFABAR",3,2113460,3,49,0.564280691321222,0.491009227582118,0.444280146309288,0.368438846390574,0.368862185466153,0.411904597016579,0.409996519785809,0.486889068365714,0.494229896745932,0.5224202783556,0.474930900070872,0.489588349036037,0.502962101029897,0.364657776608033,0.421844632281065,0.455187153195788,0.400361607062849,0.477128215133483,0.31817412464044,0.446329871899132,0.433222200547388,0.42494882626148,0.349267779509994
"NY1517",3,2113470,3,50,0.538666225040101,0.489568563481607,0.425269233075493,0.364138016940708,0.376118453710598,0.3856098345468,0.347599026362002,0.444960903691766,0.483991186900292,0.506440357541121,0.448819935918544,0.480987877489028,0.486358186065004,0.354006521325905,0.388200894392845,0.450351059266332,0.384144488421819,0.486319903749228,0.334967433301004,0.438583529553504,0.399921852370734,0.42128596347435,0.345732664106366
"SW5210",3,2113480,3,51,0.549511963375659,0.492602742090172,0.439856119714252,0.334138310032533,0.375090619053529,0.440067887474439,0.422542032814201,0.490793565523622,0.500263480392157,0.514317514100062,0.463241052445074,0.497760390008404,0.497656576946239,0.375602491555906,0.433159100960959,0.467740877578978,0.402956259426848,0.474508615567439,0.345217627280797,0.44168295138272,0.40310616136717,0.381508749736454,0.293721362229102
"NY2003",4,2114010,4,1,0.571565522264189,0.497868466666421,0.419054456260002,0.341839883935637,0.294843633655994,0.394118108745735,0.370945426395253,0.438872922075984,0.48451602965245,0.482344077259048,0.447659944278302,0.472373533604793,0.507966661296056,0.385145267652176,0.522786913808586,0.505223961144091,0.462582118317412,0.504935973726141,0.418909861496388,0.488580669432456,0.481034698406881,0.420645398566715,0.324346933343473
"LIGHTNING_BOLT",4,2114020,4,2,0.590405411932825,0.499176763371137,0.416508730688668,0.314519475951816,0.319269732205779,0.470958815988526,0.43903495242389,0.502533614513692,0.497764523362537,0.499487443081498,0.437059709425939,0.471199282162107,0.517562813248937,0.3209970610168,0.537686015394994,0.514323688543872,0.460985816421875,0.508952003697102,0.435733067173229,0.482694001066587,0.467392221887248,0.404062829432848,0.313068756449948
"ALGONQUIN",4,2114030,4,3,0.567686108899842,0.495879634242806,0.405703064100258,0.332669480348193,0.321986560974601,0.418602596834982,0.359397106339548,0.443805025815501,0.490170004171882,0.488912526002016,0.461215081845943,0.468227715607073,0.519660920068183,0.369553888669562,0.508982111134313,0.482867975701219,0.454985917589985,0.500474569377663,0.416849074846511,0.487140737188176,0.481280391565731,0.420883088497993,0.308624282292102
"SW5210",4,2114040,4,4,0.577491849668811,0.485295350379558,0.409677699826108,0.320686127963891,0.357691701823029,0.48047910789777,0.408173711181181,0.473771003073985,0.491455856278682,0.495076113976396,0.459423429010158,0.47403120862742,0.53210960137283,0.343477504349988,0.508160776272231,0.48889437779346,0.457873198181646,0.481352180535812,0.443554404659325,0.458995558521175,0.458368239668493,0.413013261038606,0.326655639631418
"NY2003",4,2114050,4,5,0.555621423154155,0.504666934845963,0.405959827103992,0.329434332776459,0.343244808471912,0.398711796024392,0.334911858225007,0.422790415937542,0.477190107425949,0.47812656816281,0.4764615669134,0.462800705199901,0.518185661745015,0.397103466386555,0.475701583131924,0.4395219117993,0.424930730126809,0.439398822879069,0.38754806470483,0.441829426743161,0.410172078478663,0.396443267553538,0.274740611176597
"SW5210",4,2114060,4,6,0.562987082083041,0.473997187807929,0.41205511904653,0.330823441484217,0.391384000746176,0.493776213899277,0.414267691747938,0.479281344196735,0.483865508969545,0.494450010454419,0.475230923694779,0.467818662392884,0.532925942370702,0.337982755602241,0.498306818740255,0.486528290921167,0.435015135449147,0.474940981367671,0.430604716769751,0.445938906872047,0.442544822571778,0.381440016866962,0.302482972136223
"ALGONQUIN",4,2114070,4,7,0.533875991443481,0.503085036353281,0.418552347544522,0.357813534980509,0.363469791925209,0.422398260901605,0.351090525175679,0.432368311099173,0.478026569670421,0.491143230897901,0.453448325116413,0.461170720302301,0.533573999049408,0.385802550186741,0.481338670502757,0.455980307834143,0.43584335231667,0.447827155327776,0.408024151280098,0.440039167031577,0.425710737046636,0.416473440886554,0.281999315563329
"SW3407",4,2114080,4,8,0.544843786968915,0.492307682844767,0.410866162978953,0.327607344881151,0.397872232931227,0.498552747124531,0.410431311772039,0.497244650487896,0.48498618064247,0.496633284009922,0.479072761634774,0.449565788615462,0.520689126048228,0.328079773576097,0.498714999024597,0.471279283767141,0.4369493933572,0.463097634275415,0.409946967292664,0.420153337583035,0.403290239822188,0.385589391169115,0.29847915636843
"LIGHTNING_BOLT",4,2114090,4,9,0.546738097652392,0.48855814675927,0.407251761116346,0.332986019519916,0.387118391660462,0.475253285958882,0.392954543656914,0.495963828453756,0.480178478306216,0.491244714710529,0.47011807406806,0.450769525146395,0.529805993089814,0.361441271512334,0.479615741959695,0.454724147951347,0.421923076923077,0.458163301141352,0.383703763991472,0.418628319814278,0.387660004610828,0.370945926066032,0.269116696452337
"SW3407",4,2114100,4,10,0.556719782977994,0.486464326617779,0.417122983750075,0.328738679328234,0.404089717282262,0.509365472898209,0.40946816193356,0.535613287267615,0.486250260742595,0.496750659432566,0.443028880226789,0.453242434582599,0.525345469725661,0.363022766153441,0.490802019904187,0.466293882408292,0.433452667163599,0.475640490358664,0.415233061209418,0.435220590449969,0.395816796420106,0.371998102466793,0.260214082718107
"N-R-GEE",4,2114110,4,11,0.526240835778276,0.483861388209214,0.416477021534784,0.346568920542806,0.385954291946084,0.470089921220823,0.380624562752563,0.511610206248785,0.481730809345015,0.484520490660719,0.459314169508383,0.445595149284083,0.516885838723125,0.348820312614233,0.472034512901386,0.437062698050286,0.423435204529786,0.453025583467439,0.389495760639472,0.424704075178458,0.394220740451743,0.408125380913351,0.283723636513429
"N-R-GEE",4,2114120,4,12,0.535271220815165,0.495281346538364,0.392274420065509,0.33006360092617,0.383119001820137,0.473259709660491,0.397576032139054,0.521646670844898,0.474744081143096,0.48282901932191,0.468749020357808,0.444384308670294,0.514984003253055,0.227268207805121,0.475340311563222,0.45083841864198,0.406467431238825,0.476675055223033,0.382813464368798,0.447416783090407,0.41025554629449,0.379312359456108,0.286398468889818
"BORDER",1,2114121,4,13,0.552369822101026,0.50246754666192,0.401003477843737,0.345024912805182,0.386503026157609,0.481484927199818,0.404343280945564,0.524317913282781,0.483895624739257,0.493354474491218,0.479328437292792,0.452649217456664,0.527053140096618,0.324301004518138,0.469417453318382,0.447186682718253,0.409227138148707,0.482643254316652,0.40906814833213,0.443571671844917,0.425467100651268,0.390157829476914,0.286985183213557
"BORDER",1,2114122,4,14,0.545509931265593,0.490464503763736,0.380120974995503,0.358015035610657,0.387889235335484,0.474176046867228,0.401099629040805,0.504244477348529,0.484467824363788,0.497453482304333,0.46884111609838,0.456949947236387,0.525201973032836,0.378446140574052,0.470883685744367,0.445705647114174,0.407176407596771,0.473867264982278,0.398734258298423,0.426595938818285,0.408043649175076,0.358116382036686,0.401182630785108
"BORDER",1,2114123,4,15,0.552074860721395,0.488649495810621,0.406936949091563,0.354961018787186,0.397089266467686,0.482584298987368,0.413231545102796,0.514192885574631,0.480527221526909,0.490191074607021,0.466664742587856,0.441952646732699,0.527477759316073,0.412056410931263,0.47005029824864,0.444233467557806,0.394166290467642,0.473286910768897,0.396337668777492,0.449301411806506,0.422185532639345,0.36439358594456,0.407817661001052
"FSG_415BR",4,2114130,4,16,0.550125373522965,0.512108418246526,0.424354092565933,0.367410240628389,0.385917980061223,0.450879988700773,0.385028251386805,0.484272595384454,0.481397189194827,0.491447414273766,0.467435531106686,0.441685045872484,0.519362201643407,0.427104736003275,0.461469627723498,0.438689443314376,0.40794868295346,0.476119077089334,0.403091479708687,0.453342056425548,0.443991322184587,0.437126915074712,0.35353667202175
"ONEIDA_ULTRA",4,2114140,4,17,0.545559849426587,0.496889322810729,0.42262307369431,0.366529499692254,0.375045729179621,0.441430090598362,0.383389055145111,0.483990068949014,0.479659600542345,0.492513135038923,0.464965336980203,0.447764813305277,0.503127200906391,0.385023468000175,0.449843265323141,0.436856518189492,0.390127995642702,0.473415796832829,0.385754501202276,0.460223047035191,0.435994845330354,0.470778849589139,0.330824999683131
"SW3407",4,2114150,4,18,0.556293775889977,0.499735388226437,0.406907117587096,0.356417978252587,0.397175813890957,0.492234733937528,0.409406465288818,0.511438654609485,0.48430120984564,0.495061303549856,0.458128611551716,0.455233675919283,0.490033874265366,0.390466435642117,0.473319216043674,0.443938727219893,0.402534076632616,0.47010529054076,0.391878963411425,0.447119201799272,0.415323083107225,0.433782863627766,0.327075208382948
"PERSIST_III",4,2114160,4,19,0.562513629597916,0.47427250214974,0.417212778077592,0.363818546850728,0.390413617390362,0.471851102893084,0.398850753868055,0.510376901332615,0.484552565707134,0.497709249211898,0.463165435256228,0.458380883774715,0.493686208016531,0.3628775716103,0.462595287982285,0.446448032988778,0.40165737542563,0.468280948200176,0.38665250153736,0.46240503645627,0.436914410020867,0.466270082226439,0.343280099370065
"SW5210",4,2114170,4,20,0.555210635692473,0.50227140482895,0.403967502526745,0.370423810779917,0.385108355050881,0.467847507890999,0.390950968170699,0.508853523144418,0.484453744263663,0.488463403726419,0.453697066510674,0.453097871494551,0.465238084277666,0.351949086868155,0.467280868204667,0.436514689017809,0.389476645914479,0.456403036566154,0.395005459811043,0.431347179070139,0.41024925027124,0.421393230741245,0.334531919385401
"SW4602Z",4,2114180,4,21,0.554993736305028,0.46460439248163,0.418414133237393,0.361390867258712,0.376578788160834,0.448370629941012,0.3826809969772,0.499819589936431,0.479758943471005,0.479872616928653,0.44214872241167,0.454408491696627,0.443170072954153,0.316947697796494,0.440098910377548,0.420477811449209,0.37221740828767,0.447430151111535,0.370357709938966,0.453832426270756,0.401167130705161,0.41996112056827,0.309304663041687
"NY1614",4,2114190,4,22,0.549031777666117,0.491969733951672,0.435417041434311,0.396167531287552,0.378138861252746,0.444364510602237,0.364674244042111,0.474823888365415,0.478224212557363,0.484628680491519,0.452548133711316,0.457401123517406,0.4417530439853,0.372541433239963,0.452919583569738,0.438390136576861,0.397004545884033,0.45723916365883,0.418702622291855,0.428006993224315,0.418106486489682,0.440634260134922,0.340263110264349
"AMERISTAND_427_TQ",4,2114200,4,23,0.560839517046221,0.476783054020906,0.424846023840505,0.350937307658489,0.407165110242409,0.503578753768968,0.412415795953987,0.516955113856806,0.484489074885273,0.494131295883282,0.436576498554333,0.469610949084212,0.465393880165261,0.377358339169001,0.474958489509573,0.440385929954198,0.404059729906598,0.435934705557181,0.379428607601233,0.435852430302146,0.391233278358072,0.400625975121231,0.294227663916245
"WL_358LH",4,2114210,4,24,0.528755096113373,0.469714684292689,0.415567847934281,0.332676514552009,0.39683561849687,0.459604803399593,0.393056672941385,0.476525502133882,0.482155428660826,0.488850335613648,0.456878838884952,0.458309163175422,0.440089669391963,0.308145570728291,0.448756323369326,0.426513623092144,0.373658649253026,0.426840903565495,0.351978682245026,0.436329246338734,0.382259305892993,0.395549881260114,0.272682358011078
"55V50",4,2114220,4,25,0.56249022179816,0.475966829419515,0.426093584689357,0.386128550074738,0.400836254860594,0.471808582499708,0.399686734300876,0.481734493950135,0.480445348352107,0.48802562494192,0.443002235784276,0.45635197212102,0.453490828918762,0.344617909663866,0.448155147226355,0.432232831029377,0.398915423719345,0.44134274259516,0.382299739819299,0.436634515237966,0.406690075487536,0.422416619380871,0.327329718652167
"VERNAL",4,2114230,4,26,0.491077010514351,0.470506293933404,0.430701265215566,0.415135848061198,0.367791606478337,0.386956577710836,0.329820521213255,0.382726445220402,0.47241186900292,0.471909816788545,0.441193450271675,0.444039443441238,0.441262604209395,0.343018087175213,0.409058526945274,0.414540246585578,0.389748584521343,0.421081130296231,0.367629839129625,0.439214623230696,0.409850519647111,0.446898051825232,0.299359911089942
"SEEDWAY_9558_SBR",4,2114240,4,27,0.549589954094387,0.477132319041033,0.432275766141697,0.417571148040681,0.390725702200712,0.444451061956845,0.394193447178522,0.435169979509729,0.479187526074259,0.488501881795372,0.456604584936497,0.452300114373819,0.436980617211016,0.338854088988317,0.435935501260579,0.423489697925748,0.383629778165059,0.431360582707378,0.389647233658058,0.436364694761279,0.402280350186502,0.426934640522876,0.323757684069103
"NY0651",4,2114250,4,28,0.540621146626307,0.485225289061606,0.440176440606824,0.388654415428354,0.389815088297475,0.460512072343261,0.402227655104001,0.43524670585244,0.482906106591573,0.488459179515773,0.445250265768958,0.455124293010634,0.452388844658113,0.363444605284321,0.452626962534083,0.433112208892025,0.412129356472198,0.428265360271125,0.408349705230491,0.419750853194876,0.394064799872316,0.416374545530967,0.30369380331318
"NY2003",4,2114260,4,29,0.524618778112024,0.463148597163942,0.43916888478296,0.39739118965972,0.370986002523372,0.402244721764383,0.360903621581377,0.390342614975975,0.478840999165624,0.476714669872688,0.458858562211788,0.436272614105262,0.433938895553091,0.331561755201708,0.409628200030677,0.406829258167628,0.378125384056757,0.418663918713781,0.348698549900825,0.45288001056502,0.402901275071379,0.419608053296345,0.284461633918273
"NY0465",4,2114270,4,30,0.529072010595721,0.478964286636921,0.4365434430653,0.387715056127085,0.373757150851884,0.420090056066272,0.361143144900827,0.383264546558646,0.484597804547351,0.488708512934886,0.439488985353177,0.447044225578716,0.443342233202137,0.339777894752233,0.428383644792314,0.426751352622912,0.389732811204082,0.433393034825871,0.379063908290731,0.453358775515266,0.423529293538338,0.447839144232184,0.307694339922204
"NY1615",4,2114280,4,31,0.552561026330102,0.484804567413263,0.439016159980812,0.412734693279404,0.384754953778552,0.434257689922195,0.366687838357389,0.392907973257953,0.484640305590321,0.483126532421208,0.441211548025007,0.437681118209449,0.428181779316831,0.345544004328055,0.432647274752538,0.421240953685638,0.392358965663183,0.430372451468149,0.402705458285776,0.432385435563804,0.402645787890073,0.42884229390681,0.311440992686667
"EZRA",4,2114290,4,32,0.577082426270079,0.480189495639825,0.431705042873418,0.398799202790234,0.368858587738893,0.440025361851599,0.377909813566611,0.421127077924016,0.490448216520651,0.495646896199238,0.455147199442026,0.44716349394185,0.442035525818865,0.35907356231083,0.441516634435839,0.42736356583918,0.401151204011856,0.423877207699222,0.392169372457081,0.450859867841256,0.422763248601621,0.441807051216459,0.312839524950252
"WL_349HQ",4,2114300,4,33,0.583231113093412,0.503717235686545,0.444670804101457,0.355017878601366,0.402168629364252,0.504227384658843,0.432057560774941,0.478839532761999,0.49591442428035,0.50078474262472,0.47143956616463,0.454676374915657,0.444622100829376,0.329943121170914,0.463751178302262,0.43422198237093,0.400989749176024,0.412430576059829,0.370706323960846,0.459986202917892,0.409734640916964,0.417367967551436,0.302887815759788
"ALFABAR",4,2114310,4,34,0.587862044392252,0.524352402357517,0.449033981199042,0.416111257657024,0.375595164226028,0.453767903833694,0.390808010141828,0.45672307279076,0.493240508969545,0.497281705928817,0.467192092365728,0.462816186738956,0.446565209200104,0.372696846076238,0.449361967009026,0.432568668963704,0.41040129062512,0.42660682549324,0.386632995947908,0.451183256351244,0.406340598343649,0.449512220751109,0.313231037151703
"WL_349HQ",4,2114320,4,35,0.612871783387188,0.513500146695168,0.413088685015291,0.338887716521586,0.405482060688969,0.517936998204038,0.443768379105749,0.511107678992449,0.504791405924072,0.503825638166313,0.459195912664583,0.46797939514789,0.448395443549622,0.338839028527145,0.475946253036036,0.441199164210497,0.400138962988697,0.435046727148571,0.373474738294565,0.462840193814246,0.407395177546448,0.430219826408591,0.301797660240567
"SW5606",4,2114330,4,36,0.590364578443265,0.514597687999222,0.408857558313845,0.366028605762185,0.40084220133201,0.506169368304578,0.439145159206617,0.499227053140097,0.495984694409679,0.502733394898244,0.46208437859749,0.474670938307647,0.451704330873422,0.336667397757015,0.466147245713809,0.432888455311553,0.398524459935679,0.448454589796117,0.381152307666362,0.450365952832746,0.396278352160882,0.423853468269028,0.299250795340761
"SW4412Y",4,2114340,4,37,0.599402738813715,0.485625352869678,0.412710619415962,0.378515782994812,0.396289977407453,0.494388965067229,0.425256006516349,0.476049628891104,0.495822773258239,0.498339445147363,0.450431437671687,0.478026046471178,0.454404943956438,0.37676404790104,0.465128817385883,0.437154856296788,0.4101104686889,0.461581910961373,0.391550367793068,0.435277262269672,0.391444667104104,0.420148792636026,0.298157090890655
"LIGHTNING_BOLT",4,2114350,4,38,0.591870062204796,0.478510965211732,0.4155902544084,0.387999648289809,0.39210153470671,0.472518240480401,0.417305854754596,0.464318948279464,0.497844962453066,0.504843844938632,0.441062100877834,0.476324251797831,0.458736320927223,0.360713690397859,0.461388319283056,0.436737930175599,0.407896470028311,0.45453369859728,0.371052225033139,0.453523724480304,0.393787440812925,0.421121829224723,0.284427593871557
"SW4107",4,2114360,4,39,0.598282827144776,0.465434423490689,0.415352108811181,0.376340162372871,0.400680237739916,0.50316409056576,0.434143142264301,0.494596551053679,0.49803739048811,0.504989226140693,0.435904346642038,0.478630894832957,0.470469537051707,0.36781527194211,0.465289486342118,0.437609697372245,0.419947297141237,0.462471173544044,0.384716899942651,0.440274105733962,0.39820437416919,0.417172309438245,0.311604697025869
"ALGONQUIN",4,2114370,4,40,0.524344996889134,0.481839384817173,0.434680398153145,0.388160702248014,0.375332097501448,0.374416923048581,0.35664479358251,0.408997970573313,0.49083711410096,0.490718763626486,0.42109697426494,0.474825368132363,0.463577742393157,0.353650355975724,0.42614215276754,0.427113758700375,0.414785634425323,0.464565920644352,0.375434090773786,0.463582653905235,0.441461277908812,0.457088340712629,0.322709735477902
"NY1517",4,2114380,4,41,0.588636020041315,0.481585554731335,0.429743198576151,0.432266625633811,0.374327153776149,0.371778185123094,0.368668277256659,0.429026919748112,0.496901335002086,0.496148563098225,0.424599347589277,0.481025794139764,0.452056688072386,0.369021358543417,0.422923023542219,0.428324269722003,0.399079381040165,0.459113706979318,0.390846508094763,0.44324151496827,0.411333061412687,0.461925057268352,0.337688251771297
"FSG_421LH",4,2114390,4,42,0.541587735327679,0.481208012410058,0.453864454038496,0.386457838740878,0.368298149069353,0.343491583918253,0.362600597269847,0.408564035835539,0.478095666458073,0.480360704252536,0.436267422631703,0.475933259411796,0.435706795222899,0.34984593837535,0.421710396013802,0.410700042896481,0.385175168764632,0.441260616868494,0.373188133109384,0.425032297934797,0.374641744548287,0.412447933085346,0.291042756211796
"REGEN",4,2114400,4,43,0.588107448245319,0.492370668073993,0.448844902601065,0.416035639966001,0.379622735170017,0.39339756448673,0.403890853100686,0.447809263735936,0.494569513975803,0.502095965755971,0.430788117716222,0.49412570369699,0.462032897490074,0.37022459095495,0.451662535673322,0.435602418808031,0.409692286695153,0.450682925243066,0.391106168673467,0.437229532011316,0.399017538881697,0.449769875795978,0.311455630046136
"LANDER",4,2114410,4,44,0.595496663649303,0.488709036535123,0.430854770042574,0.392542278495853,0.377713696472246,0.421068312734402,0.418405191846807,0.479264418795482,0.496404229244889,0.50783570300158,0.431089800377983,0.502604058058931,0.468155604487784,0.370599494085479,0.461356897889406,0.431885784659665,0.416143872505276,0.442873085552629,0.379890795186086,0.439361476600566,0.390777279256593,0.424510647269661,0.311023866560199
"SW315_LH",4,2114420,4,45,0.586466870867293,0.494763352342068,0.441742869535305,0.401111111111111,0.360853732315711,0.302136533131422,0.350514735173049,0.419890519136716,0.493519503546099,0.495237359982272,0.436155052466505,0.500752598459478,0.451639468731353,0.370188036437543,0.424768993190046,0.422117427819752,0.399512967364275,0.455361343420458,0.385116155690148,0.426914041050663,0.387445395603724,0.442507397772245,0.305020723221415
"PLUSS_III",4,2114430,4,46,0.605904260446437,0.469617992124386,0.383935060262637,0.356684691813945,0.398249207188161,0.479981563302662,0.441869922727354,0.514403557465604,0.507351246349604,0.518288843973608,0.444247726198913,0.507188647292626,0.465219171999878,0.345960725826498,0.481715429393448,0.45494790153182,0.402766585127715,0.448948367034212,0.38303683055143,0.399375107411719,0.345343831834814,0.396621482462224,0.280595316345162
"HI-GEST_360",4,2114440,4,47,0.593353763646811,0.497051626974901,0.43840423937159,0.406619625428647,0.376824403284521,0.431873952211639,0.413947987780168,0.499736916887274,0.511705256570713,0.525544237381427,0.421629972439862,0.504312762646639,0.470406038521603,0.355492096913337,0.475570387644691,0.45238338384048,0.413597477541793,0.46324935630818,0.392314473682193,0.433277206664303,0.388842741196569,0.429917617636551,0.315634941759509
"N-R-GEE",4,2114450,4,48,0.594734312035483,0.496552542844103,0.433723142499108,0.40453676836953,0.379461924304606,0.457400840072954,0.405423333781543,0.497444549139259,0.498210914685023,0.515234556500325,0.456989575950862,0.497963703689661,0.461689645207242,0.351594069395096,0.463838592321564,0.445568516750384,0.397588126808817,0.476870809351933,0.398378861902576,0.449097107825761,0.403543007797029,0.457128399746996,0.330804729980227
"SEEDWAY_9558",4,2114460,4,49,0.594942746299822,0.503456560489809,0.411186790505676,0.426371230106392,0.362074827293787,0.420469869751847,0.381180011507989,0.489660071029934,0.506417136003337,0.530505314776293,0.457812539938144,0.512242400524284,0.472901817568034,0.379176646049919,0.46724182804778,0.451729004940014,0.413111369688167,0.483929755128458,0.410153364547326,0.455114968353659,0.412435285841801,0.449214215160877,0.324636171210566
"GUARDSMAN_II",4,2114470,4,50,0.595310291645229,0.512288247374896,0.434895065059663,0.438219760250887,0.37409241180616,0.418787728057086,0.360692091263243,0.476343159689505,0.505350177304965,0.530871898522442,0.476519755492558,0.505732995264401,0.466432162194107,0.343526779839453,0.465357392292377,0.456205045179681,0.409421703359195,0.482746753589579,0.395178033548636,0.466970520023316,0.401793730455704,0.430872370384381,0.320521393982694
"ONEIDA_VR",4,2114480,4,51,0.587447141252124,0.525741391316839,0.432356389038796,0.435596734957062,0.374743890685238,0.43581028361427,0.388529269731544,0.490225518270151,0.509661556111806,0.537052318557755,0.457499171166051,0.515257688637814,0.476143620354102,0.37621997046395,0.465240790627788,0.459619881827113,0.425890611822098,0.476179824055407,0.424660561022903,0.454482140250641,0.428498229560139,0.416060147531681,0.334620834759243
