"","V1","V2","V3","V4","V5","V6","V7","V8","V9","V10","V11","V12","V13","V14","V15","V16","V17","V18","V19","V20","V21","V22","V23","V24","V25","V26","V27","V28","V29","V30","V31","V32","V33","V34","V35","V36","V37","V38","V39","V40","V41","V42","V43","V44","V45","V46","V47","V48"
"1",0.222752431437436,0.0110149315287359,0.00387822529207868,0.00323768973369806,0.00395543211835418,-0.000291072455509934,0.00505083156002605,0.0075793795487276,-0.00389907308618894,-0.00331693182078528,-0.000231396997424616,0.00635408388069074,0.00868918655802537,0.00862214005215579,0.00574516323376431,0.00816964909679815,0.00987040233160584,0.0117411161464774,0.00343612672676269,0,0,0,0,0,-0.479208795499785,-0.0103894261251999,-0.00131488110976375,0.000220352612519646,-0.000932809602561794,0.00374373205930476,-0.00112271423296949,-0.00479664308126306,0.00457989596945959,0.00297655500616995,-0.00245375688294409,-0.00275484519247863,-0.00368689197839441,-0.00611220824663732,-0.00243142803601623,-0.00248559074336068,-0.00463103527846025,-0.00723785574735305,-0.00159989275675704,0,0,0,0,0
"2",0.0110149315287359,0.20633261567747,0.00883141916822689,0.0092540523948125,0.00739102010776978,0.00629314202845049,0.00815515973260216,0.0121085997326554,0.00193030636944279,0.00270667534944983,-0.00298325795376684,0.00204366900071404,0.0119869940865748,0.0166473992922505,0.00784904568910996,0.00334924379716997,0.0050187445949439,0.00670640718004215,0.00781407155560633,0,0,0,0,0,-0.0103894261251999,-0.452140202839401,-0.00644117531012683,-0.00580308764246902,-0.00200374248074622,-0.00205205326255651,-0.00224271394093323,-0.00948856218394242,-0.000415073196475046,-0.00378688047520717,0.00249936188841731,0.00331576332832912,-0.00903091758231761,-0.0173240766390871,-0.00568936169486585,0.00102650825768889,-0.0014172288631811,-0.00285026010652905,-0.00800158723231965,0,0,0,0,0
"3",0.00387822529207868,0.00883141916822688,0.221974028594885,0.00983231699369163,0.00712457520386043,0.0158704288895587,0.006842995775362,0.00794695791935922,0.00573352402601113,0.0033295071847985,-0.00327100178902278,0.0166103667818667,0.00479553518299001,0.0104696664736574,0.00362523054117816,-0.00130372688153739,-0.00128623346273013,0.00157654191405428,0.00504460034963004,0,0,0,0,0,-0.00131488110976374,-0.00644117531012681,-0.475711014233652,-0.00526714007135835,0.000203449830994531,-0.0133997233456358,-0.000265588583896695,-0.0032751399424323,-0.00278113561995935,-0.00249882147339941,0.00365434847268477,-0.015362841944043,-0.000442770088373921,-0.00848338187500679,-0.00127886193627092,0.00384406239195641,0.00422726247701687,0.00131127159418852,-0.00375133400050943,0,0,0,0,0
"4",0.00323768973369807,0.0092540523948125,0.00983231699369164,0.217795108557738,0.0239703733684122,0.0163676981793003,0.0171962264064786,0.0118437042298797,0.00599137444695803,0.00232805630043826,-0.00204307603913167,0.00455690731955485,0.00537435378031074,0.00860107003458711,0.00339821109092452,3.11401622721312e-06,0.000223574848948812,0.00280778857279016,0.00165495723860553,0,0,0,0,0,0.000220352612519626,-0.00580308764246903,-0.00526714007135839,-0.465554995471832,-0.0222719692920901,-0.0116426627772668,-0.0121813840374415,-0.00588104415152485,-0.00192946748327055,4.15638141008111e-05,0.00192354456132432,0.000331656738080991,-0.000487644155714829,-0.00406027344460978,-0.00050981876396692,0.00203009009184017,0.0021503497208774,-0.000348802719397034,0.00150247440876586,0,0,0,0,0
"5",0.00395543211835419,0.00739102010776978,0.00712457520386045,0.0239703733684122,0.226091764501824,0.021499161599915,0.0192709236812274,0.0121033181246249,0.00979768993540228,0.00423781845549902,-0.000537622575378011,0.00510780631723403,0.00551686643938263,0.00721824851239785,0.00305321276656138,0.00111286975015039,0.00146981212734823,0.00188714375536003,0.00183517411049273,0,0,0,0,0,-0.000932809602561826,-0.00200374248074623,0.000203449830994504,-0.0222719692920901,-0.474513662691162,-0.0177731595965572,-0.0135801812007402,-0.00494012467872158,-0.00599960278256574,-0.00182661197828066,0.000159298824036691,0.000277100576671714,-0.000346064719990867,-0.00130155100372341,-6.95895036049919e-05,0.000372507334875566,0.000273867820049514,0.00107410298490489,0.00124193353876118,0,0,0,0,0
"6",-0.00029107245550993,0.0062931420284505,0.0158704288895588,0.0163676981793004,0.021499161599915,0.221146200711084,0.0144417182695728,0.00956625591621888,0.0156929003125851,0.00720388080007112,0.00148730106135656,0.0120880022592353,0.00402414858598293,0.00664073874515009,-0.000976030267463047,-0.00255118163631792,-0.00300950664520685,-0.00165446751883301,0.00264463738133892,0,0,0,0,0,0.00374373205930475,-0.00205205326255655,-0.0133997233456359,-0.0116426627772669,-0.0177731595965573,-0.468441482180436,-0.00856969808464863,-0.00331706117744898,-0.0136465768410338,-0.00500508987487663,-0.00179015007837886,-0.00965957028962015,-0.000430867991434822,-0.00216233762692248,0.00424189975474776,0.00294843189439226,0.0040312076597666,0.00357025733034757,-0.000575498446941741,0,0,0,0,0
"7",0.00505083156002606,0.00815515973260215,0.00684299577536201,0.0171962264064786,0.0192709236812273,0.0144417182695727,0.224546169039265,0.0250917062659315,0.00426096048618982,0.00316424140183255,-0.00216198179531947,0.00268276474177144,0.00645855403348742,0.00871397010635011,0.005442095337816,0.00183969731697988,0.00353016426251244,0.00335933697506712,0.00391557717212403,0,0,0,0,0,-0.00112271423296951,-0.00224271394093322,-0.000265588583896708,-0.0121813840374414,-0.0135801812007401,-0.00856969808464851,-0.472993412844048,-0.0250558459573128,0.000130539790056213,-0.00193825694327484,0.00158726199408307,0.00308671113327052,-0.000512966404377559,-0.00283522598070829,-0.00226351454160328,0.000991433324211992,-0.000990795820637187,0.000579003149115328,-0.00135093603874449,0,0,0,0,0
"8",0.00757937954872761,0.0121085997326554,0.0079469579193592,0.0118437042298797,0.0121033181246249,0.00956625591621882,0.0250917062659314,0.220058657963123,0.00353599755833864,0.00110623505441046,-0.00201581238611457,0.00238149025023194,0.00774800605665759,0.00980281699866742,0.00501926149913366,0.00259258871356692,0.00312299923783635,0.00458524733727962,0.00530182669912724,0,0,0,0,0,-0.00479664308126305,-0.00948856218394236,-0.00327513994243227,-0.00588104415152475,-0.00494012467872144,-0.00331706117744887,-0.0250558459573127,-0.469724532342295,-0.000748469437854157,0.000406418619693693,0.00100935425421044,0.00302254526640635,-0.00239845971732119,-0.00494637059249519,-0.00142564488945858,0.000715380191958244,0.000412014340539033,-0.000581859612498234,-0.00355006454278963,0,0,0,0,0
"9",-0.00389907308618896,0.00193030636944279,0.00573352402601113,0.00599137444695803,0.00979768993540227,0.015692900312585,0.00426096048618984,0.00353599755833865,0.230547186371301,0.0200787829492498,0.00803864024144626,0.0034433117801817,-0.00034571877367888,0.00158298993406318,-0.00350009999789294,-0.00485802265925386,-0.00347114521797182,-0.00360544275345749,-0.000604373802387194,0,0,0,0,0,0.00457989596945962,-0.000415073196475042,-0.00278113561995936,-0.00192946748327055,-0.00599960278256573,-0.0136465768410338,0.000130539790056206,-0.000748469437854182,-0.487228390137601,-0.023217416802636,-0.00770855619543476,-0.00242891597864784,0.000506249665850963,0.00016798314636939,0.00400838993448725,0.00222945468089777,0.000414173007921957,0.00155935241246068,0.00158012192835048,0,0,0,0,0
"10",-0.00331693182078529,0.00270667534944982,0.0033295071847985,0.00232805630043826,0.00423781845549901,0.0072038808000711,0.00316424140183255,0.00110623505441046,0.0200787829492497,0.214589840778876,0.0127879733395194,-0.00235271494353876,-0.00133415921459906,0.00123769533738425,-0.000782616539601938,-0.00499271406681299,-0.00639991959485082,-0.00623627637584231,-0.000232813188505139,0,0,0,0,0,0.00297655500616996,-0.00378688047520717,-0.00249882147339939,4.15638141008172e-05,-0.00182661197828063,-0.00500508987487658,-0.00193825694327484,0.000406418619693687,-0.023217416802636,-0.467923028991884,-0.0155915473625416,0.00287709361215352,0.000329776030124798,-0.00110640511477422,-0.000363303754220895,0.00180870883074335,0.00391750354439335,0.00468201246306826,0.000250808551281569,0,0,0,0,0
"11",-0.000231396997424618,-0.00298325795376685,-0.00327100178902279,-0.00204307603913167,-0.000537622575378009,0.00148730106135656,-0.00216198179531947,-0.00201581238611458,0.00803864024144626,0.0127879733395194,0.227505074262821,-0.00277197016699348,-0.00332754575702154,-0.00339616438794564,-0.0018856022220455,-0.00347959797855612,-0.00373657874566931,-0.00168834456691816,-0.00216668643582091,0,0,0,0,0,-0.00245375688294408,0.00249936188841732,0.00365434847268477,0.00192354456132432,0.000159298824036687,-0.00179015007837885,0.00158726199408308,0.00100935425421046,-0.00770855619543478,-0.0155915473625416,-0.489200544020992,0.00140601132424669,0.00145810449472424,0.00274777336825029,0.000318345340471057,0.000820603181712678,0.00117990476434265,-0.00146864233993458,0.00176133428302233,0,0,0,0,0
"12",0.00635408388069076,0.00204366900071404,0.0166103667818667,0.00455690731955485,0.00510780631723402,0.0120880022592353,0.00268276474177144,0.00238149025023196,0.0034433117801817,-0.00235271494353876,-0.00277197016699347,0.247054437811495,0.00673742593175765,0.000281484352245737,0.0037581708655884,0.00951932800245744,0.011292759053881,0.00980534329075472,0.00447039001721776,0,0,0,0,0,-0.00275484519247865,0.00331576332832912,-0.0153628419440431,0.000331656738081021,0.000277100576671707,-0.00965957028962007,0.00308671113327051,0.00302254526640631,-0.00242891597864783,0.00287709361215351,0.00140601132424668,-0.505474956723582,-0.00105213727585028,0.0056732530307325,-0.000561790965427484,-0.00382203803749809,-0.00579499901064571,-0.00413891024827098,-0.00285997278096699,0,0,0,0,0
"13",0.00868918655802537,0.0119869940865748,0.00479553518299002,0.00537435378031074,0.00551686643938263,0.00402414858598291,0.00645855403348744,0.00774800605665761,-0.000345718773678878,-0.00133415921459906,-0.00332754575702153,0.00673742593175764,0.231455181159394,0.0140309628882243,0.00704375327147644,0.0151723507849702,0.0104254974949502,0.0130590698049786,0.00547074340518669,0,0,0,0,0,-0.00368689197839442,-0.00903091758231759,-0.000442770088373939,-0.000487644155714826,-0.000346064719990834,-0.000430867991434797,-0.000512966404377562,-0.00239845971732121,0.000506249665850957,0.000329776030124807,0.00145810449472422,-0.00105213727585025,-0.486461670354279,-0.0114212896223451,-0.00266028163847281,-0.00905392750235299,-0.00305582024164124,-0.0065501030778265,-0.00339125881678273,0,0,0,0,0
"14",0.00862214005215578,0.0166473992922505,0.0104696664736574,0.00860107003458709,0.00721824851239782,0.00664073874515006,0.00871397010635009,0.00980281699866742,0.00158298993406318,0.00123769533738425,-0.00339616438794563,0.000281484352245723,0.0140309628882242,0.218754320386827,0.00779254377153427,0.00404264507689613,0.00262978822464064,0.00518221944723986,0.00642524451337875,0,0,0,0,0,-0.00611220824663732,-0.0173240766390871,-0.00848338187500678,-0.00406027344460969,-0.00130155100372333,-0.00216233762692241,-0.00283522598070823,-0.00494637059249521,0.000167983146369399,-0.00110640511477422,0.00274777336825028,0.00567325303073253,-0.0114212896223451,-0.470966530444431,-0.00514956502326504,-0.000151253259412047,0.00179309517715487,-0.000620334708897329,-0.0052134304126092,0,0,0,0,0
"15",0.00574516323376432,0.00784904568910997,0.00362523054117816,0.00339821109092453,0.00305321276656137,-0.000976030267463051,0.00544209533781601,0.00501926149913367,-0.00350009999789294,-0.000782616539601939,-0.0018856022220455,0.0037581708655884,0.00704375327147643,0.00779254377153428,0.236404490189779,0.00422009539603994,0.00605388313210055,0.007433492751883,0.00544009743675652,0,0,0,0,0,-0.00243142803601626,-0.00568936169486586,-0.00127886193627094,-0.000509818763966925,-6.95895036049836e-05,0.00424189975474777,-0.00226351454160326,-0.0014256448894586,0.00400838993448723,-0.000363303754220887,0.000318345340471053,-0.000561790965427506,-0.00266028163847279,-0.00514956502326507,-0.498638987828644,0.000518496880832206,-0.00160164387942605,-0.00312160481132022,-0.00456903581541676,0,0,0,0,0
"16",0.00816964909679819,0.00334924379716996,-0.00130372688153738,3.11401622721596e-06,0.00111286975015039,-0.00255118163631791,0.00183969731697988,0.00259258871356693,-0.00485802265925387,-0.004992714066813,-0.00347959797855612,0.00951932800245745,0.0151723507849702,0.00404264507689615,0.00422009539603995,0.254065308174345,0.0201272218949932,0.0171186192266715,0.0016630788043235,0,0,0,0,0,-0.00248559074336073,0.00102650825768886,0.00384406239195639,0.00203009009184017,0.000372507334875563,0.00294843189439225,0.00099143332421198,0.000715380191958213,0.00222945468089777,0.0018087088307434,0.000820603181712666,-0.00382203803749812,-0.00905392750235297,-0.000151253259412082,0.000518496880832207,-0.509094161341386,-0.00992053826465066,-0.00760570724601106,0.000646693043433643,0,0,0,0,0
"17",0.00987040233160584,0.0050187445949439,-0.00128623346273013,0.00022357484894881,0.00146981212734822,-0.00300950664520685,0.00353016426251243,0.00312299923783636,-0.00347114521797182,-0.00639991959485082,-0.00373657874566929,0.011292759053881,0.0104254974949502,0.00262978822464064,0.00605388313210053,0.0201272218949931,0.249427777994635,0.0207508352599993,0.00143599704647079,0,0,0,0,0,-0.00463103527846024,-0.00141722886318109,0.00422726247701686,0.0021503497208774,0.000273867820049526,0.00403120765976658,-0.00099079582063719,0.000412014340539026,0.000414173007921944,0.00391750354439336,0.00117990476434263,-0.00579499901064568,-0.0030558202416412,0.00179309517715487,-0.00160164387942601,-0.00992053826465055,-0.504129052780477,-0.0123072932239836,0.00104536499767415,0,0,0,0,0
"18",0.0117411161464774,0.00670640718004215,0.00157654191405429,0.00280778857279016,0.00188714375536003,-0.00165446751883301,0.00335933697506713,0.00458524733727964,-0.00360544275345749,-0.00623627637584233,-0.00168834456691815,0.00980534329075474,0.0130590698049786,0.00518221944723988,0.007433492751883,0.0171186192266715,0.0207508352599994,0.24147277692264,0.00222696235642515,0,0,0,0,0,-0.00723785574735314,-0.00285026010652903,0.00131127159418851,-0.000348802719397038,0.00107410298490488,0.00357025733034757,0.000579003149115324,-0.000581859612498265,0.00155935241246069,0.00468201246306828,-0.00146864233993459,-0.00413891024827103,-0.00655010307782651,-0.000620334708897354,-0.00312160481132021,-0.00760570724601104,-0.0123072932239837,-0.496479103659094,0.000428684562557699,0,0,0,0,0
"19",0.0034361267267627,0.00781407155560631,0.00504460034963003,0.00165495723860553,0.00183517411049273,0.00264463738133891,0.00391557717212402,0.00530182669912725,-0.000604373802387193,-0.00023281318850514,-0.0021666864358209,0.00447039001721776,0.00547074340518669,0.00642524451337876,0.00544009743675652,0.0016630788043235,0.00143599704647079,0.00222696235642515,0.214170938726525,0,0,0,0,0,-0.00159989275675705,-0.00800158723231965,-0.00375133400050943,0.00150247440876585,0.00124193353876118,-0.000575498446941727,-0.00135093603874448,-0.00355006454278964,0.00158012192835048,0.000250808551281569,0.00176133428302232,-0.002859972780967,-0.00339125881678275,-0.00521343041260921,-0.00456903581541676,0.000646693043433646,0.00104536499767414,0.0004286845625577,-0.471442589767802,0,0,0,0,0
"20",0,0,0,0,0,0,0,0,0,0,0,0,0,0,0,0,0,0,0,0.236689232116744,0,0,0,0,0,0,0,0,0,0,0,0,0,0,0,0,0,0,0,0,0,0,0,-0.502762837434211,0,0,0,0
"21",0,0,0,0,0,0,0,0,0,0,0,0,0,0,0,0,0,0,0,0,0.236689232116744,0,0,0,0,0,0,0,0,0,0,0,0,0,0,0,0,0,0,0,0,0,0,0,-0.502762837434211,0,0,0
"22",0,0,0,0,0,0,0,0,0,0,0,0,0,0,0,0,0,0,0,0,0,0.236689232116744,0,0,0,0,0,0,0,0,0,0,0,0,0,0,0,0,0,0,0,0,0,0,0,-0.502762837434211,0,0
"23",0,0,0,0,0,0,0,0,0,0,0,0,0,0,0,0,0,0,0,0,0,0,0.236689232116744,0,0,0,0,0,0,0,0,0,0,0,0,0,0,0,0,0,0,0,0,0,0,0,-0.502762837434211,0
"24",0,0,0,0,0,0,0,0,0,0,0,0,0,0,0,0,0,0,0,0,0,0,0,0.236689232116744,0,0,0,0,0,0,0,0,0,0,0,0,0,0,0,0,0,0,0,0,0,0,0,-0.502762837434211
"25",-0.203652668446511,-0.00441526610925028,-0.000558794098121718,9.36447702133372e-05,-0.000396422533347105,0.00159099964563674,-0.00047712761450602,-0.0020384625079052,0.00194634999220979,0.00126496711971265,-0.00104278999388854,-0.00117074557035247,-0.00156684392424595,-0.00259754731385981,-0.00103330074973674,-0.00105631864920888,-0.00196808301722579,-0.0030759214994,-0.000679917464373757,0,0,0,0,0,0.572470183361459,0.0185969433415537,0.00483780130585854,0.00307688045597896,0.00463617938393979,-0.00302317915280143,0.00587016772683763,0.0110798813152107,-0.00724139680296225,-0.00548916683610946,0.00155930957751698,0.00836451915788045,0.0113798124112634,0.013082717043603,0.00751957462751556,0.00998358743669166,0.0132500465741012,0.0170231699495066,0.00460369899060034,0,0,0,0,0
"26",-0.0044152661092503,-0.192149141845691,-0.00273735071676018,-0.00246617819772117,-0.000851544268209871,-0.000872075234508482,-0.00095310161858966,-0.00403241974401823,-0.000176396520382324,-0.00160933672567426,0.00106217106774687,0.00140912282097629,-0.00383793135983941,-0.00736233238841614,-0.00241784729703968,0.000436242297353262,-0.000602289529108556,-0.00121129470475575,-0.00340048973844464,0,0,0,0,0,0.0185969433415538,0.536296207281744,0.0135320702630316,0.0134890388633429,0.00885331446125802,0.00779069270061872,0.00979185105587777,0.0190331776350682,0.00223321914257705,0.00547027096587257,-0.00480724622165804,-0.000376113999900547,0.0185775913885408,0.0292901913137582,0.0120010370559129,0.00260011697900295,0.00605301211392096,0.00878647450396192,0.0136534825284211,0,0,0,0,0
"27",-0.00055879409812171,-0.00273735071676016,-0.202166192206551,-0.00223841286029597,8.64614785165269e-05,-0.00569457289058661,-0.000112869013105402,-0.00139185882036338,-0.00118191839472741,-0.00106194140384775,0.00155301368606874,-0.00652885294720712,-0.000188167059645896,-0.00360524133221313,-0.000543486781423983,0.00163363771940023,0.00179648890369475,0.000557260137381441,-0.00159423029504518,0,0,0,0,0,0.00483780130585854,0.0135320702630315,0.569139164180057,0.0136761787969861,0.0069761012647489,0.0256493001641401,0.00703681743174491,0.0103370947212296,0.00776314557290622,0.00515310106776408,-0.00593787799124572,0.0278218858488978,0.00511866063765501,0.0166606823020422,0.00455852042561656,-0.00410905280751213,-0.00437121175223186,0.000619600058253865,0.00778225480358483,0,0,0,0,0
"28",9.36447702133236e-05,-0.00246617819772119,-0.00223841286029602,-0.197850118835068,-0.00946507247047168,-0.00494786273682725,-0.0051768068280329,-0.00249930791328792,-0.000819979110022411,1.76636608758698e-05,0.000817462005013738,0.000140946452470715,-0.000207237501682543,-0.00172552242233972,-0.000216661197960033,0.000862741394299509,0.000913848958663548,-0.000148233098460817,0.000638516916824614,0,0,0,0,0,0.003076880455979,0.0134890388633429,0.0136761787969862,0.557548568724521,0.0402240463078401,0.0248642990161627,0.0260859760957644,0.0161355819227593,0.00739946427543488,0.00229772379451345,-0.00344684342827244,0.00431487034122443,0.0057302275027403,0.0115641828041781,0.0037702674339999,-0.00147840833851407,-0.00134571076788004,0.00306233837245588,0.000558479090684719,0,0,0,0,0
"29",-0.000396422533347109,-0.000851544268209872,8.6461478516508e-05,-0.00946507247047167,-0.201657345459608,-0.00755318227160174,-0.0057712633104605,-0.00209943887242479,-0.00254969259279627,-0.000776267896346199,6.76983204401082e-05,0.000117761344109731,-0.000147069511960496,-0.000553129110977722,-2.95739315265299e-05,0.000158307012466643,0.000116387497221424,0.00045646895699005,0.000527793065521994,0,0,0,0,0,0.0046361793839398,0.008853314461258,0.00697610126474895,0.04022404630784,0.572383094986515,0.034469686091671,0.0291814897744281,0.0157085301180005,0.014176089533364,0.00557084623103384,-0.000653875922873747,0.00490558342057493,0.00576941809751568,0.00816809646033015,0.0031039979044528,0.000841020758747739,0.00126994843692459,0.00110328318196621,0.000928833890335389,0,0,0,0,0
"30",0.00159099964563674,-0.000872075234508484,-0.00569457289058665,-0.00494786273682724,-0.00755318227160175,-0.199076809008877,-0.00364192372742127,-0.00140967437687214,-0.00579947992385742,-0.00212704758010581,-0.000760772431151565,-0.00410509423867337,-0.000183108943383168,-0.000918943541814132,0.00180270940861178,0.00125301544684618,0.00171317013519601,0.00151727689306639,-0.00024457354603492,0,0,0,0,0,-0.00302317915280143,0.0077906927006187,0.0256493001641402,0.0248642990161627,0.034469686091671,0.563006165708685,0.0206957260778085,0.0119869860632147,0.0256519207210636,0.010856503196941,0.00279371961397169,0.0191373787272003,0.00433858810953851,0.00821877291499325,-0.00407169057263396,-0.00470289292269476,-0.00595140774041141,-0.00425997555433811,0.00306462554722875,0,0,0,0,0
"31",-0.000477127614506029,-0.000953101618589654,-0.000112869013105418,-0.00517680682803285,-0.0057712633104605,-0.00364192372742126,-0.201011274392095,-0.0106481557461184,5.54763953271502e-05,-0.000823714427489211,0.000674549682005771,0.00131178092914277,-0.000217998872424601,-0.00120490554856766,-0.000961941393384125,0.000421336260850528,-0.000421065336557468,0.000246062963500682,-0.000574116610075868,0,0,0,0,0,0.00587016772683764,0.00979185105587775,0.00703681743174499,0.0260859760957643,0.0291814897744281,0.0206957260778085,0.569728049188553,0.0433770011165975,0.00416569495195129,0.00457874561631855,-0.00332033636121647,0.000430139813966457,0.00683290746655491,0.0107830658021747,0.00709396655631327,0.00111616753918361,0.00425322880194265,0.00293679114208767,0.00490146540894185,0,0,0,0,0
"32",-0.00203846250790519,-0.0040324197440182,-0.00139185882036338,-0.00249930791328788,-0.00209943887242475,-0.00140967437687211,-0.0106481557461183,-0.199622075689428,-0.000318082221572515,0.000172718525169484,0.000428952242129469,0.00128451191794601,-0.00101928997585384,-0.00210209324149904,-0.000605866145867722,0.000304020056422648,0.000175096577268559,-0.000247276894454607,-0.00150869542480418,0,0,0,0,0,0.0110798813152107,0.0190331776350681,0.0103370947212295,0.0161355819227591,0.0157085301180004,0.0119869860632146,0.0433770011165973,0.56285496933505,0.00408221676726865,0.000809638231993818,-0.00275242052851997,0.000175692390128397,0.00949835777870203,0.0134125871448652,0.00605967087906469,0.00207051742678744,0.00282231876142004,0.00500987776461986,0.00789259841022395,0,0,0,0,0
"33",0.0019463499922098,-0.000176396520382322,-0.00118191839472742,-0.0008199791100224,-0.00254969259279627,-0.00579947992385742,5.54763953271436e-05,-0.000318082221572522,-0.207060810916324,-0.00986686582277852,-0.00327595831673519,-0.00103223318338326,0.000215144413706299,7.13889568251523e-05,0.00170347312903782,0.00094746673936121,0.000176013961041458,0.000662688754522796,0.00067151531900371,0,0,0,0,0,-0.00724139680296228,0.00223321914257706,0.00776314557290624,0.00739946427543484,0.014176089533364,0.0256519207210636,0.00416569495195131,0.00408221676726866,0.586117490740974,0.0370224260667196,0.0136642025611776,0.00521588992073765,-0.000715170454692035,0.00146039892809436,-0.00642534913749139,-0.0064850376187913,-0.00377340105008152,-0.00474342942078128,-0.00175751767983264,0,0,0,0,0
"34",0.00126496711971265,-0.00160933672567427,-0.00106194140384775,1.76636608758764e-05,-0.000776267896346191,-0.00212704758010579,-0.000823714427489209,0.000172718525169483,-0.0098668658227785,-0.198856478379922,-0.00662604746701309,0.00122269832479679,0.000140147195033369,-0.000470196616010859,-0.000154395703289536,0.000768659472202494,0.00166484851270792,0.00198974714312,0.000106587840660194,0,0,0,0,0,-0.00548916683610944,0.00547027096587257,0.00515310106776409,0.00229772379451343,0.00557084623103381,0.0108565031969409,0.00457874561631855,0.000809638231993815,0.0370224260667195,0.556071448189386,0.0241663974082141,-0.0044523648655898,-0.00157482368690574,0.00204512941015109,-0.000517484151831009,-0.00631267645505131,-0.00925884152108716,-0.00965312282866422,-0.000415848649333928,0,0,0,0,0
"35",-0.00104278999388854,0.00106217106774687,0.00155301368606875,0.000817462005013737,6.76983204401088e-05,-0.000760772431151564,0.00067454968200577,0.000428952242129473,-0.00327595831673519,-0.0066260474670131,-0.207898930760349,0.000597522334184658,0.000619660728294319,0.00116774020841335,0.000135289415977491,0.000348737396435279,0.000501432269248154,-0.000624139069086308,0.000748526383764962,0,0,0,0,0,0.00155930957751697,-0.00480724622165805,-0.00593787799124574,-0.00344684342827244,-0.000653875922873746,0.00279371961397168,-0.00332033636121647,-0.00275242052851998,0.0136642025611776,0.0241663974082141,0.584514620209494,-0.00379805133268336,-0.0043916435589691,-0.00540143877807653,-0.00211792478759631,-0.00407845906504964,-0.00459765150882675,-0.000616556439643282,-0.00345207575177213,0,0,0,0,0
"36",-0.00117074557035247,0.0014091228209763,-0.00652885294720711,0.00014094645247072,0.000117761344109732,-0.00410509423867336,0.00131178092914277,0.001284511917946,-0.00103223318338326,0.00122269832479679,0.000597522334184657,-0.21481518022281,-0.000447134038045938,0.00241100148689038,-0.000238748183031832,-0.00162427787751425,-0.00246274071604225,-0.00175894124739906,-0.00121542236703078,0,0,0,0,0,0.00836451915788042,-0.000376113999900559,0.0278218858488977,0.0043148703412244,0.00490558342057491,0.0191373787272002,0.000430139813966459,0.000175692390128421,0.00521588992073763,-0.00445236486558979,-0.00379805133268336,0.615940750373642,0.00750525633529201,-0.00385875120819445,0.0041681555639611,0.0123085809602374,0.0155218425878994,0.0128258437511668,0.00655754547203477,0,0,0,0,0
"37",-0.00156684392424593,-0.00383793135983938,-0.000188167059645895,-0.00020723750168251,-0.000147069511960483,-0.000183108943383153,-0.000217998872424587,-0.00101928997585385,0.000215144413706299,0.000140147195033367,0.000619660728294314,-0.000447134038045924,-0.206734972719507,-0.00485378425966735,-0.00113055824430184,-0.0038477100443292,-0.00129865301377461,-0.00278364250181976,-0.00144120665963625,0,0,0,0,0,0.0113798124112634,0.0185775913885407,0.00511866063765501,0.00573022750274023,0.00576941809751563,0.00433858810953848,0.00683290746655485,0.00949835777870204,-0.000715170454692039,-0.00157482368690574,-0.00439164355896909,0.00750525633529198,0.586465947554185,0.0223660096743208,0.00898517780881439,0.0217797403027349,0.0126555788190547,0.0178392143781996,0.00794562162264692,0,0,0,0,0
"38",-0.00259754731385983,-0.00736233238841615,-0.00360524133221316,-0.0017255224223397,-0.00055312911097772,-0.000918943541814127,-0.00120490554856766,-0.00210209324149907,7.13889568251516e-05,-0.000470196616010858,0.00116774020841335,0.00241100148689038,-0.0048537842596674,-0.200149896192893,-0.00218844618081979,-6.42791413258112e-05,0.000762024030100089,-0.000263627921656111,-0.00221558749601152,0,0,0,0,0,0.0130827170436031,0.0292901913137583,0.0166606823020423,0.0115641828041781,0.00816809646033018,0.00821877291499324,0.0107830658021747,0.0134125871448653,0.00146039892809436,0.00204512941015109,-0.00540143877807653,-0.00385875120819446,0.0223660096743209,0.562457019096073,0.0115506014704641,0.00415302691952825,0.00132122039318756,0.00563492829122046,0.0102299099970507,0,0,0,0,0
"39",-0.00103330074973674,-0.00241784729703967,-0.000543486781423987,-0.000216661197960021,-2.95739315265233e-05,0.00180270940861179,-0.000961941393384112,-0.000605866145867733,0.00170347312903781,-0.000154395703289535,0.000135289415977491,-0.000238748183031836,-0.00113055824430184,-0.00218844618081978,-0.21191005135217,0.000220349197164778,-0.000680661651057449,-0.00132660993627591,-0.00194173467760927,0,0,0,0,0,0.00751957462751558,0.0120010370559129,0.00455852042561658,0.00377026743399987,0.00310399790445278,-0.00407169057263398,0.00709396655631323,0.00605967087906472,-0.00642534913749139,-0.000517484151831012,-0.00211792478759631,0.00416815556396111,0.00898517780881439,0.0115506014704641,0.600302038571029,0.0038417059231273,0.00722273333300633,0.00971158244318667,0.00877449561315354,0,0,0,0,0
"40",-0.00105631864920888,0.000436242297353269,0.00163363771940022,0.000862741394299513,0.000158307012466641,0.00125301544684618,0.000421336260850536,0.000304020056422645,0.000947466739361202,0.000768659472202487,0.000348737396435275,-0.00162427787751424,-0.0038477100443292,-6.42791413258006e-05,0.00022034919716478,-0.216353258582372,-0.0042159995997459,-0.00323224988902314,0.000274829604961036,0,0,0,0,0,0.0099835874366917,0.00260011697900294,-0.00410905280751212,-0.00147840833851408,0.000841020758747741,-0.00470289292269476,0.0011161675391836,0.00207051742678745,-0.00648503761879127,-0.00631267645505129,-0.00407845906504963,0.0123085809602373,0.0217797403027349,0.00415302691952823,0.00384170592312729,0.625592849600774,0.0273670479841021,0.0226691242775922,0.00119113413331917,0,0,0,0,0
"41",-0.00196808301722582,-0.000602289529108563,0.00179648890369475,0.000913848958663551,0.000116387497221426,0.001713170135196,-0.000421065336557463,0.000175096577268557,0.00017601396104146,0.00166484851270793,0.000501432269248152,-0.00246274071604226,-0.00129865301377462,0.000762024030100093,-0.00068066165105745,-0.00421599959974591,-0.214243202137141,-0.00523031532383269,0.000444255976259553,0,0,0,0,0,0.0132500465741012,0.00605301211392092,-0.00437121175223186,-0.00134571076788005,0.00126994843692459,-0.00595140774041139,0.00425322880194265,0.00282231876142006,-0.00377340105008152,-0.00925884152108718,-0.00459765150882676,0.0155218425878995,0.0126555788190547,0.00132122039318755,0.00722273333300633,0.0273670479841022,0.617331874650671,0.0297324711543749,0.000673108926803905,0,0,0,0,0
"42",-0.00307592149940003,-0.00121129470475576,0.000557260137381435,-0.000148233098460812,0.000456468956990043,0.00151727689306639,0.000246062963500682,-0.000247276894454618,0.000662688754522798,0.00198974714312001,-0.000624139069086306,-0.00175894124739908,-0.00278364250181979,-0.000263627921656109,-0.00132660993627593,-0.00323224988902318,-0.00523031532383273,-0.210992150473064,0.000182181036547233,0,0,0,0,0,0.0170231699495067,0.00878647450396194,0.000619600058253888,0.00306233837245588,0.00110328318196621,-0.00425997555433813,0.00293679114208766,0.00500987776461988,-0.00474342942078129,-0.00965312282866422,-0.000616556439643288,0.0128258437511669,0.0178392143781997,0.00563492829122045,0.00971158244318671,0.0226691242775923,0.029732471154375,0.603794081622045,0.00191411625904529,0,0,0,0,0
"43",-0.000679917464373764,-0.00340048973844464,-0.00159423029504519,0.000638516916824618,0.000527793065521993,-0.00024457354603492,-0.000574116610075864,-0.00150869542480419,0.000671515319003711,0.000106587840660195,0.000748526383764965,-0.00121542236703078,-0.00144120665963627,-0.00221558749601151,-0.00194173467760927,0.000274829604961033,0.000444255976259552,0.000182181036547232,-0.200352210408437,0,0,0,0,0,0.00460369899060036,0.0136534825284211,0.00778225480358485,0.00055847909068471,0.000928833890335393,0.00306462554722874,0.00490146540894183,0.00789259841022395,-0.00175751767983264,-0.000415848649333926,-0.00345207575177213,0.00655754547203478,0.00794562162264693,0.0102299099970507,0.00877449561315354,0.00119113413331918,0.000673108926803896,0.00191411625904528,0.558221056760949,0,0,0,0,0
"44",0,0,0,0,0,0,0,0,0,0,0,0,0,0,0,0,0,0,0,-0.213662592174318,0,0,0,0,0,0,0,0,0,0,0,0,0,0,0,0,0,0,0,0,0,0,0,0.603596289978778,0,0,0,0
"45",0,0,0,0,0,0,0,0,0,0,0,0,0,0,0,0,0,0,0,0,-0.213662592174318,0,0,0,0,0,0,0,0,0,0,0,0,0,0,0,0,0,0,0,0,0,0,0,0.603596289978778,0,0,0
"46",0,0,0,0,0,0,0,0,0,0,0,0,0,0,0,0,0,0,0,0,0,-0.213662592174318,0,0,0,0,0,0,0,0,0,0,0,0,0,0,0,0,0,0,0,0,0,0,0,0.603596289978778,0,0
"47",0,0,0,0,0,0,0,0,0,0,0,0,0,0,0,0,0,0,0,0,0,0,-0.213662592174318,0,0,0,0,0,0,0,0,0,0,0,0,0,0,0,0,0,0,0,0,0,0,0,0.603596289978778,0
"48",0,0,0,0,0,0,0,0,0,0,0,0,0,0,0,0,0,0,0,0,0,0,0,-0.213662592174318,0,0,0,0,0,0,0,0,0,0,0,0,0,0,0,0,0,0,0,0,0,0,0,0.603596289978778
