"Germplasm","Rep","Plot","Row","Range","yld1","yld2","yld3","yld4","yld5","NDVI_62","NDVI_76","NDVI_90","NDVI_96","NDVI_104","NDVI_110","NDVI_114","NDVI_124","NDVI_130","NDVI_138","NDVI_144","NDVI_150","NDVI_160","NDVI_166","NDVI_174","NDVI_180","NDVI_188","NDVI_194","NDVI_200","NDVI_206","NDVI_216","NDVI_222","NDVI_228","NDVI_236","NDVI_240","NDVI_250","NDVI_256","NDVI_264","NDVI_270","NDVI_278","NDVI_284","NDVI_292"
"SW_1011",1,300,1,1,8.3,4.55,6.1,0.4,6.05,0.450568858,0.450915777,0.396815285,0.526684756,0.515866007,0.551538594,0.569178774,0.4217241,0.49050852,0.419094279,0.524506635,0.417351464,0.262539673,0.464649221,0.377501482,0.512856317,0.439945902,0.442658327,0.457570117,0.429880256,0.427097555,0.424468641,0.511417366,0.417279756,0.420137399,0.439777072,0.23049367,0.425819584,0.497962483,0.483285142,0.476293226,0.528467827
"SW_8421S",1,301,1,2,10.25,6.85,9.15,1.3,7.6,0.463592877,0.453427243,0.389756957,0.52182835,0.537286227,0.51572487,0.5809646,0.350784961,0.530198968,0.499593225,0.571518681,0.504022012,0.236856943,0.464943107,0.499310653,0.550292645,0.424829563,0.444396057,0.429192521,0.423748305,0.412076048,0.294131491,0.502685171,0.382982505,0.417101358,0.439609456,0.33858464,0.553732357,0.593701685,0.608205201,0.548581737,0.569137368
"NM1715PAR",2,302,1,3,7.8,5.4,7.05,0.6,6.45,0.498299591,0.467419552,0.350185054,0.490986864,0.463883372,0.531644234,0.554967871,0.290069264,0.483581692,0.468618937,0.552768116,0.46254947,0.202880713,0.464745082,0.480024375,0.57138969,0.42274642,0.443248846,0.45084467,0.40981367,0.379355157,0.29729308,0.442077991,0.392229399,0.399138737,0.44785084,0.269545136,0.452209125,0.554702039,0.582401971,0.54181325,0.575386977
"NM170506PAR",2,303,1,4,9.5,5.95,8.55,1.15,7.25,0.483607508,0.466717073,0.380694755,0.499669081,0.490785724,0.523213778,0.576656888,0.270829333,0.524662373,0.47302347,0.582125725,0.472109309,0.200509388,0.473128978,0.463724387,0.566495575,0.387960886,0.41252948,0.469126413,0.400518523,0.375999292,0.295702363,0.454037977,0.367144907,0.388748712,0.44310299,0.313089824,0.494299611,0.581074782,0.574582811,0.541571416,0.572098098
"SW_9813",3,304,1,5,9.35,5.35,8.2,0.85,7.1,0.479640606,0.462055388,0.375488825,0.501085356,0.46160684,0.441716363,0.577467485,0.293392227,0.514494304,0.453980805,0.573247145,0.414209866,0.169309529,0.455462464,0.416195536,0.543017139,0.344149121,0.370319782,0.41192324,0.356009454,0.371496751,0.280267768,0.480235953,0.309198658,0.34330877,0.447825324,0.329647481,0.447654469,0.55944293,0.54649542,0.492485139,0.530749631
"DONA_ANA",3,305,1,6,9.15,4.95,7.3,0.9,7.2,0.477244546,0.460276315,0.379459588,0.510131023,0.495142042,0.454116148,0.581547831,0.268722919,0.507499545,0.444016314,0.569083148,0.439747572,0.198417583,0.469653933,0.415984582,0.555148349,0.425381003,0.444784674,0.471730352,0.40856898,0.419609519,0.386354431,0.442972495,0.366398694,0.376288052,0.449403849,0.303109203,0.480120546,0.565902375,0.582050326,0.52849293,0.561099521
"NM1712PAR",4,306,1,7,8.35,4.9,6.45,0.4,5.65,0.488349297,0.463259757,0.359343521,0.489925734,0.456693397,0.473012629,0.568510745,0.308332124,0.493020976,0.445265604,0.567390717,0.445819908,0.252420272,0.465719927,0.421350202,0.562048323,0.436328534,0.44574753,0.483870993,0.419388956,0.426985829,0.440658018,0.487474578,0.399691221,0.432039444,0.43898478,0.258308667,0.418966964,0.525857424,0.52244141,0.509658922,0.549820172
"NM1704PAR",4,307,1,8,9.15,4.85,7.1,0.7,6.35,0.485055678,0.463810909,0.362459045,0.498803449,0.476668493,0.456136643,0.582389969,0.461470031,0.515467847,0.473754546,0.584803478,0.449678933,0.424025989,0.457248848,0.413110032,0.564572049,0.431486631,0.438227235,0.456436274,0.406409521,0.409783625,0.501505692,0.557072737,0.441227672,0.452498316,0.446249297,0.301873437,0.442718013,0.54221557,0.534122112,0.522832385,0.562105538
"NUMEX_BILL_MELTON_CA_2019",4,308,2,8,10.5,6.35,7.9,1.1,7.1,0.48868013,0.467035751,0.389309961,0.505175723,0.469655555,0.492730233,0.590773994,0.530190793,0.50711542,0.470046411,0.587847789,0.472714068,0.370822113,0.454875762,0.399874495,0.567160381,0.431976068,0.444937945,0.460979722,0.408669573,0.362749008,0.47867542,0.554391862,0.436966234,0.442885887,0.440732301,0.323522637,0.455634966,0.54656488,0.531311808,0.516821679,0.54651765
"NUMEX_BILL_MELTON_CA_2019",4,309,2,7,10.8,6.8,7.8,1.05,6.7,0.484602745,0.465170029,0.404688859,0.506300131,0.489482861,0.460070213,0.582243249,0.26739764,0.507347171,0.461320304,0.585654895,0.479354833,0.298827975,0.459940531,0.414556963,0.569008381,0.444117848,0.429374237,0.484729757,0.4144545,0.427806454,0.373407126,0.455167726,0.378880526,0.389754907,0.442111128,0.302839489,0.441139849,0.548162702,0.522123253,0.51221128,0.541541013
"NUMEX_BILL_MELTON_CA_2019",3,310,2,6,10,6,6.8,0.7,6.3,0.482727734,0.456921228,0.424050907,0.501390133,0.478062849,0.473288373,0.572183378,0.309121493,0.49092586,0.43430032,0.570346148,0.454494023,0.247147552,0.455256957,0.37566972,0.558145281,0.440357567,0.435232414,0.476871058,0.411027404,0.426065955,0.380660766,0.445413027,0.373379451,0.372181408,0.431783359,0.291872766,0.426553901,0.53353396,0.528899472,0.487317895,0.549607263
"NUMEX_BILL_MELTON_CA_2019",3,311,2,5,9.95,6.2,7.3,0.95,6.7,0.481630142,0.463680835,0.38865787,0.507437153,0.449814254,0.507833394,0.571395227,0.282513071,0.498490145,0.429582668,0.573379807,0.440515055,0.16975643,0.450118513,0.388948223,0.564415208,0.417321293,0.438637478,0.466416693,0.404634514,0.421064745,0.250434746,0.483226253,0.259527556,0.272299883,0.448052358,0.31593219,0.445573548,0.556786341,0.49999137,0.478574006,0.534089191
"NUMEX_BILL_MELTON_CA_2019",2,312,2,4,9.15,5.75,7.25,0.55,6.35,0.479784251,0.469405413,0.387974989,0.494258547,0.455759911,0.517768312,0.553478907,0.273210825,0.486807631,0.426650109,0.55614126,0.449553191,0.191448731,0.43645347,0.406616949,0.5674139,0.423697683,0.438340755,0.469597009,0.406119818,0.400700892,0.288719631,0.44004069,0.344112047,0.324818741,0.442380988,0.316952064,0.461380339,0.564306338,0.518566041,0.489445564,0.539087874
"NUMEX_BILL_MELTON_CA_2019",2,313,2,3,8.65,6.75,7.35,0.8,6.95,0.479934235,0.459781062,0.397688219,0.480884567,0.456746183,0.543103028,0.545057378,0.319294032,0.484373774,0.460038079,0.556427844,0.476689526,0.217121376,0.4476246,0.429741178,0.548262364,0.429439878,0.427509159,0.434014112,0.411606056,0.407336648,0.271158572,0.428174639,0.345735455,0.388096431,0.451839471,0.316653111,0.508555161,0.588170874,0.575349597,0.516100908,0.551783711
"NUMEX_BILL_MELTON_CA_2019",1,314,2,2,10.3,6.7,8.1,0.95,7.45,0.465044214,0.456054695,0.408050001,0.509674832,0.510215368,0.528836146,0.571339541,0.347229164,0.496637787,0.47890762,0.552001386,0.481864846,0.221618643,0.441464729,0.465112386,0.581774604,0.427892641,0.424789598,0.434303263,0.416527349,0.41428207,0.275320838,0.493630379,0.369537454,0.398260834,0.44811938,0.326887058,0.522306973,0.578777269,0.578872807,0.529045887,0.574136437
"NUMEX_BILL_MELTON_CA_2019",1,315,2,1,8,3.85,6.1,0.2,6,0.447112509,0.448787512,0.449266199,0.551275478,0.550026986,0.575914457,0.566765576,0.366594841,0.492155549,0.393213322,0.513789033,0.412741802,0.295624146,0.456638739,0.36822344,0.527385114,0.440707859,0.435360437,0.457143251,0.426359857,0.425964657,0.412226208,0.514697447,0.404394047,0.417037734,0.428979158,0.224583334,0.419104105,0.484472394,0.44296134,0.445452172,0.525232076
"NM1703PAR",1,316,3,1,8.75,4.05,6.1,0.4,6,0.438709699,0.461229854,0.507979307,0.548223345,0.535301129,0.570204739,0.572304156,0.356314599,0.494468183,0.408406378,0.499008834,0.42207459,0.370956618,0.461657546,0.367093517,0.519785608,0.447015635,0.434274814,0.457885686,0.428025052,0.44145098,0.423531014,0.54236218,0.417258778,0.423650061,0.426416538,0.361147477,0.438943313,0.481551139,0.423360081,0.437508679,0.541058099
"AFX_779",1,317,3,2,10.25,6.75,8.95,1.1,8.05,0.467537736,0.458782743,0.499093532,0.516861915,0.503977383,0.547579062,0.577462537,0.345062932,0.506713467,0.478313262,0.561832769,0.502908389,0.223534752,0.455557764,0.434361366,0.573443561,0.436242221,0.425297394,0.442291206,0.405269689,0.423341817,0.309775767,0.453143229,0.222904855,0.405415097,0.429351942,0.321960506,0.508381971,0.602735426,0.552117341,0.528315429,0.60066277
"NM1703PAR",2,318,3,3,8.95,6.8,8.05,1.1,7.9,0.481103408,0.463944539,0.479080101,0.507523006,0.467307094,0.542749952,0.567171222,0.412398464,0.491755849,0.458798625,0.565248151,0.507534438,0.223756036,0.45036355,0.393982484,0.542674514,0.44386908,0.427511913,0.455193498,0.410699702,0.41874227,0.365656362,0.238743899,0.221028275,0.377825817,0.425651191,0.339998936,0.468127919,0.605893812,0.524930976,0.515220276,0.592901768
"SW_9720",2,319,3,4,8.8,6.5,7.95,1.35,7.25,0.476064003,0.46914099,0.478785112,0.49770531,0.439258088,0.485050747,0.550311288,0.35373681,0.492872946,0.427615466,0.555943572,0.478505157,0.232851911,0.45312441,0.367817386,0.529452916,0.439547792,0.426154976,0.473599538,0.402117014,0.4083454,0.372462889,0.228823668,0.217489244,0.233632391,0.427286986,0.364402694,0.43675555,0.571807335,0.464171002,0.476363024,0.543417271
"SW_1011",3,320,3,5,9.7,6.4,8.15,1.25,6.8,0.47905889,0.468515275,0.466261079,0.516606673,0.449337545,0.548401912,0.57968493,0.372640318,0.514001368,0.431329598,0.570735474,0.459401248,0.223613619,0.450823607,0.381563263,0.532880117,0.428777476,0.439974725,0.466298436,0.40535169,0.413657428,0.322009098,0.45122866,0.2167252,0.201497188,0.4417434,0.418290309,0.430382048,0.549905021,0.46048476,0.447504301,0.517224846
"NM1715PAR",3,321,3,6,8.35,5.3,6.45,0.45,5.65,0.496862326,0.461531685,0.487434116,0.500678564,0.459542458,0.474358071,0.56247276,0.363638171,0.478333418,0.414747547,0.541683123,0.444580102,0.188657397,0.444955277,0.36767465,0.567744732,0.451575859,0.447051675,0.481826204,0.410838139,0.423631976,0.292011799,0.448188969,0.247690669,0.232360541,0.432799569,0.318702144,0.408581292,0.523147533,0.475415328,0.471118704,0.558077886
"AMERISTAND_803T",4,322,3,7,10.65,6.45,8.55,1.15,7.1,0.474019357,0.471235478,0.475790627,0.519134201,0.447337225,0.486170079,0.580285015,0.351526772,0.519395983,0.459702047,0.576115408,0.489560646,0.22022329,0.451673307,0.389895101,0.567561025,0.44177153,0.428724709,0.488482904,0.411957657,0.428869344,0.275588846,0.426075712,0.19317687,0.227936626,0.434848004,0.444737055,0.439964332,0.555042646,0.499762557,0.487429844,0.547332754
"NUMEX_BILL_MELTON_CA_2019",4,323,3,8,9.35,5.2,6.5,0.55,6.15,0.490737297,0.479884243,0.43002289,0.504701236,0.431244651,0.510729318,0.573819439,0.500843637,0.489675905,0.437552353,0.553507146,0.450831858,0.253496796,0.448196821,0.367375566,0.565644753,0.44077218,0.461785853,0.475585329,0.40886524,0.313270362,0.451736743,0.515901625,0.422454705,0.420249476,0.441315545,0.406450809,0.40940389,0.512844706,0.475168156,0.473435015,0.533987039
"AFX_779",4,324,4,8,9.7,4.9,7.25,0.7,7.45,0.495245808,0.477970778,0.464934601,0.52486886,0.477220929,0.458995608,0.602845978,0.413541206,0.496515808,0.422753902,0.555018822,0.45559615,0.198959184,0.451856115,0.375296693,0.565459951,0.422397989,0.444260189,0.461451303,0.41603447,0.36097313,0.434552237,0.380666059,0.378932235,0.412025731,0.448761119,0.407577608,0.43018883,0.536943689,0.462826126,0.480935397,0.565949537
"NM1702PAR",4,325,4,7,9.45,5.65,7.4,0.8,6.95,0.491333208,0.472928233,0.499655728,0.506641693,0.450178045,0.478193197,0.586721545,0.36305891,0.499037904,0.412605506,0.562400965,0.484231153,0.23531013,0.440336134,0.415176334,0.537829902,0.432233886,0.416272425,0.465216663,0.407730567,0.417388786,0.287748954,0.209035804,0.256885666,0.194546058,0.442728504,0.49892407,0.437398337,0.539516979,0.450993787,0.438894424,0.550508086
"NUMEX_BILL_MELTON_CA_2019",3,326,4,6,10.3,6.45,7.2,0.75,6.7,0.490056496,0.473128358,0.472530704,0.509355635,0.444447387,0.499025229,0.60380414,0.415030043,0.485060208,0.416734417,0.559063283,0.481228023,0.184450868,0.445010329,0.381147981,0.538427888,0.433889076,0.426227975,0.461315934,0.405160026,0.413868127,0.291369865,0.344960637,0.181326048,0.181643397,0.44605287,0.43523484,0.411337644,0.542150935,0.422638024,0.408549206,0.520414211
"AFX_149092",3,327,4,5,9.75,6,8.3,0.85,7.8,0.494380757,0.47669894,0.488526479,0.528962986,0.452545281,0.506114033,0.606903909,0.374426694,0.533536561,0.428355305,0.594073961,0.497335916,0.247321995,0.45839437,0.402190672,0.545200685,0.424044818,0.416655448,0.44854586,0.402761679,0.414425079,0.285912559,0.323240623,0.279861115,0.202101336,0.434936533,0.490625493,0.445555716,0.577242018,0.461526259,0.447429771,0.551165273
"AFX_149092",2,328,4,4,9.45,6.7,8.65,1.25,8.1,0.488306008,0.469267277,0.481562115,0.518016449,0.455399707,0.495100329,0.582062979,0.422397996,0.511141699,0.419896599,0.580367145,0.519964305,0.254104912,0.458300133,0.409911342,0.536227544,0.421372855,0.41246738,0.44148357,0.398009234,0.403690297,0.32534444,0.233213054,0.310080873,0.214156529,0.433000832,0.497331893,0.443984894,0.590897914,0.449919758,0.439931894,0.542500191
"NUMEX_BILL_MELTON_FG2011",2,329,4,3,8.75,6.05,7.35,0.7,6.6,0.495753382,0.46600672,0.48439663,0.501600252,0.443715478,0.551080243,0.581201775,0.396851676,0.472039824,0.389166148,0.560036662,0.467595149,0.214451612,0.450376206,0.387007362,0.538984722,0.438873383,0.426476843,0.460509259,0.407277894,0.413858071,0.335410094,0.212737258,0.324722701,0.334397137,0.436447009,0.479425835,0.410741398,0.540129614,0.431886165,0.420571462,0.504566969
"NM1704PAR",1,330,4,2,9.5,6,7.9,0.9,8.1,0.468646674,0.462649817,0.482057775,0.51719746,0.457906956,0.561914573,0.588379304,0.403393167,0.496909546,0.436697499,0.571408221,0.48227259,0.215367342,0.45538083,0.401944398,0.548726176,0.42510005,0.412487751,0.435554925,0.404780561,0.407616334,0.295415623,0.348219372,0.247408703,0.372476349,0.431008464,0.39596284,0.496969524,0.607400277,0.5033333,0.468703922,0.549082185
"TMA_990",1,331,4,1,8.45,4.55,6.8,0.75,6.75,0.433935535,0.455740905,0.478770247,0.548493736,0.489048163,0.572643233,0.564435787,0.377324077,0.493630688,0.418695758,0.52294781,0.422442565,0.231267055,0.454215491,0.366984447,0.503308695,0.425339769,0.413402432,0.43810233,0.41226773,0.434793028,0.412300463,0.550061628,0.392650037,0.413573304,0.431604185,0.345176844,0.471672198,0.525478419,0.484620443,0.413866349,0.458896256
"NUMEX_BILL_MELTON_CA_2019",1,332,5,1,9.7,4.95,7.1,0.25,7.15,0.455963161,0.458864633,0.478384656,0.542333026,0.475556698,0.550562752,0.580663927,0.379830807,0.494202091,0.410497161,0.547379664,0.449403498,0.192245937,0.465506552,0.356969103,0.525398811,0.419744945,0.428088161,0.448282886,0.422282295,0.420894363,0.467126166,0.574047941,0.399583727,0.435464981,0.428548195,0.378723156,0.426430879,0.533181188,0.477014762,0.433582012,0.501386946
"NUMEX_BILL_MELTON_CA_2019",1,333,5,2,10.75,6.55,8.65,0.95,8,0.476834662,0.460118033,0.484900607,0.51387286,0.444770387,0.527497533,0.583039312,0.420778273,0.50311635,0.430712169,0.569970637,0.487022398,0.228022534,0.458535577,0.394250267,0.530245319,0.433576314,0.427450783,0.45067546,0.414022494,0.387507216,0.273920056,0.37390047,0.225267394,0.378404726,0.435131252,0.452919987,0.478254104,0.569877579,0.475237398,0.438520096,0.50989081
"NUMEX_BILL_MELTON_CA_2019",2,334,5,3,10.05,6.2,7.45,0.8,7,0.486009437,0.459395383,0.476660199,0.506906807,0.445439245,0.48291257,0.58344979,0.387918617,0.482388032,0.436633462,0.580414038,0.490788463,0.246375219,0.456999503,0.386528956,0.531725854,0.43997372,0.431609034,0.47523451,0.415959607,0.399290729,0.275425798,0.198459482,0.292068778,0.352688858,0.435066132,0.509317085,0.443293851,0.569179925,0.430536642,0.409706157,0.477234465
"NUMEX_BILL_MELTON_CA_2019",2,335,5,4,9.55,6.75,7.35,1.05,7.2,0.484444668,0.465358293,0.493692948,0.503882071,0.447604683,0.442371663,0.583658567,0.468346984,0.482031492,0.431771785,0.567142755,0.499242722,0.243975748,0.452652791,0.4086565,0.520811383,0.435587471,0.427317397,0.459924245,0.413070117,0.396121446,0.2823259,0.206427181,0.299356696,0.189124206,0.439824755,0.491644874,0.435976959,0.568394209,0.456523733,0.413056179,0.496966467
"NUMEX_BILL_MELTON_CA_2019",3,336,5,5,11,6.8,8,0.95,7.55,0.492229766,0.473413904,0.476951118,0.521618249,0.454801085,0.465006725,0.59809206,0.415566446,0.504057617,0.449769118,0.578594708,0.501839292,0.2606981,0.457771268,0.413098239,0.533689974,0.432930518,0.433505882,0.46855437,0.420285134,0.392874141,0.273060946,0.29515411,0.285079799,0.192408919,0.433578477,0.475770136,0.445789082,0.566200712,0.435003029,0.409503868,0.526310324
"NUMEX_BILL_MELTON_CA_2019",3,337,5,6,10,6.2,7.25,0.65,6.75,0.493810632,0.468531598,0.470447023,0.510542597,0.461411402,0.463616445,0.59301415,0.382792347,0.487203792,0.452657292,0.565751465,0.485527992,0.183540413,0.45851164,0.398955781,0.534143618,0.440344204,0.430886036,0.467399627,0.414921513,0.411751113,0.327843979,0.310512892,0.193067119,0.21001428,0.444380077,0.489621039,0.442297246,0.559613306,0.413913425,0.400537579,0.513856651
"NUMEX_BILL_MELTON_CA_2019",4,338,5,7,10.5,7.1,7.85,0.9,7.1,0.487805893,0.46704846,0.48278118,0.512664692,0.452306965,0.455223533,0.595310042,0.372232701,0.495943697,0.465904459,0.576202592,0.521749155,0.218111696,0.447507226,0.454094677,0.538227509,0.446748115,0.422945247,0.469016692,0.418914947,0.399807273,0.29757657,0.18104988,0.245372716,0.214632733,0.445013526,0.494969009,0.466598764,0.559184529,0.439585437,0.406278397,0.51648911
"NUMEX_BILL_MELTON_CA_2019",4,339,5,8,9.05,5.25,6.3,0.55,6.65,0.499874463,0.470407855,0.469875625,0.507972037,0.458309478,0.468105214,0.59070582,0.312147484,0.476947789,0.421663439,0.549382146,0.453943381,0.213961252,0.447899549,0.380613187,0.545223231,0.438814973,0.43718772,0.471852876,0.431208292,0.359328529,0.458495029,0.352734162,0.391673448,0.428066669,0.43774835,0.454204609,0.411185626,0.514909506,0.434564387,0.428427612,0.53218136
"AFX_149092",4,340,6,8,8,4.55,6.3,0.4,6.7,0.49009595,0.462879234,0.495899969,0.503585476,0.442786271,0.455225746,0.560401771,0.345203539,0.504444182,0.408607239,0.543306873,0.449654789,0.224059898,0.450806751,0.362972262,0.541843764,0.431218335,0.437791611,0.467470758,0.421638794,0.31948271,0.486272334,0.43504526,0.40473191,0.432721447,0.446736923,0.484969006,0.407005814,0.534992296,0.434163617,0.43219607,0.536295473
"NM1713PAR",4,341,6,7,7,4.15,5.85,0.45,5.05,0.486068323,0.456533757,0.492504674,0.491197466,0.443684311,0.484152915,0.548707305,0.446745674,0.465403763,0.414028194,0.515520911,0.437788292,0.185942108,0.445521365,0.371364683,0.515089163,0.447406774,0.438238706,0.469482955,0.424603281,0.408916075,0.396393711,0.221643256,0.201804334,0.22855832,0.456327153,0.512307358,0.430608468,0.487552309,0.398389941,0.402860776,0.514646803
"NUMEX_BILL_MELTON_FG2011",3,342,6,6,7.85,4.55,5.7,0.55,5.9,0.49957127,0.453798597,0.488820229,0.502591634,0.458204635,0.478162884,0.564944593,0.353658537,0.465969349,0.405011595,0.520624781,0.431957178,0.159127485,0.449515515,0.362464224,0.523825068,0.439634734,0.453897046,0.456536539,0.422695619,0.413515446,0.394974158,0.374539179,0.250723779,0.287730133,0.434472895,0.481282049,0.458469329,0.535754691,0.390002191,0.391136123,0.517755832
"SW_8888",3,343,6,5,8.05,4.2,6.5,0.6,5.9,0.485579961,0.451017639,0.484691089,0.512235793,0.448472209,0.51343179,0.569598774,0.381915154,0.482385217,0.41683713,0.527136325,0.441497007,0.21775001,0.452489294,0.393322548,0.513153449,0.437279758,0.436106752,0.471442557,0.418456204,0.396192578,0.343524645,0.363973491,0.227153037,0.214545533,0.447266393,0.493251495,0.422350652,0.53040215,0.389708342,0.371035654,0.482273084
"NM1705PAR",2,344,6,4,9.55,6.4,8.55,0.8,7.1,0.474739646,0.457678151,0.480581767,0.518007099,0.440183488,0.47213711,0.580884548,0.481102352,0.516025551,0.456658455,0.575136203,0.501807228,0.245812293,0.46479318,0.407395247,0.528984104,0.432996481,0.422879722,0.460457516,0.422024525,0.407134238,0.312962329,0.230225957,0.234032302,0.256812009,0.426237294,0.490490549,0.441232891,0.583205517,0.454126609,0.424824265,0.523209715
"DONA_ANA",2,345,6,3,9.4,5.95,8.3,1,8.2,0.477458503,0.452418301,0.480571858,0.524351353,0.454532411,0.511957683,0.584319291,0.462875651,0.517530902,0.449411257,0.573022886,0.493182597,0.228562252,0.4620141,0.396173156,0.541246653,0.431283861,0.438344314,0.454439441,0.417601996,0.397887455,0.284567562,0.257025499,0.20789185,0.356261881,0.433870208,0.470541336,0.466618219,0.593487559,0.454937268,0.428339396,0.510999082
"AFX_149092",1,346,6,2,9.55,5.6,8.6,0.8,7.75,0.477528615,0.458408138,0.475815578,0.525343227,0.448484046,0.563933973,0.58519776,0.428245898,0.534963286,0.433439268,0.571263293,0.490468129,0.228606333,0.461757285,0.404648126,0.532592617,0.430203318,0.429750509,0.446103842,0.420059964,0.380657319,0.316055036,0.484803574,0.211857865,0.367527993,0.437242125,0.48751407,0.471352522,0.573762465,0.479134493,0.444001504,0.528393428
"DONA_ANA",1,347,6,1,9.55,4.85,7.7,0.8,7.65,0.466911943,0.464709058,0.475094827,0.548994928,0.482545476,0.552650203,0.590146042,0.340474752,0.520867723,0.420899272,0.558248086,0.473743762,0.225575063,0.471337924,0.39775443,0.539465885,0.423482135,0.43898133,0.453966907,0.425650407,0.403745787,0.475903926,0.544245766,0.409223966,0.426619866,0.432127517,0.407991855,0.480856985,0.566802822,0.513405183,0.454540477,0.528430129
"NM170506PAR",1,348,7,1,10.9,5.75,8.9,0.95,8.25,0.469194254,0.461806167,0.493231264,0.552370284,0.474023999,0.562055604,0.595835546,0.362547354,0.539393018,0.44064932,0.576929752,0.479173656,0.240902656,0.472350756,0.406281379,0.542152423,0.422748115,0.425520784,0.454392953,0.42732719,0.378134427,0.490134374,0.561929726,0.412020514,0.431795676,0.436927646,0.429946223,0.475421201,0.570297873,0.503767959,0.45284507,0.554665174
"NUMEX_BILL_MELTON_CA_2019",1,349,7,2,10.45,5.7,7.95,0.75,7.75,0.486773115,0.465212317,0.484967497,0.536018157,0.459024809,0.546495114,0.596229477,0.338158884,0.504022713,0.414774731,0.567263145,0.478341364,0.214012741,0.452964019,0.39494572,0.542315711,0.433554571,0.434823822,0.462747265,0.427529154,0.371741327,0.284955102,0.509771172,0.225382814,0.364527295,0.431719396,0.506329377,0.469862478,0.56258308,0.459317588,0.409714826,0.49502993
"SW_8421S",2,350,7,3,9.5,5.3,8.15,0.9,7.55,0.483911205,0.464446745,0.477355998,0.51935592,0.457965627,0.528407763,0.593822844,0.323477289,0.517544225,0.420591858,0.578926442,0.473984044,0.216330168,0.458039137,0.381408112,0.550976129,0.430299975,0.423440655,0.45092957,0.406907442,0.392162707,0.261487183,0.393043672,0.20100306,0.34625642,0.453323576,0.494282056,0.446845388,0.586031748,0.444658258,0.409406498,0.509309815
"NM1713PAR",2,351,7,4,8.75,4.6,6.5,0.6,5.15,0.494746608,0.460725999,0.487602403,0.503271348,0.455558584,0.530744548,0.583193918,0.421767834,0.486785606,0.413316008,0.541351516,0.459672259,0.184977302,0.447174519,0.366061325,0.536742926,0.44689589,0.433779402,0.466799434,0.426180616,0.405974548,0.252009251,0.345119872,0.222176295,0.271932955,0.451344183,0.562789567,0.437944228,0.471635188,0.413639915,0.387653181,0.501942431
"SW_9720",3,352,7,5,9.6,5.1,7.1,0.75,6.2,0.480704411,0.453992444,0.480060272,0.519643524,0.448971325,0.501333367,0.598784028,0.364202745,0.501324641,0.437851434,0.542449861,0.450796704,0.222706178,0.447117803,0.386957525,0.516548294,0.438137,0.427918824,0.467312776,0.41745282,0.392667421,0.242541749,0.428746572,0.230226022,0.264530324,0.456821334,0.501223823,0.433519493,0.517970213,0.397027533,0.38572523,0.497487875
"AMERISTAND_803T",3,353,7,6,8.95,5.1,7.45,0.8,6.55,0.480416232,0.460243922,0.48279746,0.511266668,0.459357447,0.473872226,0.607189699,0.346122839,0.497587348,0.439336419,0.555892784,0.458607392,0.182783246,0.439947465,0.367953187,0.550252862,0.435881436,0.429945643,0.465457575,0.414262407,0.401894231,0.328353303,0.43404806,0.21803854,0.315037578,0.43637254,0.50029944,0.435697528,0.54660803,0.405431453,0.40487477,0.516098835
"TMA_990",4,354,7,7,10.25,5.8,7.7,1.1,7.25,0.476381588,0.447620146,0.463361266,0.513815771,0.436718129,0.459089433,0.598274497,0.518765102,0.498674571,0.446982378,0.556574083,0.469688726,0.223926523,0.426804194,0.4042629,0.536441894,0.442495726,0.407093373,0.476026118,0.407463856,0.395566176,0.340425528,0.33518277,0.204674196,0.338757063,0.442601172,0.436146845,0.461639307,0.559895739,0.431426457,0.371245421,0.468342721
"NUMEX_BILL_MELTON_FG2011",4,355,7,8,8.1,4.25,5.4,0.35,5.3,0.497245708,0.466100998,0.495342374,0.502998515,0.454897634,0.466438128,0.573194652,0.370461663,0.47630733,0.37515624,0.517692347,0.427718766,0.278015946,0.445978634,0.378790972,0.534322808,0.449972458,0.445099918,0.473321199,0.428962109,0.343549585,0.51130761,0.489993629,0.417718633,0.459916982,0.485463875,0.520880407,0.36616846,0.474569941,0.375116601,0.39724471,0.51199104
"NUMEX_BILL_MELTON_CA_2019",4,356,8,8,8.75,4.5,6.2,0.4,6.35,0.490786988,0.467119363,0.490771369,0.502421701,0.450392294,0.527440404,0.575763205,0.34443084,0.477663685,0.376668742,0.522533229,0.419164366,0.27591872,0.449220138,0.388124127,0.545281001,0.450129463,0.442801443,0.468501184,0.409340029,0.351964509,0.448319743,0.503051432,0.41473815,0.45929435,0.446963473,0.502571868,0.378904211,0.510736232,0.407853846,0.395831358,0.50273449
"NUMEX_BILL_MELTON_CA_2019",4,357,8,7,8.85,4.85,6.5,0.5,6.55,0.47102678,0.460615502,0.48402785,0.507624981,0.443868644,0.509758285,0.581017536,0.480527927,0.471539823,0.420937677,0.532047099,0.430847948,0.190948574,0.437773948,0.383107785,0.532469004,0.447812214,0.44150211,0.462840045,0.404558976,0.408035491,0.210756082,0.42623529,0.188044176,0.383662946,0.448890795,0.488276527,0.397610819,0.533056918,0.40707999,0.39916617,0.510106477
"NUMEX_BILL_MELTON_CA_2019",3,358,8,6,9.3,5.15,6.65,0.55,6.55,0.477620648,0.456845999,0.473578119,0.511147307,0.434687208,0.512509817,0.598781863,0.374254026,0.470489718,0.389297528,0.535837696,0.436813764,0.190120443,0.438949291,0.373998639,0.549640951,0.433949925,0.436872317,0.458973238,0.411341647,0.404246318,0.237620659,0.479635559,0.239225679,0.367132923,0.446596099,0.499764197,0.411984635,0.533589763,0.403355864,0.415272233,0.54174088
"NUMEX_BILL_MELTON_CA_2019",3,359,8,5,9.35,4.8,6.35,0.3,6.5,0.484556234,0.454458871,0.48202433,0.527812989,0.459883403,0.511086673,0.598831263,0.395177119,0.489040137,0.442133494,0.54076733,0.44983133,0.217601188,0.444868528,0.397565407,0.529749313,0.438634892,0.447373343,0.466393744,0.421934343,0.402852541,0.25534183,0.449983824,0.189025724,0.3433749,0.444774627,0.501304352,0.423727207,0.527577386,0.399204733,0.406640219,0.530817726
"NUMEX_BILL_MELTON_CA_2019",2,360,8,4,11.1,5.95,7.35,0.9,7.15,0.483738031,0.451401969,0.464638373,0.522618567,0.441375012,0.517720879,0.610510054,0.487901245,0.495926433,0.438158505,0.559435245,0.462579953,0.199818399,0.454969849,0.391975867,0.543388897,0.444366214,0.433823109,0.454576345,0.419786631,0.394428989,0.261561844,0.373520579,0.187622302,0.346513129,0.443040796,0.48606791,0.413552682,0.534701933,0.42012841,0.425326185,0.544887016
"NUMEX_BILL_MELTON_CA_2019",2,361,8,3,11.5,6.1,8.1,1.1,7.45,0.49597078,0.462665318,0.457362032,0.53272779,0.454073134,0.545345542,0.602067694,0.445595086,0.493094001,0.420460523,0.565780194,0.475457215,0.177174387,0.448516327,0.3678739,0.562411827,0.429229251,0.435041946,0.455859306,0.42232421,0.40983297,0.252540372,0.430801919,0.177516539,0.369715462,0.441262407,0.461250951,0.436893835,0.575710401,0.422086129,0.401978106,0.508767543
"NUMEX_BILL_MELTON_CA_2019",1,362,8,2,11.75,6.1,8.5,0.75,7.85,0.483463563,0.465095699,0.483525643,0.560506779,0.477822924,0.522608439,0.611193284,0.377286768,0.51748993,0.420117304,0.568067903,0.485960575,0.229162628,0.460497031,0.409149101,0.556039581,0.416559817,0.435871011,0.461233466,0.420541883,0.392706366,0.281270694,0.509308959,0.210741826,0.380491526,0.443008568,0.456728934,0.460685512,0.564968022,0.457565949,0.415478916,0.51483669
"NUMEX_BILL_MELTON_CA_2019",1,363,8,1,10.9,5.6,8.05,0.7,8.4,0.471883234,0.45685656,0.481634668,0.558973943,0.475838778,0.526879795,0.595168986,0.335835407,0.504341723,0.413275147,0.55687373,0.473857722,0.251797598,0.462548629,0.382020574,0.553742321,0.42338355,0.438945048,0.456492414,0.422155001,0.385278848,0.461664253,0.558179263,0.425971458,0.459750374,0.444043402,0.358508428,0.473856527,0.558454891,0.48617394,0.435602199,0.548451211
"SW_9720",1,364,9,1,9.8,5.4,7.55,0.75,7.5,0.498837622,0.464301107,0.476524295,0.542210882,0.445487597,0.529274068,0.578197611,0.270210963,0.496299674,0.398668355,0.540847792,0.441165944,0.232733616,0.457914643,0.36554706,0.520734135,0.43033645,0.431917997,0.469898592,0.420626127,0.391579055,0.435731984,0.553903209,0.404203535,0.451849225,0.44246607,0.474580065,0.42733463,0.530784742,0.423876838,0.389142806,0.509375782
"NUMEX_BILL_MELTON_FG2011",1,365,9,2,10.45,5.5,7.65,0.55,7,0.501269749,0.471331661,0.465860622,0.551064035,0.442282121,0.520486943,0.596736432,0.396385257,0.500672172,0.404575584,0.55502085,0.463643642,0.182516363,0.447563926,0.388976934,0.559631737,0.417032123,0.449837647,0.462756917,0.417509841,0.381502337,0.367016133,0.46688043,0.229539176,0.3885954,0.429494919,0.51203904,0.401121347,0.543077843,0.428660606,0.408879932,0.526486837
"NM1702PAR",2,366,9,3,9.6,5.25,8.3,0.8,7.4,0.492598833,0.468434789,0.462144148,0.534910591,0.447485148,0.510241174,0.597154331,0.543134198,0.50753351,0.42013119,0.56409986,0.451793949,0.174701484,0.443393168,0.389305149,0.561087755,0.423663952,0.425162393,0.449970716,0.412765871,0.388903227,0.415713917,0.257418252,0.238555751,0.35872758,0.432717394,0.467634205,0.432721936,0.574579618,0.427853913,0.431960151,0.548536318
"AFX_779",2,367,9,4,8.9,4.85,7.2,0.6,7.35,0.494885687,0.464471781,0.473946015,0.524527622,0.446796451,0.49875724,0.586906792,0.529965234,0.493836168,0.419078531,0.542544101,0.433148734,0.163356495,0.455319452,0.379243645,0.525309466,0.442592921,0.443523058,0.467182372,0.427504506,0.388893917,0.420815681,0.178836454,0.222791784,0.374671154,0.455419811,0.500858393,0.429939155,0.546237981,0.407518027,0.436204503,0.556496617
"NM1712PAR",3,368,9,5,8.6,4.4,6.2,0.3,5.7,0.489786222,0.458633469,0.477660012,0.526417731,0.445281884,0.468339558,0.592380305,0.527222379,0.488431563,0.418437423,0.527048597,0.432093007,0.162122963,0.44829618,0.402957392,0.520729444,0.44663672,0.448061712,0.468167989,0.432568333,0.398038285,0.369433559,0.287414976,0.216277838,0.401769191,0.466425348,0.536357717,0.435881783,0.474468761,0.410251475,0.40193366,0.5225041
"NUMEX_BILL_MELTON_FG2012",3,369,9,6,9.35,5.05,7,0.75,6.55,0.483064206,0.469498186,0.472637587,0.528757561,0.440752711,0.515200013,0.59923764,0.483069047,0.48211481,0.415494978,0.536976564,0.435806164,0.160065444,0.442137919,0.40213571,0.543149257,0.445182753,0.440496275,0.468687137,0.414311886,0.392938011,0.38526938,0.322146601,0.200759667,0.380835205,0.43969595,0.497721208,0.411850156,0.519889214,0.388547498,0.40982192,0.540188922
"SW_8888",4,370,9,7,7.9,4.65,6.85,0.35,6.2,0.471952857,0.470318081,0.477838917,0.509154199,0.422795956,0.501808718,0.562450343,0.467034336,0.481724867,0.415686818,0.529762095,0.432074078,0.171605409,0.437451762,0.397748579,0.525422538,0.439420015,0.442466026,0.464681653,0.395865531,0.394025846,0.386200597,0.230354317,0.215063622,0.361366659,0.450323366,0.486493378,0.422785916,0.511987546,0.383251508,0.394694517,0.5095463
"SW_8421S",4,371,9,8,8.25,4.8,7,0.45,6.6,0.480333317,0.469323003,0.487775292,0.511142532,0.44218728,0.534301692,0.559726966,0.33084541,0.501526556,0.43109535,0.541044169,0.450074848,0.217104798,0.444526209,0.421353052,0.534537831,0.444284364,0.438643634,0.474005019,0.406270647,0.342538406,0.396155166,0.513191844,0.357180307,0.457621458,0.453052522,0.482743651,0.432918043,0.548720489,0.423839752,0.420017998,0.511612263
"SW_9813",4,372,10,8,9.5,5.55,7.45,0.75,7.05,0.48457771,0.479760382,0.495032344,0.515209148,0.450908569,0.553387974,0.578419854,0.330793447,0.502362061,0.434951048,0.543596072,0.441247068,0.18352685,0.438986076,0.422049259,0.520963227,0.448616858,0.436166478,0.482537319,0.415088658,0.375280711,0.378607541,0.492600938,0.346931174,0.45630567,0.446262856,0.490215605,0.417771038,0.529860382,0.41148607,0.432372334,0.524211243
"NM1703PAR",4,373,10,7,10.45,6,8.5,0.7,7.35,0.468809395,0.470914864,0.473945485,0.528904931,0.445715463,0.556072465,0.605413815,0.403011659,0.516686652,0.452706766,0.566505919,0.491894916,0.242317464,0.434561532,0.442118309,0.542103074,0.431778783,0.43469109,0.473450421,0.400648567,0.404191014,0.3450726,0.213639548,0.212646161,0.418713677,0.444180621,0.498498618,0.423999771,0.548950013,0.422618596,0.443912781,0.547661604
"MESQUITE",3,374,10,6,10.75,6.05,8.7,1,7.45,0.481173295,0.468798181,0.470150087,0.53097392,0.444457252,0.541392875,0.61562029,0.476918983,0.522221472,0.444255795,0.564178321,0.452935553,0.257980704,0.431156387,0.416392939,0.53741253,0.438698441,0.419446661,0.463875001,0.408235313,0.400425302,0.363045213,0.22829988,0.228017195,0.388893881,0.450791661,0.505814707,0.420275807,0.537917605,0.421687356,0.427173826,0.528304162
"TMA_990",3,375,10,5,11.35,5.45,8,0.75,6.95,0.497998616,0.458844504,0.456402389,0.58351023,0.462519416,0.504070726,0.620135666,0.489879222,0.531836427,0.448017659,0.55498046,0.43456951,0.243276303,0.436400439,0.406213059,0.516929884,0.431546814,0.427597518,0.463752871,0.413203841,0.404941623,0.344363922,0.228204548,0.209321415,0.424468194,0.434473475,0.49673469,0.456013804,0.538102894,0.429231047,0.400197726,0.496249886
"TMA_990",2,376,10,4,11.6,6.15,8.65,1.3,7.7,0.49229624,0.450267121,0.443246084,0.575737057,0.458598194,0.48772646,0.617550817,0.525910005,0.532965721,0.433041336,0.567935918,0.4507235,0.243676972,0.441696547,0.385602582,0.522837261,0.427161497,0.421305298,0.457523234,0.411702719,0.395355753,0.361887593,0.252040276,0.224547939,0.398677801,0.444620899,0.492142654,0.444020943,0.570649443,0.413859186,0.397225243,0.487967402
"NM1704PAR",2,377,10,3,10.9,6.35,8.65,0.95,8.6,0.494036575,0.471637207,0.454545213,0.551165103,0.453951639,0.501996594,0.617010084,0.520938139,0.521958314,0.427521811,0.583025176,0.471139908,0.253351453,0.444013772,0.397395341,0.558696325,0.425481436,0.430725441,0.465802988,0.419388405,0.397153045,0.379603255,0.261209259,0.248905528,0.347985266,0.431977103,0.476454113,0.440253491,0.585523958,0.437905355,0.456520104,0.561068202
"NUMEX_BILL_MELTON_FG2012",1,378,10,2,11.3,6.35,8.3,0.75,8,0.501358834,0.46799659,0.463214391,0.561111581,0.455055646,0.51084723,0.611611002,0.403337792,0.506070944,0.417883833,0.568239091,0.461242515,0.233937572,0.453302672,0.39061747,0.549031805,0.399383346,0.435682141,0.463683729,0.412720657,0.375646426,0.331442455,0.320484529,0.232142089,0.398067002,0.436519402,0.488704547,0.414925231,0.567268019,0.421530675,0.428467496,0.535885914
"AMERISTAND_803T",1,379,10,1,10.6,5.75,8.5,0.75,7.85,0.501498253,0.458576859,0.461093548,0.553658609,0.461128843,0.500980267,0.593641539,0.263379886,0.521109441,0.420829891,0.554440853,0.460751644,0.210139239,0.459803922,0.389546854,0.536354587,0.404680641,0.426850335,0.469403544,0.418173123,0.360712065,0.40903395,0.523431593,0.362631721,0.442762008,0.449921927,0.450566974,0.45694419,0.555362759,0.419263141,0.418232886,0.530360155
"NUMEX_BILL_MELTON_CA_2019",1,380,11,1,11.15,6.2,7.95,0.8,8.3,0.511390268,0.463156639,0.447861506,0.542734732,0.455726115,0.518583272,0.594595865,0.239770767,0.504387511,0.427836099,0.562524595,0.468608642,0.216197734,0.459480124,0.380745759,0.552283641,0.389089687,0.447785753,0.468414314,0.412761101,0.292660745,0.365059296,0.534567284,0.299990044,0.37418927,0.440614265,0.425303035,0.470158312,0.583495384,0.426458556,0.408625761,0.514610523
"NUMEX_BILL_MELTON_CA_2019",1,381,11,2,9.6,6.1,8.35,0.8,7.4,0.51860216,0.473554356,0.435244215,0.513923307,0.438813303,0.54132647,0.58339305,0.432075706,0.500387878,0.415516717,0.554478878,0.457760999,0.290310427,0.457422927,0.383952286,0.53647804,0.385290498,0.439283719,0.455189361,0.405553678,0.308426904,0.382458101,0.311743673,0.30172522,0.318419213,0.445300696,0.471771863,0.432758294,0.576402243,0.423017119,0.408975246,0.512101971
"NUMEX_BILL_MELTON_CA_2019",2,382,11,3,11.45,6.8,8.45,0.8,7.6,0.50446116,0.463165435,0.452548772,0.528606226,0.457536935,0.526723228,0.587224329,0.54191013,0.513474598,0.437271866,0.572588396,0.470216804,0.249454302,0.458684102,0.383238886,0.531647122,0.419164168,0.430648995,0.453944813,0.415801724,0.375064522,0.352915938,0.277107114,0.271800431,0.328083933,0.446365499,0.4771508,0.44184596,0.564539281,0.408496153,0.417445361,0.519563575
"NUMEX_BILL_MELTON_CA_2019",2,383,11,4,10.65,5.15,7,0.5,6.75,0.485313201,0.466700835,0.473079098,0.545037513,0.463302073,0.494943994,0.598081121,0.543616838,0.488463855,0.437863209,0.556948591,0.437723972,0.231807714,0.451370816,0.367821723,0.523801508,0.434119658,0.443806309,0.473916092,0.410893389,0.360992123,0.349893551,0.278359126,0.243735317,0.312998898,0.448999111,0.483593414,0.438608071,0.522539147,0.390846829,0.411801547,0.522994487
"NUMEX_BILL_MELTON_CA_2019",3,384,11,5,10.25,5.05,7.25,0.5,6.6,0.482426927,0.461312547,0.48161361,0.550094223,0.466699775,0.529188246,0.602213759,0.554059578,0.490793753,0.445195492,0.556985549,0.445937655,0.224282379,0.449356105,0.409485957,0.518604651,0.443395773,0.447338595,0.481255146,0.416743921,0.353573171,0.373828367,0.250475459,0.232377926,0.357503059,0.444987971,0.505427135,0.426790455,0.512315396,0.389426535,0.391969445,0.502320781
"NUMEX_BILL_MELTON_CA_2019",3,385,11,6,11.25,5.6,8.35,0.8,6.8,0.48067332,0.470338666,0.47033377,0.538836291,0.455001488,0.56569831,0.613325139,0.468632305,0.507060344,0.457278488,0.57061519,0.458014608,0.248406704,0.441102258,0.412654968,0.537457134,0.440662287,0.430371836,0.473058204,0.413980121,0.367526768,0.385079691,0.256241584,0.231582617,0.345741564,0.448033994,0.501256583,0.438852903,0.529680686,0.37912945,0.410989349,0.5063267
"NUMEX_BILL_MELTON_CA_2019",4,386,11,7,11.2,5.7,8,0.75,7.05,0.469711985,0.473785784,0.482527245,0.539201088,0.45345372,0.562177391,0.612258207,0.370176806,0.501348848,0.46261841,0.565939389,0.47440415,0.241246078,0.440646434,0.418694386,0.528804271,0.434609512,0.440351452,0.470067211,0.410014711,0.367060499,0.36646174,0.239481054,0.234569263,0.349087163,0.452645885,0.498170324,0.440882925,0.540710515,0.394715515,0.407768948,0.497173238
"NUMEX_BILL_MELTON_CA_2019",4,387,11,8,10.45,5.2,7.1,0.45,6.6,0.485885624,0.469186266,0.479737146,0.534694761,0.458817715,0.531229227,0.607602183,0.307293215,0.492888146,0.431516021,0.553542443,0.45858885,0.195478997,0.44794604,0.445409754,0.547414613,0.447191851,0.433322159,0.480687831,0.418101203,0.374043722,0.394242237,0.476298109,0.359499644,0.447075149,0.445209615,0.441597604,0.408187419,0.531127319,0.38819982,0.406518034,0.491387061
"NUMEX_BILL_MELTON_FG2012",4,388,12,8,8.85,4.25,6.15,0.3,6.9,0.495183139,0.468869673,0.490063537,0.538772415,0.454266971,0.522358557,0.59024615,0.346821674,0.478687894,0.379080801,0.525908801,0.433400454,0.197600137,0.446963499,0.381316632,0.531971832,0.441525189,0.442996277,0.482162063,0.428895592,0.358690799,0.40575556,0.488333939,0.400808833,0.4626575,0.472527215,0.375279839,0.386847486,0.523205351,0.376811962,0.426229466,0.517476599
"NM170506PAR",4,389,12,7,10.95,5.7,9.1,0.7,7.5,0.481086463,0.477146849,0.471082125,0.548355447,0.44708875,0.5640024,0.612858385,0.437226127,0.52942171,0.478602637,0.585455129,0.48662645,0.197824365,0.445437313,0.429474545,0.566930516,0.43972368,0.44432974,0.471017268,0.408543391,0.341348416,0.258786942,0.21168765,0.166805413,0.4200361,0.459984448,0.516670546,0.480605124,0.554832323,0.402779033,0.436720842,0.542430294
"NM170506PAR",3,390,12,6,10.9,6.15,9.4,0.95,7.4,0.474372566,0.466852734,0.460873943,0.540153539,0.448752822,0.570449744,0.595665635,0.379614614,0.535152627,0.471453959,0.593966817,0.508670118,0.240370603,0.45699001,0.415301291,0.578982884,0.426460798,0.422162522,0.459553948,0.404300098,0.326253205,0.299015787,0.227352137,0.189561744,0.387032064,0.449455987,0.490280462,0.481552605,0.569956031,0.411651929,0.443938088,0.548901405
"NM1702PAR",3,391,12,5,10.25,5.35,7.85,0.5,6.25,0.476099402,0.457932617,0.469664691,0.533754533,0.453801692,0.530759872,0.588432311,0.471561975,0.517747453,0.45578499,0.56700668,0.454621697,0.205373436,0.452926797,0.417332552,0.536545142,0.439420219,0.434512533,0.473652527,0.412335283,0.318194759,0.288123724,0.211443168,0.18477472,0.421676715,0.468495882,0.512507856,0.454146639,0.524249765,0.387230056,0.419824169,0.521931594
"AMERISTAND_803T",2,392,12,4,10.45,5.55,8.1,0.75,6.5,0.47964299,0.454499561,0.465833017,0.531376698,0.444643474,0.526361952,0.585289727,0.526307145,0.524489631,0.437126466,0.568983696,0.452286101,0.211738766,0.445878056,0.388068646,0.531843004,0.429913725,0.440631819,0.464895179,0.401779975,0.34491497,0.293650736,0.237214015,0.189297556,0.403233971,0.458208597,0.500043079,0.443287396,0.522374319,0.3940428,0.402747253,0.505847793
"NM1701PAR",2,393,12,3,10.95,6.65,8.75,0.9,7.6,0.48268141,0.461534527,0.465495558,0.523664667,0.455548031,0.517106584,0.582289321,0.478186252,0.525714629,0.430675762,0.594538026,0.486499829,0.225495565,0.440444692,0.397381497,0.565239376,0.407247466,0.43928736,0.435814354,0.402340065,0.384259615,0.30772656,0.262053369,0.230214423,0.385938212,0.444824055,0.4607246,0.44875114,0.570257324,0.419112376,0.450010432,0.55473687
"NM1705PAR",1,394,12,2,10.05,6.1,8.9,1,7.25,0.490490343,0.460125704,0.479950204,0.532748168,0.445889916,0.531393618,0.591697839,0.377034625,0.530208163,0.434547411,0.580626217,0.483510695,0.261869993,0.459460394,0.390358128,0.540141941,0.400903339,0.439245669,0.434536318,0.404286619,0.305693627,0.300970158,0.35823325,0.282406988,0.379220077,0.441059515,0.482548906,0.438736553,0.561647644,0.420565787,0.443233191,0.551504455
"NM1713PAR",1,395,12,1,9.55,5.25,7.2,0.7,6.55,0.497862695,0.466659338,0.480506737,0.513362874,0.462484239,0.571805762,0.585816055,0.284922313,0.504612593,0.399521219,0.550721563,0.468258241,0.20224383,0.450696584,0.372924372,0.539815155,0.404971745,0.460722709,0.472575086,0.410023176,0.264258861,0.345628446,0.506393042,0.288096449,0.446236341,0.437197987,0.491534534,0.395720226,0.52995327,0.387317202,0.425099784,0.54110693
"NM1712PAR",1,396,13,1,10.05,5.4,8.05,0.65,6.2,0.493599285,0.463207215,0.476909356,0.508844361,0.457100974,0.507440487,0.594295675,0.304257411,0.498745353,0.404780055,0.549708087,0.446170537,0.205677675,0.453603407,0.377588821,0.556333939,0.415049758,0.446626756,0.46435328,0.407055795,0.334032549,0.378541741,0.446847244,0.291930899,0.434347222,0.45265551,0.526170599,0.394537835,0.508371326,0.395251816,0.421258096,0.526099966
"SW_9812",1,397,13,2,10.9,6.2,8.75,1,6.85,0.475262913,0.460038701,0.450158599,0.534647521,0.46448721,0.577799509,0.597822497,0.397217218,0.526480252,0.430011014,0.580443801,0.467563086,0.231858954,0.45759202,0.384962479,0.530313562,0.399549172,0.438833398,0.462534961,0.40205257,0.338433607,0.322643063,0.368611771,0.336853383,0.360909777,0.444914989,0.485866714,0.416159751,0.554554214,0.407841458,0.417419674,0.515576491
"SW_1011",2,398,13,3,9.85,6.55,8.75,1,7.15,0.4914082,0.454352186,0.4428973,0.513601978,0.446425391,0.552476318,0.575660347,0.380759524,0.519401988,0.434351714,0.587343655,0.475727435,0.204970108,0.447654308,0.377323729,0.556713712,0.378959817,0.414253462,0.392899495,0.394899754,0.331741244,0.387025052,0.360393705,0.260445587,0.387993034,0.44047557,0.444419048,0.406533532,0.555534737,0.397985225,0.423302111,0.513777014
"SW_9813",2,399,13,4,10.5,6.1,8.15,0.95,7,0.484748174,0.445479472,0.466053507,0.525663081,0.452384846,0.549814944,0.596158208,0.504235481,0.513832839,0.433223737,0.577211639,0.450198898,0.20316295,0.442266476,0.377659935,0.557262211,0.42006918,0.436958742,0.463687669,0.404393923,0.339700948,0.382027149,0.25518109,0.203633322,0.339177307,0.445517353,0.453944277,0.417672427,0.542149635,0.390383186,0.407408478,0.502416449
"AFX_779",3,400,13,5,9.75,5.1,7.5,0.25,6.7,0.475352669,0.462462119,0.484900607,0.515856535,0.456070568,0.543181244,0.600164191,0.396674351,0.502475141,0.428302609,0.563512111,0.454240157,0.201799246,0.447513476,0.382002478,0.569343909,0.435416704,0.439453165,0.464879229,0.402253234,0.357042623,0.338985186,0.230688388,0.178518309,0.361448417,0.447825285,0.497374793,0.454019226,0.545845542,0.393052585,0.42979243,0.541447394
"SW_8421S",3,401,13,6,10.45,6.25,8.9,1.1,7.6,0.472580947,0.458436053,0.47285383,0.52151499,0.438405551,0.594948208,0.603085343,0.341111567,0.523540671,0.451864049,0.593498767,0.496991558,0.229847966,0.446533279,0.394614267,0.56869548,0.421729915,0.422433374,0.450090219,0.400752492,0.348446828,0.322081007,0.2411074,0.192998316,0.389389893,0.451243516,0.452320591,0.466906424,0.576845329,0.413429928,0.423241272,0.525231243
"DONA_ANA",4,402,13,7,10.95,5.6,8.8,0.8,7.3,0.476787921,0.47147134,0.480056556,0.55038727,0.450430379,0.592711662,0.62128738,0.40526691,0.520586145,0.488195772,0.590116046,0.486813018,0.17147599,0.445167289,0.443908895,0.572159569,0.43563779,0.434818963,0.470893441,0.408934076,0.398113327,0.384568113,0.20031737,0.189294,0.41076583,0.450360429,0.477316603,0.490063897,0.562880005,0.418114456,0.422165608,0.519375019
"SW_9812",4,403,13,8,9.95,5.15,7.8,0.65,6.9,0.474776219,0.454983074,0.4857585,0.551391117,0.4568052,0.571829163,0.616857566,0.327129517,0.504737671,0.450022463,0.560708603,0.445602456,0.225786052,0.452279509,0.456762683,0.555669021,0.436527629,0.437197846,0.462369251,0.419080675,0.376925684,0.483331504,0.485643521,0.43522256,0.44746143,0.461249074,0.374041074,0.418496033,0.5333797,0.40003175,0.436991014,0.527855049
"NUMEX_BILL_MELTON_CA_2019",4,404,14,8,9.7,5.15,6.9,0.4,6.4,0.48364794,0.470414857,0.500423018,0.527287354,0.453245401,0.501024571,0.591904963,0.272889361,0.489112759,0.421547354,0.545627995,0.456323397,0.228846145,0.448299432,0.418115748,0.550553484,0.422248262,0.450067378,0.463196176,0.421660413,0.351839003,0.522898451,0.508983802,0.464078817,0.441800792,0.452679885,0.414936725,0.428500801,0.534435724,0.388386227,0.409272004,0.490407495
"NUMEX_BILL_MELTON_CA_2019",4,405,14,7,10.25,5.6,7.4,0.9,6.25,0.475748748,0.463110491,0.490010803,0.52616697,0.438565812,0.528300334,0.594545518,0.310756282,0.490175061,0.451871766,0.554535491,0.450154738,0.177925345,0.446664669,0.421569551,0.549677651,0.426366794,0.434603524,0.465395328,0.408891219,0.434357857,0.503592868,0.290249271,0.372779462,0.447307839,0.460102,0.462642631,0.461789502,0.506342314,0.367055516,0.398866201,0.496029601
"NUMEX_BILL_MELTON_CA_2019",3,406,14,6,9.4,5.95,7.15,0.6,6.45,0.479671865,0.463531645,0.490755797,0.502469609,0.446154188,0.572305847,0.576669102,0.270313452,0.487085358,0.412207588,0.554414997,0.469514235,0.168062114,0.442613759,0.369680867,0.557890895,0.410583142,0.432502801,0.463860425,0.399023891,0.42311491,0.468715359,0.237093339,0.296522719,0.416498248,0.444130029,0.428616219,0.460842053,0.542643268,0.375892481,0.395128163,0.492298821
"NUMEX_BILL_MELTON_CA_2019",3,407,14,5,9.75,6.25,7.4,0.75,6.75,0.478331551,0.461659326,0.480663876,0.517485748,0.444386639,0.541771743,0.598771794,0.299929786,0.49359616,0.420415542,0.564531176,0.473080092,0.192731556,0.440171308,0.39243439,0.567270028,0.412891877,0.441577761,0.456524523,0.403838477,0.403100944,0.499298332,0.236911298,0.288188661,0.331795415,0.439622555,0.439737839,0.458420119,0.554318437,0.385633915,0.396015903,0.502235381
"NUMEX_BILL_MELTON_CA_2019",2,408,14,4,9.75,6,7.25,0.75,6.5,0.486771142,0.46579108,0.479892339,0.51097923,0.450638546,0.542998679,0.58219783,0.337831667,0.480298893,0.404400028,0.548992246,0.460709388,0.168781171,0.439317421,0.359153306,0.557090048,0.414319701,0.440613819,0.469083864,0.406650848,0.384751131,0.489776239,0.207677803,0.30969257,0.325034012,0.446884385,0.40562567,0.405758755,0.513627292,0.380527862,0.419303142,0.510198679
"NUMEX_BILL_MELTON_CA_2019",2,409,14,3,9.9,6.6,7.75,0.85,6.4,0.486044478,0.472688264,0.436401168,0.505208069,0.423583063,0.562924929,0.563381532,0.254774072,0.492519596,0.441905153,0.563498739,0.494113187,0.158318074,0.443031013,0.365076657,0.563926796,0.390502162,0.431120774,0.424687287,0.396533495,0.334483735,0.474160139,0.448246925,0.295995406,0.41205782,0.435611545,0.373631364,0.394137102,0.555270071,0.399176661,0.42555771,0.502009546
"NUMEX_BILL_MELTON_CA_2019",1,410,14,2,10.3,5.95,7.75,0.7,6.75,0.478325847,0.472235644,0.457914496,0.517632621,0.454713167,0.568410541,0.578775447,0.290552036,0.503470512,0.405125327,0.550091554,0.454020654,0.180699975,0.452515038,0.388718133,0.54551294,0.413231574,0.445693424,0.460332439,0.408197866,0.36810532,0.478899285,0.40070639,0.246132033,0.342679194,0.446340027,0.443224941,0.425172236,0.53230442,0.386313122,0.385065592,0.488640865
"NUMEX_BILL_MELTON_CA_2019",1,411,14,1,10.7,6.65,8.5,0.95,7.15,0.477473213,0.471818531,0.451847664,0.520219893,0.438664404,0.562149312,0.596042534,0.258772481,0.505355236,0.438421324,0.56288639,0.463584537,0.223468566,0.442759745,0.396438496,0.542614527,0.404637707,0.430249293,0.461619331,0.399719149,0.342598365,0.461965096,0.429301096,0.304884982,0.405963798,0.443202237,0.422214298,0.428373233,0.551496999,0.40110876,0.392351716,0.483715472
"NM1715PAR",1,412,15,1,8.2,4.85,7.3,0.5,6.45,0.497159287,0.456023757,0.499665461,0.507527045,0.438388689,0.559865089,0.574153923,0.270961244,0.488671212,0.414006456,0.5368019,0.435660334,0.263467358,0.452734146,0.386607523,0.545978259,0.422657092,0.451749517,0.463771585,0.421895302,0.330999944,0.493182424,0.524752446,0.393577471,0.416422624,0.434745235,0.442179746,0.385421912,0.507797124,0.39993154,0.440302166,0.534219697
"NM1701PAR",1,413,15,2,9.6,5.6,8.25,1,7,0.481910706,0.464162235,0.466267803,0.520595124,0.436045756,0.541512581,0.584594644,0.273684795,0.511095348,0.442217951,0.555441176,0.462348171,0.185042768,0.456562828,0.384821948,0.554570159,0.423391087,0.44695994,0.462333203,0.409045175,0.348549988,0.504104374,0.510577227,0.356418897,0.375360997,0.432197422,0.465059544,0.429732013,0.539964952,0.398644525,0.441982838,0.522570821
"MESQUITE",2,414,15,3,8.5,6.15,7.4,0.85,6.25,0.487980539,0.460756336,0.458476161,0.490970944,0.436195504,0.562578125,0.541835863,0.272353409,0.487172429,0.448016209,0.531501409,0.479073604,0.157477062,0.43870643,0.351204556,0.541194298,0.417054268,0.429464668,0.425128729,0.400490848,0.343677076,0.489092599,0.544503591,0.387411086,0.414007532,0.440740008,0.399842042,0.381046788,0.527161547,0.396831588,0.456444732,0.504623592
"SW_8888",2,415,15,4,8.8,5.6,7.55,0.7,6.25,0.487665781,0.456588892,0.47726982,0.505997828,0.431540599,0.55861092,0.58207547,0.262952156,0.499353536,0.44487462,0.550278464,0.479156273,0.165106008,0.43341076,0.373437075,0.561176133,0.416932417,0.434149218,0.468760416,0.407673076,0.391320783,0.501273338,0.501024752,0.380465582,0.376652189,0.44558976,0.453353726,0.427470245,0.541135784,0.389199174,0.43266943,0.485251514
"NM1703PAR",3,416,15,5,9.9,5.95,7.8,1.1,7.2,0.482676062,0.462029988,0.473164038,0.520540175,0.445237925,0.533144777,0.595308034,0.251301002,0.502056164,0.450530231,0.56759986,0.498650156,0.177377652,0.436928299,0.386784357,0.570085252,0.418847364,0.426517509,0.458519918,0.401171504,0.426104314,0.506847021,0.515141844,0.417564259,0.366300744,0.460245541,0.497215779,0.449304189,0.549154652,0.416265539,0.469250795,0.556593506
"SW_9812",3,417,15,6,9.2,6.7,8.45,1.2,6.85,0.48287386,0.467933328,0.482793744,0.496077119,0.447505168,0.558165553,0.560344925,0.270072739,0.503478708,0.441472979,0.562085114,0.489328734,0.168072098,0.431917819,0.350404481,0.537942048,0.415109904,0.416722561,0.429477361,0.397943752,0.426778392,0.501927934,0.517111603,0.45972223,0.421173621,0.457689261,0.46371917,0.444160754,0.548515043,0.396313246,0.417312868,0.49330454
"SW_1011",4,418,15,7,10.2,5.9,7.9,0.85,6.8,0.473738863,0.457203751,0.470296077,0.524232433,0.446887644,0.512524817,0.582545193,0.250609127,0.513711416,0.457563983,0.566804145,0.474515405,0.192043079,0.437395125,0.36672797,0.539340288,0.422695943,0.424755186,0.463505655,0.401569558,0.428381468,0.526667913,0.518322486,0.481070049,0.438632837,0.46655581,0.457343156,0.431486801,0.511939406,0.379084298,0.412648052,0.496486175
"NM1705PAR",4,419,15,8,8.9,5.25,7.25,0.65,6.4,0.47217733,0.470798857,0.506102489,0.522458312,0.450653292,0.542927592,0.580841718,0.236288391,0.518715929,0.470752822,0.562562328,0.471421687,0.208607595,0.447618155,0.370312511,0.547769652,0.424077627,0.44841658,0.469020191,0.423608072,0.398563581,0.534505517,0.539027924,0.48165968,0.436528591,0.464814353,0.418401113,0.423506893,0.551740401,0.440726727,0.464821054,0.527547799
"MESQUITE",4,420,16,8,9.05,5.85,7.45,1,6.3,0.47766803,0.473536153,0.500655718,0.513713707,0.478152732,0.472333579,0.572912343,0.274222321,0.508331053,0.490101152,0.55679447,0.486418001,0.213353361,0.432526138,0.377147666,0.533501088,0.431543468,0.429114221,0.470684167,0.420628845,0.382579563,0.529751634,0.563231374,0.476894426,0.43702878,0.455036124,0.357129843,0.433626879,0.54231888,0.453694485,0.467072812,0.497848995
"NM1715PAR",4,421,16,7,8,4.2,5.8,0.35,5.2,0.487249219,0.468714394,0.502493251,0.50230946,0.456120712,0.514975845,0.567592991,0.24941223,0.48918219,0.430762974,0.526605685,0.443233252,0.229536757,0.431329409,0.35647543,0.519985801,0.427690553,0.436589129,0.471619843,0.417834492,0.439673643,0.526482306,0.578033122,0.5038581,0.443275574,0.457439545,0.368713927,0.366486168,0.487803893,0.413788741,0.464725035,0.524971291
"NM1704PAR",3,422,16,6,10.6,7.15,8,1.05,6.85,0.479715298,0.468339558,0.469196814,0.516633392,0.479523264,0.543946968,0.609355943,0.236950339,0.509876356,0.505091362,0.58399757,0.532922112,0.175642786,0.435148757,0.382265981,0.572147443,0.41248969,0.422150959,0.439471372,0.403639039,0.438292421,0.50487502,0.583996951,0.492722217,0.427729222,0.441664495,0.409347772,0.428068399,0.566473943,0.47185361,0.511810878,0.564847175
"NM1701PAR",3,423,16,5,10.3,5.9,7.25,0.8,6.75,0.487057649,0.470243067,0.480163262,0.51700829,0.454611897,0.552986176,0.599010834,0.213984492,0.499012383,0.504301081,0.556545031,0.482973153,0.185663866,0.420177814,0.377008654,0.564178745,0.427584917,0.426398235,0.475908591,0.407953316,0.447860106,0.506760844,0.581025904,0.457677065,0.373362682,0.451600089,0.451640641,0.40750725,0.537189848,0.452018681,0.503066526,0.531262544
"NM1712PAR",2,424,16,4,9.05,4.8,6.85,0.6,5.8,0.485972619,0.46778296,0.495903508,0.506159004,0.454049077,0.566057735,0.590164152,0.221657983,0.49215067,0.475498046,0.535707737,0.44809254,0.183801595,0.434712522,0.366347533,0.548256463,0.418848869,0.441051579,0.47089297,0.414138321,0.423030354,0.494661274,0.585982943,0.411372496,0.355332061,0.443216657,0.386534024,0.365918402,0.512495284,0.443079709,0.512907556,0.546535162
"NUMEX_BILL_MELTON_CA_2019",2,425,16,3,10.3,6.15,7.45,0.9,6.6,0.471978526,0.455568594,0.447568286,0.508376856,0.448679614,0.575270084,0.608121891,0.233882683,0.499870991,0.493220403,0.543141017,0.477008807,0.181095767,0.429431411,0.36904561,0.554251517,0.415743791,0.429819211,0.455696737,0.404706802,0.394877828,0.481723183,0.58810143,0.422664021,0.405340097,0.440701694,0.323083173,0.407160296,0.530043902,0.45727243,0.504242723,0.531495088
"SW_9813",1,426,16,2,10.2,5.3,7.7,0.75,6.8,0.482368376,0.458989586,0.448399458,0.538391934,0.457704293,0.57870211,0.610899396,0.295079701,0.527893841,0.48142299,0.548051574,0.447108077,0.22728027,0.438476486,0.379979517,0.520950874,0.42401943,0.419310398,0.457834864,0.407882316,0.348710596,0.49191153,0.566578145,0.418042985,0.375102174,0.454721053,0.417553605,0.411408217,0.529978872,0.449285781,0.494755509,0.516202022
"NM1702PAR",1,427,16,1,11.1,5.75,8.15,0.85,6.4,0.481220601,0.466019925,0.492017331,0.544885448,0.460392536,0.589352054,0.621049385,0.301644644,0.535471825,0.500543455,0.547984841,0.47041942,0.330205799,0.443978595,0.406397153,0.553876192,0.418411612,0.427808039,0.462299716,0.416718169,0.34559917,0.489766825,0.567734291,0.402437954,0.389038636,0.433076256,0.380259131,0.399584955,0.522354739,0.448411862,0.485271374,0.524899398
"NUMEX_BILL_MELTON_CA_2019",1,428,17,1,10.65,4.8,6.9,0.55,6.4,0.485181504,0.465986611,0.463512742,0.570891686,0.495083545,0.576865722,0.625983974,0.220490707,0.514009034,0.46950821,0.523689367,0.428324028,0.412907814,0.434395651,0.369487175,0.542174658,0.432421145,0.434580293,0.456122166,0.420041525,0.274111875,0.489405275,0.585427397,0.445923848,0.404257267,0.43364339,0.328397593,0.385202754,0.504899463,0.451579,0.490599812,0.516648397
"NUMEX_BILL_MELTON_CA_2019",1,429,17,2,10.6,5.25,7.35,0.7,6.2,0.487709409,0.465321418,0.436927264,0.549750514,0.487801274,0.613705097,0.621161165,0.242152548,0.514545533,0.485470886,0.540151808,0.445461033,0.301128697,0.436070758,0.385496818,0.53862518,0.41976732,0.436213152,0.460184693,0.41052073,0.335116846,0.504370852,0.588189644,0.450582454,0.387016114,0.426365996,0.36460912,0.409609039,0.52497382,0.458022349,0.499785966,0.515968027
"NUMEX_BILL_MELTON_CA_2019",2,430,17,3,11.95,6.6,8.3,1.1,7.15,0.470657691,0.457016164,0.429447422,0.534796771,0.494202797,0.605094458,0.629475694,0.20354632,0.512222766,0.515555483,0.559732478,0.465504856,0.255229182,0.42055239,0.377981199,0.570997881,0.426268806,0.422796525,0.45053698,0.401381726,0.435984582,0.502839078,0.61420998,0.45767042,0.402022522,0.448612829,0.314240874,0.401452087,0.531806065,0.46964137,0.506948215,0.541321422
"NUMEX_BILL_MELTON_CA_2019",2,431,17,4,11.5,6.2,8.1,0.65,6.9,0.472818816,0.464402175,0.450012785,0.539145318,0.493289624,0.580511078,0.621405854,0.219017423,0.507932085,0.522393546,0.560081468,0.474982061,0.24594435,0.420775174,0.397540175,0.56842366,0.426557474,0.429419972,0.469513291,0.410867638,0.422931307,0.510859328,0.599286845,0.449331797,0.387395501,0.440819276,0.373128895,0.432718204,0.535978232,0.489407615,0.527848714,0.536268019
"NUMEX_BILL_MELTON_CA_2019",3,432,17,5,11.95,7.7,8.55,1.15,7.3,0.479513306,0.462897882,0.450176118,0.542450636,0.501783174,0.589996794,0.615199737,0.211514302,0.517734317,0.540421974,0.569396048,0.517610746,0.229730603,0.425553277,0.399044443,0.571075373,0.436050755,0.43099032,0.466018587,0.40949798,0.451033648,0.527019323,0.598006863,0.465036028,0.401341475,0.447106867,0.433547169,0.460943198,0.551422943,0.483364616,0.511603737,0.527920124
"NUMEX_BILL_MELTON_CA_2019",3,433,17,6,11,7.8,7.95,1,6.45,0.483042131,0.46346539,0.424401815,0.513427452,0.489235865,0.60451784,0.599201153,0.221068813,0.495108679,0.516018696,0.57436495,0.525447924,0.226347433,0.409047535,0.391697568,0.575989948,0.434381869,0.429772199,0.449416628,0.408345473,0.449744521,0.541801021,0.628514635,0.491704483,0.425306296,0.44527309,0.385482717,0.421151201,0.543171457,0.456537395,0.462672767,0.506212041
"NUMEX_BILL_MELTON_CA_2019",4,434,17,7,11.5,7.2,8,1,6.6,0.477010682,0.468609213,0.471197325,0.528540943,0.48545399,0.530996215,0.604343951,0.217172222,0.515124254,0.525419547,0.565938206,0.501807035,0.310925931,0.423887587,0.392615161,0.574631215,0.430549733,0.429500521,0.464467137,0.413210136,0.422051841,0.554664857,0.613515895,0.4882129,0.435717462,0.444123236,0.358053321,0.4343925,0.537791905,0.472629138,0.467116367,0.513826473
"NUMEX_BILL_MELTON_CA_2019",4,435,17,8,10.2,7.15,7,0.75,6.6,0.478414596,0.471806997,0.469634608,0.508214331,0.477325118,0.512671278,0.588001376,0.314230473,0.501940705,0.527132274,0.564299566,0.499042834,0.257616183,0.425163593,0.377486174,0.565148555,0.438682353,0.43318293,0.470479894,0.419434941,0.352371562,0.548095629,0.602226743,0.467483755,0.418353283,0.460127393,0.338289124,0.443889525,0.543224516,0.469723636,0.480081287,0.512009362
"NM1701PAR",4,436,18,8,10.6,7.75,8.35,1.25,7.65,0.479268701,0.473579131,0.469677786,0.517986773,0.496962035,0.570508038,0.587631976,0.362888212,0.519541602,0.542251699,0.581453118,0.529187996,0.331353617,0.442404915,0.405635324,0.583337411,0.436539353,0.430287615,0.460310566,0.419877681,0.312473791,0.507047727,0.568078455,0.462214767,0.429594779,0.472057089,0.355553405,0.47130808,0.581873059,0.499130882,0.509231023,0.544063061
"SW_9720",4,437,18,7,9.9,6.25,8.05,1.1,6.1,0.479410093,0.459078946,0.475824957,0.508185009,0.47562307,0.582900188,0.576780418,0.233943825,0.508821371,0.506732135,0.557683224,0.474084676,0.374074922,0.421580197,0.399060877,0.560898869,0.440921468,0.431869939,0.458639881,0.410184667,0.378488725,0.526886922,0.581710064,0.493370597,0.454728194,0.467638665,0.370422694,0.403782542,0.518128689,0.449585187,0.452957992,0.501300451
"NM1705PAR",3,438,18,6,9.65,6.25,8,0.95,6.15,0.480246954,0.460597404,0.463297738,0.526387693,0.512820513,0.616912397,0.597389486,0.253281855,0.524408378,0.524494554,0.576274679,0.493603476,0.308270672,0.431459963,0.407385314,0.585090358,0.429155354,0.430181373,0.444672356,0.402924438,0.439048656,0.519906875,0.585763286,0.489524936,0.454817142,0.456870691,0.395623388,0.404172007,0.538261386,0.481421951,0.498935743,0.543807104
"NM1713PAR",3,439,18,5,9.45,5.4,7.1,0.5,5.95,0.492646828,0.457033925,0.471766068,0.524522168,0.489205255,0.624929972,0.597471464,0.18927214,0.504596368,0.504185869,0.54370774,0.457570358,0.314283104,0.427506333,0.381108092,0.576165652,0.441678632,0.440113559,0.461788344,0.411942574,0.464975327,0.530919059,0.576729078,0.491716135,0.413591731,0.467904044,0.409395367,0.384920581,0.516072543,0.472682219,0.520140267,0.544540533
"NUMEX_BILL_MELTON_FG2012",2,440,18,4,10.2,6.05,7.9,0.9,6.9,0.484562125,0.467390301,0.474085458,0.538443527,0.512852011,0.602628925,0.604827162,0.202799585,0.503325396,0.501851782,0.551369169,0.454940936,0.323845236,0.434528162,0.385774381,0.591230968,0.433697488,0.439555423,0.456652661,0.417578266,0.464039067,0.503379186,0.57959526,0.47591547,0.433982784,0.459951592,0.342605412,0.410089039,0.534814877,0.490125547,0.525660376,0.550375947
"SW_9812",2,441,18,3,11.35,6.15,8.45,0.85,6.95,0.479543001,0.454905458,0.450104273,0.549525611,0.545698279,0.599333868,0.624904009,0.248210178,0.540825935,0.519224708,0.561095268,0.447878368,0.315621,0.427332826,0.383269907,0.569494029,0.433374077,0.42928628,0.44720341,0.402349654,0.461647953,0.482284437,0.588588192,0.484284305,0.428915423,0.452331359,0.324101006,0.404514,0.537676753,0.485244922,0.50105699,0.526481118
"MESQUITE",1,442,18,2,10.35,5.25,7.95,0.8,6.7,0.479236581,0.45994818,0.437623948,0.554515944,0.525916292,0.626643682,0.606536875,0.259536949,0.519672208,0.484236305,0.531841712,0.420376396,0.3720807,0.435826889,0.375941397,0.552547321,0.434876089,0.448500392,0.453093446,0.408765221,0.27868499,0.482252588,0.581595946,0.476041479,0.44138439,0.462026088,0.317224792,0.36980087,0.500738688,0.459385431,0.4919359,0.526533815
"SW_8888",1,443,18,1,8.15,4.45,6.7,0.55,5.4,0.485939646,0.466918911,0.453570528,0.568033656,0.522734568,0.612651285,0.61051068,0.252958077,0.507786708,0.438024434,0.517154383,0.412384531,0.462017563,0.43596308,0.377120725,0.536915063,0.435320805,0.446144931,0.453665383,0.416972189,0.221242947,0.482172378,0.573096074,0.471641563,0.445557266,0.457514691,0.302696252,0.34279202,0.480628043,0.422836709,0.469840932,0.497207605
