"Germplasm","Rep","Plot","Row","Range","NDRE_62","NDRE_76","NDRE_90","NDRE_96","NDRE_104","NDRE_110","NDRE_114","NDRE_124","NDRE_130","NDRE_138","NDRE_144","NDRE_150","NDRE_160","NDRE_166","NDRE_174","NDRE_180","NDRE_188","NDRE_194","NDRE_200","NDRE_206","NDRE_216","NDRE_222","NDRE_228","NDRE_236","NDRE_240","NDRE_250","NDRE_256","NDRE_264","NDRE_270","NDRE_278","NDRE_284","NDRE_292"
"SW_1011",1,300,1,1,0.5034717,0.479916,0.360062679,0.415700049,0.370661184,0.419071383,0.475652184,0.424529596,0.404290119,0.406825066,0.432582734,0.394316797,0.479301709,0.442945221,0.313887796,0.382922937,0.442421921,0.436322859,0.460799876,0.444141375,0.383896989,0.455376082,0.535300866,0.438040531,0.445772839,0.444697234,0.243045026,0.311948285,0.419268614,0.362492763,0.271876497,0.339382888
"SW_8421S",1,301,1,2,0.469129826,0.445244163,0.331640021,0.430506418,0.390211568,0.401306684,0.470182006,0.424012866,0.436768318,0.436699422,0.49664329,0.427374193,0.240775686,0.424704953,0.344346312,0.42589046,0.421801508,0.402740886,0.486214233,0.41981496,0.319785673,0.341985743,0.513248543,0.397741922,0.466878958,0.452915524,0.290311496,0.339715801,0.442110645,0.373058528,0.27206797,0.31915451
"NM1715PAR",2,302,1,3,0.48256198,0.456139291,0.327215892,0.417904292,0.329636408,0.411998638,0.446615684,0.301697125,0.427234429,0.364171666,0.477948957,0.404887191,0.174138819,0.441144165,0.28435756,0.392225652,0.431159425,0.424775974,0.456234561,0.425153221,0.249219783,0.353101621,0.491282759,0.412618604,0.471907205,0.456895236,0.246314497,0.29076009,0.415741808,0.380158665,0.312885577,0.364677026
"NM170506PAR",2,303,1,4,0.480472937,0.470896088,0.323284059,0.410604665,0.3634989,0.405787967,0.462414088,0.271876247,0.441399719,0.353842614,0.493912992,0.397302823,0.20073978,0.438043903,0.267637494,0.419251944,0.395958645,0.399839016,0.486115937,0.419734025,0.266666667,0.344927099,0.4896971,0.390914683,0.462657089,0.452791841,0.26304602,0.314787327,0.42773006,0.393331762,0.296129215,0.330131084
"SW_9813",3,304,1,5,0.494585694,0.493693428,0.329344875,0.422642739,0.344496233,0.383748933,0.435362762,0.28769096,0.41185628,0.371699781,0.449087967,0.296610345,0.202496757,0.446886571,0.274921017,0.381629279,0.367277413,0.364061157,0.495157146,0.363124747,0.31763719,0.260643099,0.511275056,0.345290719,0.437077945,0.463938089,0.257437826,0.301892195,0.408080479,0.394396588,0.278697711,0.304223791
"DONA_ANA",3,305,1,6,0.473089891,0.471777744,0.343836505,0.421406321,0.377070445,0.387703979,0.456972668,0.270266772,0.421330121,0.351254523,0.478561302,0.363039061,0.307186905,0.442399617,0.276144908,0.421710868,0.425359613,0.413407774,0.500068945,0.411077931,0.43232892,0.340535695,0.508337019,0.392237607,0.441475357,0.462664658,0.27478405,0.319776455,0.407782465,0.396314881,0.29681399,0.333508954
"NM1712PAR",4,306,1,7,0.478622771,0.460032562,0.361216976,0.438830168,0.351931319,0.397145891,0.442725746,0.299154751,0.42745744,0.360537404,0.477872517,0.410941501,0.383230526,0.430801237,0.311134851,0.420724179,0.438537168,0.42942765,0.455309096,0.434605452,0.367804964,0.409442498,0.525630217,0.417190476,0.47873119,0.444475049,0.242048644,0.282177653,0.415731407,0.373535902,0.319086404,0.373761804
"NM1704PAR",4,307,1,8,0.45717085,0.446666165,0.359098965,0.426658203,0.369537447,0.38724978,0.44048608,0.456237617,0.411332354,0.409580141,0.458375857,0.402884148,0.496301006,0.427266034,0.293242836,0.409950359,0.433867482,0.422113581,0.464761629,0.40882077,0.377744446,0.504957345,0.558989062,0.458592943,0.483811004,0.455351616,0.252758375,0.274349584,0.406735458,0.370990314,0.307059246,0.369753296
"NUMEX_BILL_MELTON_CA_2019",4,308,2,8,0.456674761,0.447223406,0.391152625,0.418559216,0.378323295,0.38713743,0.445237358,0.55286171,0.394776496,0.394056237,0.440078596,0.392427276,0.482233883,0.430656904,0.310735154,0.392591091,0.43131644,0.426850948,0.467139233,0.409432182,0.345594473,0.488842545,0.554436287,0.458414985,0.483815929,0.452883951,0.257041661,0.263987564,0.404508127,0.338297541,0.293066826,0.326119095
"NUMEX_BILL_MELTON_CA_2019",4,309,2,7,0.468775555,0.449957543,0.368613471,0.417449406,0.392418543,0.384048108,0.458283802,0.269229102,0.43476306,0.358785992,0.480991248,0.409491884,0.411788442,0.422162232,0.333360846,0.408284632,0.428653595,0.411304244,0.463829892,0.408918496,0.409597788,0.32522359,0.50026636,0.398195536,0.502979739,0.462282389,0.260167041,0.290085451,0.428365347,0.318338274,0.27824987,0.319678563
"NUMEX_BILL_MELTON_CA_2019",3,310,2,6,0.464363552,0.449931067,0.362895247,0.422332175,0.370918795,0.371967821,0.449886094,0.280679196,0.411239653,0.325313936,0.459422961,0.345824871,0.393154162,0.434037887,0.325896332,0.388882772,0.422504977,0.411645055,0.467714231,0.408534093,0.430657133,0.314312784,0.504431861,0.386416204,0.478946855,0.465325945,0.242448064,0.282590492,0.402694712,0.304093297,0.268534418,0.312859595
"NUMEX_BILL_MELTON_CA_2019",3,311,2,5,0.477947779,0.464025731,0.336191384,0.411925204,0.349352246,0.372457247,0.424828795,0.27256711,0.397321631,0.31729641,0.433758952,0.302171367,0.277917275,0.427904268,0.280958659,0.358243682,0.408569744,0.413008488,0.484797126,0.393772762,0.416688639,0.216129673,0.506450204,0.311963469,0.441569908,0.458694295,0.254204402,0.302397765,0.405285783,0.304395542,0.265684965,0.283521666
"NUMEX_BILL_MELTON_CA_2019",2,312,2,4,0.484216504,0.471337613,0.308937004,0.398113848,0.340971431,0.393046607,0.435008287,0.316765012,0.411841456,0.299764684,0.461912628,0.370375285,0.263769525,0.413932073,0.285351098,0.378839705,0.416769239,0.415254544,0.468684577,0.40512563,0.371556151,0.314062603,0.493208315,0.379335229,0.424020558,0.445679847,0.257927905,0.307361681,0.418242004,0.304913507,0.257064612,0.293030412
"NUMEX_BILL_MELTON_CA_2019",2,313,2,3,0.476923141,0.45540646,0.333940477,0.393363941,0.327048162,0.422189966,0.441078064,0.391031655,0.417901328,0.315702697,0.462119886,0.374603193,0.223339145,0.410684126,0.295249728,0.333440245,0.413239012,0.409007496,0.46290308,0.405375677,0.367499953,0.305566616,0.492577839,0.374330107,0.435768504,0.466169587,0.285271845,0.313785573,0.428772029,0.302950809,0.258854456,0.282664982
"NUMEX_BILL_MELTON_CA_2019",1,314,2,2,0.478032028,0.450116009,0.326221918,0.419735292,0.367535219,0.432446005,0.449509475,0.429785307,0.418178105,0.410952422,0.476386681,0.408727967,0.280293538,0.420824936,0.318677298,0.404390726,0.4178685,0.405470103,0.470499884,0.412122555,0.368819619,0.296448995,0.5082528,0.396695639,0.424353208,0.467730522,0.285601011,0.325068856,0.441429811,0.286624417,0.272531021,0.314154975
"NUMEX_BILL_MELTON_CA_2019",1,315,2,1,0.496774248,0.473187014,0.398504881,0.453580227,0.403156982,0.462967284,0.469239705,0.397715553,0.417791739,0.385038485,0.432483702,0.402926052,0.498617175,0.452778299,0.321753091,0.383534028,0.430633159,0.434495508,0.459205482,0.435103006,0.420559187,0.441922406,0.545750245,0.428048867,0.442079484,0.447557507,0.231168564,0.347144083,0.426932136,0.319784588,0.272314875,0.349086676
"NM1703PAR",1,316,3,1,0.494968061,0.47888554,0.418975572,0.463840416,0.428102523,0.456390308,0.471611158,0.387447179,0.409634659,0.398788338,0.426709316,0.427918602,0.498544082,0.450709144,0.366785647,0.368444311,0.426120092,0.429761718,0.475297151,0.433620645,0.463278281,0.462312039,0.554058283,0.44351238,0.431825505,0.449535905,0.32457052,0.357694743,0.438825187,0.318026731,0.27614362,0.358967494
"AFX_779",1,317,3,2,0.46909366,0.447656463,0.338103239,0.424110428,0.409306262,0.44752668,0.451679982,0.410506773,0.410635224,0.419690811,0.446999168,0.406427332,0.257332151,0.415329103,0.313358349,0.388206959,0.422109091,0.387175577,0.489219626,0.401386342,0.404316931,0.277043942,0.508413966,0.285065576,0.409972621,0.447268805,0.282065459,0.346969368,0.449647923,0.375167698,0.328887794,0.354765991
"NM1703PAR",2,318,3,3,0.470923938,0.439511868,0.352748823,0.419797366,0.394766112,0.427749463,0.451364278,0.489803238,0.413070394,0.321090026,0.46752663,0.405686507,0.197902355,0.407340803,0.293876311,0.328211124,0.413044947,0.403066167,0.460831984,0.402352205,0.399505279,0.303940258,0.475538526,0.150025739,0.391696738,0.445911595,0.275567911,0.319918033,0.443917549,0.34016713,0.306313124,0.331668614
"SW_9720",2,319,3,4,0.480741365,0.456039831,0.338638007,0.414086447,0.391012531,0.387406587,0.430404097,0.421295654,0.417679898,0.295446575,0.440893824,0.388188551,0.237826734,0.407626184,0.301363536,0.323334779,0.417682913,0.390180591,0.467818632,0.394780552,0.405861237,0.307129451,0.451968823,0.134029756,0.240050035,0.473459142,0.257078324,0.303990997,0.421110253,0.298205173,0.274600951,0.290393756
"SW_1011",3,320,3,5,0.478397941,0.462920315,0.343880567,0.410943052,0.389134072,0.403570165,0.417625794,0.398141349,0.399288456,0.295353672,0.421739123,0.355922867,0.267371219,0.409866947,0.306581465,0.324344459,0.412408849,0.405360143,0.475655151,0.399271604,0.409423643,0.266261851,0.503832326,0.133718166,0.465068209,0.453098246,0.268487713,0.311172274,0.39672462,0.318801123,0.268195654,0.263942837
"NM1715PAR",3,321,3,6,0.491917878,0.46634221,0.381403472,0.419972798,0.395492593,0.38875978,0.435403888,0.389625952,0.414424872,0.329346369,0.431345679,0.371454426,0.309828908,0.427442973,0.327226943,0.382145585,0.440227757,0.438593001,0.451927494,0.41701593,0.413434389,0.231519294,0.49180595,0.331887413,0.484581881,0.468950863,0.258818666,0.27743286,0.398945195,0.347600137,0.294407678,0.343662284
"AMERISTAND_803T",4,322,3,7,0.458427026,0.448726075,0.399890463,0.423893522,0.408659532,0.388564743,0.440696189,0.387203302,0.423779553,0.351834727,0.452904878,0.414250977,0.328889944,0.410632372,0.321523204,0.396542761,0.424345098,0.39961917,0.482893073,0.403238973,0.410331448,0.220385226,0.500045849,0.279269006,0.492562756,0.471494701,0.386375195,0.316301213,0.42815864,0.346088304,0.287959115,0.307331556
"NUMEX_BILL_MELTON_CA_2019",4,323,3,8,0.461990311,0.440702201,0.373017782,0.421677827,0.389682843,0.395430854,0.419026864,0.534680108,0.385057769,0.359418612,0.423096104,0.376979931,0.394039254,0.436435825,0.340794798,0.394899143,0.432919709,0.441054753,0.478111098,0.418716459,0.287468514,0.48034849,0.519089612,0.458201284,0.51523067,0.472297073,0.394335841,0.282469927,0.373747845,0.316329359,0.268960918,0.310797128
"AFX_779",4,324,4,8,0.473139261,0.437252196,0.365741618,0.43713795,0.437184203,0.378859799,0.429223223,0.51798812,0.392866697,0.349644762,0.43089226,0.409284825,0.369543746,0.435505533,0.351674024,0.404567406,0.429377979,0.417003221,0.456187088,0.428373064,0.346698695,0.458270488,0.461237841,0.442126011,0.48637359,0.456782333,0.288272691,0.288434424,0.390442693,0.385854903,0.329997507,0.344376194
"NM1702PAR",4,325,4,7,0.454218308,0.441785234,0.384906889,0.43073301,0.413136623,0.370828326,0.423892462,0.434035289,0.399723963,0.303555219,0.450262262,0.407624296,0.252663783,0.395006047,0.342310004,0.334555441,0.427216624,0.390545148,0.439629551,0.408964242,0.397633093,0.220721538,0.328470175,0.158864366,0.475268109,0.462548853,0.257183405,0.28550145,0.416805589,0.336692339,0.285066352,0.314433117
"NUMEX_BILL_MELTON_CA_2019",3,326,4,6,0.452242005,0.435574568,0.363678287,0.41770086,0.374068738,0.37485799,0.447957595,0.469658903,0.396860381,0.319566359,0.417883735,0.381727418,0.243941085,0.419215666,0.322019813,0.33370295,0.42457917,0.398380269,0.458323989,0.401808115,0.393403348,0.236910778,0.48190201,0.242417121,0.463065347,0.45639953,0.253535261,0.293603799,0.400465628,0.325425878,0.269007609,0.279994196
"AFX_149092",3,327,4,5,0.484109958,0.459285816,0.35975371,0.436127869,0.398452245,0.361650906,0.458861253,0.447052554,0.428805834,0.318508974,0.443644583,0.422507524,0.214082005,0.41063307,0.31028807,0.340218691,0.410734912,0.376506925,0.451060959,0.408026514,0.407521181,0.254633953,0.421025785,0.185246916,0.445975316,0.448528773,0.282525544,0.326639897,0.432772115,0.390093505,0.331032612,0.327458894
"AFX_149092",2,328,4,4,0.479016043,0.461821377,0.33859359,0.424987452,0.393076205,0.366238034,0.453218616,0.495775666,0.410465585,0.295098945,0.443814763,0.412729887,0.196284899,0.40222092,0.283328183,0.321431609,0.405838146,0.36296215,0.450492264,0.392352941,0.397310392,0.273894939,0.231915987,0.203815392,0.173518809,0.455264605,0.275413963,0.322672618,0.425165778,0.358477178,0.30716301,0.284789526
"NUMEX_BILL_MELTON_FG2011",2,329,4,3,0.471781902,0.450408873,0.343265992,0.419639993,0.391073278,0.416825853,0.454230084,0.472646101,0.385078279,0.28942927,0.436059448,0.370504504,0.129110352,0.42678552,0.289466684,0.297455133,0.427161636,0.408114371,0.447972689,0.412759997,0.409014022,0.273725009,0.253092815,0.20515717,0.350814882,0.468845685,0.258473166,0.290603876,0.401080882,0.301168864,0.270664453,0.230616018
"NM1704PAR",1,330,4,2,0.472630594,0.452406767,0.345190057,0.434068997,0.399056601,0.428013742,0.465782437,0.442012851,0.401723591,0.306879049,0.449799749,0.391382323,0.175646224,0.419258456,0.279166713,0.322866549,0.415487984,0.383328241,0.459168449,0.404466946,0.401523006,0.252916138,0.441578063,0.21753701,0.398268673,0.464028101,0.264725322,0.322065473,0.452505897,0.342088682,0.31001804,0.262695271
"TMA_990",1,331,4,1,0.500491811,0.499019733,0.367768142,0.456489255,0.369378933,0.453173592,0.452914816,0.400596098,0.385671018,0.369048844,0.4144624,0.395510285,0.486202359,0.441204789,0.321558656,0.350430569,0.413785018,0.402610077,0.474794841,0.419475311,0.45710761,0.446992966,0.557203734,0.453136739,0.440220942,0.460004709,0.271949007,0.299016365,0.407092407,0.313241067,0.231865174,0.219896752
"NUMEX_BILL_MELTON_CA_2019",1,332,5,1,0.494725745,0.475818008,0.346836122,0.454831595,0.370884616,0.418914969,0.445220983,0.41053776,0.395696746,0.33120255,0.42414456,0.392396951,0.40156939,0.460585457,0.307459807,0.347966738,0.427249707,0.417721122,0.464760841,0.426086611,0.429742472,0.485192864,0.566958432,0.449057108,0.450732103,0.452291354,0.242914813,0.28129997,0.420272133,0.332946985,0.287329049,0.240610377
"NUMEX_BILL_MELTON_CA_2019",1,333,5,2,0.480625679,0.44618618,0.337242338,0.429191042,0.368405482,0.412119138,0.441034465,0.485008792,0.407491664,0.296967496,0.455136697,0.399333494,0.174912473,0.429347589,0.276068131,0.330865886,0.418691519,0.403221267,0.445266658,0.416266317,0.385427816,0.23297369,0.464355367,0.199033791,0.400872773,0.458526179,0.273257052,0.311548913,0.429378444,0.341366307,0.308013908,0.217263856
"NUMEX_BILL_MELTON_CA_2019",2,334,5,3,0.459485876,0.447465003,0.34656396,0.426312514,0.375354294,0.38675161,0.450958747,0.468122343,0.397756986,0.309802643,0.458278547,0.387928146,0.156960975,0.429447462,0.290318685,0.324366147,0.424058467,0.409201291,0.432998066,0.414487179,0.398225425,0.220621786,0.232389012,0.186671725,0.383026676,0.456324086,0.251944419,0.309105249,0.425953803,0.307092805,0.293143719,0.213899068
"NUMEX_BILL_MELTON_CA_2019",2,335,5,4,0.466523561,0.446176877,0.332315116,0.42226266,0.373853131,0.36469719,0.445855146,0.520098616,0.403287865,0.309496563,0.441228115,0.391884939,0.171350527,0.422064241,0.294924306,0.317353652,0.424623377,0.397091243,0.43810104,0.410375602,0.396417891,0.234698611,0.187272666,0.210127804,0.204032471,0.453200452,0.246544423,0.306526284,0.422244553,0.333197126,0.299019566,0.23866441
"NUMEX_BILL_MELTON_CA_2019",3,336,5,5,0.448323218,0.430399512,0.355529366,0.431569706,0.397173408,0.364617399,0.45745836,0.501089026,0.405790028,0.328297319,0.440121847,0.413087991,0.217554932,0.428425904,0.334161113,0.323934433,0.424625641,0.400032365,0.444458627,0.422227823,0.384214848,0.235020207,0.38622489,0.202384089,0.445782717,0.460568741,0.280582503,0.313544862,0.429505026,0.341183441,0.293796046,0.297820537
"NUMEX_BILL_MELTON_CA_2019",3,337,5,6,0.443977603,0.434171028,0.367512261,0.429168305,0.38222554,0.366414027,0.443121949,0.461251946,0.399004408,0.328718742,0.431817348,0.393469921,0.259019071,0.436876806,0.313497774,0.344346677,0.433154461,0.414403938,0.44639239,0.4210532,0.377098114,0.258832343,0.458864615,0.25686719,0.454101434,0.452093924,0.260449592,0.304777409,0.418015118,0.328064392,0.279451606,0.27852937
"NUMEX_BILL_MELTON_CA_2019",4,338,5,7,0.442273084,0.432893034,0.381688552,0.431300358,0.413089029,0.370392898,0.457078188,0.451122431,0.402315073,0.342799359,0.45801937,0.427419568,0.243364424,0.415987618,0.360126595,0.37408532,0.438138361,0.402223083,0.437739287,0.410548689,0.390583208,0.233911144,0.256316871,0.168132677,0.482394741,0.458815863,0.277654432,0.299431029,0.429527756,0.345622734,0.275902844,0.29270595
"NUMEX_BILL_MELTON_CA_2019",4,339,5,8,0.452778864,0.433793445,0.387404476,0.430219973,0.42115034,0.385735117,0.43507693,0.485035764,0.391928302,0.333397886,0.43672717,0.385398681,0.421158989,0.434465064,0.376840772,0.37903979,0.433454138,0.41807476,0.440500026,0.434943899,0.381322086,0.477245367,0.428038878,0.435013062,0.506649478,0.487316194,0.358045555,0.273471809,0.389328341,0.332807245,0.29178921,0.323997557
"AFX_149092",4,340,6,8,0.448691306,0.436390716,0.459836615,0.427459018,0.431152578,0.392846906,0.42118593,0.511167891,0.407889112,0.331225829,0.436933137,0.397084175,0.439367146,0.415603014,0.369468602,0.388207334,0.437550089,0.415998809,0.44393327,0.438709195,0.384512783,0.484490828,0.465586712,0.42622409,0.505311666,0.481366728,0.472646566,0.286509728,0.407426722,0.36210301,0.302057788,0.330404364
"NM1713PAR",4,341,6,7,0.475554493,0.474873343,0.450183904,0.423246464,0.440022163,0.406164083,0.412769487,0.467673081,0.403654351,0.349482812,0.410576321,0.389861442,0.310811959,0.430865666,0.373033907,0.337182843,0.440118564,0.435486547,0.462395056,0.433951921,0.405392809,0.31503969,0.299060991,0.159635471,0.486110501,0.480136729,0.380826105,0.270241611,0.395861337,0.344050213,0.289089319,0.325580563
"NUMEX_BILL_MELTON_FG2011",3,342,6,6,0.464199476,0.460766891,0.419336743,0.431279545,0.387873753,0.404016339,0.410905099,0.416645262,0.407793034,0.341242883,0.406545919,0.358933281,0.313773528,0.445565665,0.324316669,0.321541379,0.424702215,0.435108265,0.455024879,0.429224515,0.384495652,0.316133132,0.470330807,0.296708373,0.485460847,0.462859365,0.273468615,0.287395094,0.406997473,0.312035817,0.272109544,0.29102838
"SW_8888",3,343,6,5,0.474469853,0.46741734,0.388684237,0.432476126,0.406909601,0.408433044,0.432184695,0.477694775,0.410226703,0.353140805,0.420327447,0.40716131,0.315868535,0.438784093,0.348313206,0.333925686,0.426248152,0.414391083,0.446520071,0.427870728,0.390462544,0.223578086,0.434910853,0.184082246,0.469193224,0.471301838,0.246750754,0.262194438,0.393111558,0.329024486,0.261048878,0.275831645
"NM1705PAR",2,344,6,4,0.463273398,0.4450733,0.392787364,0.432440204,0.393848611,0.383438839,0.452320449,0.522897669,0.41894374,0.322937296,0.440166226,0.408655728,0.22863346,0.423488985,0.312178935,0.350099362,0.419673203,0.388296649,0.437762411,0.418207652,0.382906914,0.230935684,0.292227431,0.187268558,0.402624361,0.460549079,0.251968761,0.308670044,0.431779444,0.356632562,0.312380614,0.280054653
"DONA_ANA",2,345,6,3,0.475030005,0.454413186,0.387553298,0.432133308,0.386328549,0.40563005,0.436011333,0.556699864,0.413320911,0.318482349,0.439821539,0.410453396,0.173236241,0.424266854,0.285260973,0.341011711,0.42481267,0.414617924,0.444704464,0.41572873,0.392169897,0.211499299,0.39025721,0.154802224,0.40576507,0.453367561,0.259649756,0.319872396,0.444312985,0.381346947,0.328691332,0.231999259
"AFX_149092",1,346,6,2,0.483640558,0.466588718,0.379013653,0.438600747,0.391528623,0.431239066,0.44552591,0.510227173,0.438180781,0.307211319,0.468732144,0.442215616,0.23120583,0.421463362,0.294136409,0.333553732,0.42001086,0.403802234,0.440257735,0.420313247,0.370686368,0.22848856,0.50396583,0.177870641,0.43795222,0.455617678,0.255212025,0.309363508,0.440668787,0.382625045,0.332638757,0.261697638
"DONA_ANA",1,347,6,1,0.487195554,0.483972218,0.350279727,0.450732127,0.386157626,0.426712137,0.452981674,0.382589724,0.420644285,0.351706266,0.452541871,0.425628976,0.438016817,0.446416122,0.311785922,0.360738706,0.416286471,0.417473121,0.454917655,0.429386749,0.386328511,0.471279487,0.542748433,0.435652976,0.472099966,0.446870545,0.255958324,0.319277295,0.430843451,0.38914148,0.319091981,0.25130473
"NM170506PAR",1,348,7,1,0.487686778,0.473289075,0.340203555,0.447487491,0.372505406,0.432449683,0.489286998,0.459536233,0.445687081,0.359247605,0.495647405,0.429043134,0.466346604,0.439927063,0.301734036,0.364611857,0.415700955,0.403726275,0.434815642,0.43887448,0.37453733,0.490341439,0.53223608,0.433256115,0.487085043,0.44787568,0.263594861,0.300241601,0.442907715,0.362426165,0.313387064,0.28957327
"NUMEX_BILL_MELTON_CA_2019",1,349,7,2,0.472885142,0.459758251,0.370731129,0.439165251,0.383804038,0.439202695,0.473739094,0.466549803,0.413498993,0.319278128,0.474529641,0.416282535,0.394368276,0.42928806,0.311709402,0.349712047,0.419879806,0.413988425,0.427993673,0.431147224,0.385613499,0.212844149,0.508748603,0.187901771,0.471584781,0.45282901,0.249216706,0.28764477,0.42311899,0.333120227,0.284560833,0.26349422
"SW_8421S",2,350,7,3,0.504020026,0.478978572,0.373488136,0.431102205,0.368312292,0.428229465,0.447488719,0.435955235,0.406030036,0.298775778,0.437604957,0.397295483,0.279954826,0.415046469,0.287109145,0.339687809,0.418820066,0.395620352,0.44012871,0.414178531,0.397899321,0.198297409,0.420674475,0.209342038,0.436110032,0.4667596,0.267830602,0.30511902,0.418565747,0.363830454,0.295468444,0.239516577
"NM1713PAR",2,351,7,4,0.484137821,0.474678512,0.407355441,0.424997635,0.391087816,0.415985077,0.440992413,0.539483932,0.413000266,0.317575774,0.414524221,0.396570954,0.347583734,0.430538358,0.316851525,0.345128068,0.43974101,0.408044071,0.438558152,0.431462648,0.419117836,0.188269884,0.30833378,0.186268287,0.453407494,0.472199101,0.259673295,0.27942359,0.381859176,0.341220622,0.286314868,0.307554702
"SW_9720",3,352,7,5,0.471007305,0.465270214,0.381706071,0.433824069,0.373620717,0.413577671,0.458586519,0.479523444,0.420961571,0.333504159,0.415847835,0.402399916,0.418966211,0.421189751,0.350880313,0.329065387,0.42665974,0.404329412,0.432163639,0.421420005,0.406440045,0.194834338,0.452238243,0.202177598,0.470331357,0.493772435,0.253297104,0.266553559,0.405788915,0.328841501,0.279173721,0.288716329
"AMERISTAND_803T",3,353,7,6,0.463129621,0.455148631,0.386489425,0.42232589,0.363544936,0.408522854,0.452140288,0.375607239,0.409159146,0.335575648,0.401999603,0.39062478,0.369375906,0.419662917,0.315422602,0.362165438,0.425753196,0.402127998,0.448718221,0.427341537,0.387944005,0.250041779,0.456100582,0.306786387,0.471184844,0.460195764,0.257972546,0.29289826,0.408180571,0.344792401,0.285314297,0.280842994
"TMA_990",4,354,7,7,0.498792996,0.454748842,0.383073957,0.419869558,0.381340401,0.409514506,0.449286364,0.512591327,0.404471804,0.31962469,0.415828554,0.395527755,0.397562136,0.397247705,0.347553155,0.356960988,0.435387029,0.384984066,0.435670387,0.418104514,0.40110313,0.270659544,0.308631698,0.189366783,0.481364574,0.468300514,0.338299759,0.310304188,0.413453684,0.329580765,0.245302565,0.228758114
"NUMEX_BILL_MELTON_FG2011",4,355,7,8,0.451432058,0.454476706,0.444948775,0.433932439,0.422987533,0.386268274,0.435097769,0.492656857,0.400551324,0.352172744,0.411200387,0.371627769,0.519003967,0.436519998,0.418685208,0.371569925,0.449380157,0.439169804,0.466371584,0.445828275,0.418857089,0.510532631,0.492917835,0.426954791,0.509196302,0.507819955,0.447056913,0.271113909,0.391666131,0.320776376,0.271389068,0.314395672
"NUMEX_BILL_MELTON_CA_2019",4,356,8,8,0.450716614,0.448430564,0.442299712,0.421267965,0.376964119,0.428047918,0.431084373,0.500599778,0.404371372,0.321702715,0.405598808,0.360881276,0.521802222,0.429336714,0.386751764,0.368883034,0.456654749,0.434616955,0.460601512,0.448782511,0.371042027,0.444386356,0.499561558,0.437409219,0.46977795,0.474147989,0.444018749,0.293300526,0.381543669,0.321404978,0.262482139,0.291019961
"NUMEX_BILL_MELTON_CA_2019",4,357,8,7,0.474526077,0.469818942,0.420051654,0.415259147,0.343418925,0.418862004,0.424312798,0.501444213,0.407792471,0.327850057,0.404865077,0.349683858,0.408320688,0.434445687,0.347974312,0.329404822,0.4409272,0.43264691,0.454556253,0.430232713,0.450919688,0.188301547,0.346602716,0.171798947,0.460468306,0.467903678,0.311588878,0.284271382,0.38363027,0.290117697,0.260442856,0.268951475
"NUMEX_BILL_MELTON_CA_2019",3,358,8,6,0.468957926,0.456655537,0.381040177,0.418852169,0.33826009,0.425351488,0.432409179,0.411398269,0.411726988,0.297436994,0.39765027,0.357024657,0.38090324,0.438917846,0.325975426,0.323729386,0.433021016,0.415775666,0.454312189,0.426246367,0.457900304,0.207274672,0.471676446,0.340428061,0.447129503,0.469103318,0.265418522,0.295156493,0.396471552,0.319825543,0.285518419,0.293096254
"NUMEX_BILL_MELTON_CA_2019",3,359,8,5,0.474331802,0.462463975,0.376653917,0.427670121,0.370213281,0.415253129,0.456774928,0.503193282,0.426374041,0.338911533,0.416369528,0.382963399,0.435451794,0.438434893,0.350843937,0.338092934,0.429126596,0.427612609,0.445820568,0.426267248,0.447454891,0.242464631,0.451248539,0.15984099,0.445823596,0.462178779,0.264055356,0.286379225,0.390570359,0.341236215,0.28751089,0.30214567
"NUMEX_BILL_MELTON_CA_2019",2,360,8,4,0.48300388,0.448811828,0.395220008,0.418089933,0.369269075,0.419978461,0.465190449,0.592205765,0.413362194,0.311107081,0.409846831,0.363590042,0.387819344,0.43670207,0.322953652,0.355274076,0.430178783,0.403501309,0.434929893,0.421218776,0.451714243,0.240296891,0.272174686,0.153672376,0.43815451,0.466791029,0.278098197,0.28662871,0.392835609,0.338661821,0.304274011,0.304118446
"NUMEX_BILL_MELTON_CA_2019",2,361,8,3,0.515221236,0.459866339,0.33863429,0.421344225,0.360669742,0.426953477,0.445309153,0.554364791,0.391990978,0.284443611,0.415998749,0.368931086,0.331958891,0.431563745,0.295171437,0.361972531,0.424529537,0.409938744,0.458390163,0.420162712,0.448742156,0.229128205,0.42442019,0.291377449,0.429221485,0.471514848,0.278934013,0.309110208,0.400864758,0.321943008,0.276944202,0.250555401
"NUMEX_BILL_MELTON_CA_2019",1,362,8,2,0.478713222,0.456351905,0.345474783,0.446405502,0.377666109,0.427601381,0.478089231,0.544129459,0.425782414,0.295808812,0.477927931,0.417355035,0.412008285,0.441834232,0.292320384,0.355014043,0.406997912,0.426880218,0.451144374,0.429396866,0.448450738,0.244945207,0.510529854,0.17678528,0.45124487,0.459076705,0.278031074,0.296684787,0.417795884,0.314939415,0.281610201,0.291495502
"NUMEX_BILL_MELTON_CA_2019",1,363,8,1,0.496290909,0.488520803,0.329311429,0.448794726,0.377679201,0.411442087,0.465925152,0.438121645,0.432578406,0.334634364,0.471988035,0.417636918,0.458523059,0.449355714,0.312266212,0.356560787,0.409199083,0.417973492,0.442178334,0.426301883,0.445114612,0.479225782,0.532647386,0.446696854,0.480656552,0.46362472,0.28123428,0.297710575,0.424758208,0.331403085,0.29010482,0.286046849
"SW_9720",1,364,9,1,0.534644941,0.520554067,0.370321648,0.44169127,0.37350701,0.412334031,0.462124652,0.387234742,0.415106803,0.331886657,0.441924804,0.381712931,0.452466169,0.437633309,0.310978205,0.314523015,0.408577778,0.417963786,0.455019758,0.424948129,0.463899224,0.484301307,0.539085483,0.44633613,0.469582229,0.459443409,0.256911301,0.291126879,0.390633454,0.291467219,0.25056297,0.257082287
"NUMEX_BILL_MELTON_FG2011",1,365,9,2,0.502076041,0.466243971,0.379781121,0.438138624,0.400654547,0.42630424,0.464283577,0.576987159,0.415789671,0.332194039,0.433813706,0.37844074,0.346350786,0.439223993,0.281842144,0.31502634,0.405667626,0.436017451,0.463328172,0.429004157,0.461037186,0.291318541,0.470660681,0.178644082,0.442544272,0.457900144,0.253016058,0.287686351,0.417288293,0.293607339,0.283039237,0.319248015
"NM1702PAR",2,366,9,3,0.51628922,0.459974255,0.371979215,0.430643167,0.368988621,0.41813235,0.423245247,0.592812555,0.399308312,0.303857984,0.428840809,0.36114377,0.291583708,0.417436929,0.282423477,0.31424933,0.419675616,0.40341429,0.455170959,0.414537021,0.460749865,0.335077187,0.219533736,0.165093452,0.418945698,0.456100079,0.250086505,0.29645661,0.398351439,0.308188006,0.29367251,0.298718883
"AFX_779",2,367,9,4,0.500717123,0.458490665,0.412157199,0.430529862,0.394046429,0.419905646,0.441687504,0.573782592,0.406872972,0.351380851,0.412173316,0.344455045,0.32723029,0.436290084,0.330188905,0.313383122,0.423704813,0.419652916,0.453611712,0.433993489,0.465926485,0.333394026,0.172068052,0.130014987,0.421312332,0.484245823,0.237603681,0.297488365,0.400264799,0.349257425,0.309930162,0.311213683
"NM1712PAR",3,368,9,5,0.477570389,0.468752319,0.416742007,0.436358899,0.417665971,0.410482222,0.45005629,0.583490086,0.425370877,0.358251272,0.417672881,0.381598972,0.407987439,0.441431295,0.366146539,0.305991755,0.428017112,0.432953913,0.462220861,0.443483059,0.476514347,0.297585731,0.256176798,0.129186064,0.444719168,0.49138215,0.243154341,0.28005605,0.389264403,0.359971558,0.287112395,0.332006124
"NUMEX_BILL_MELTON_FG2012",3,369,9,6,0.467356535,0.457566321,0.385451743,0.429926564,0.36628479,0.432899038,0.41402241,0.522204848,0.400704449,0.347799464,0.409795725,0.347262889,0.337927806,0.433899109,0.342408307,0.299820521,0.431642617,0.426407255,0.451562088,0.433503292,0.4723805,0.313952436,0.30152393,0.219504004,0.430520981,0.474345343,0.265770004,0.287000458,0.394566678,0.317005784,0.28065182,0.30767555
"SW_8888",4,370,9,7,0.477220761,0.472934015,0.4442981,0.422804179,0.377797786,0.416952769,0.420025278,0.589090553,0.400379434,0.351964226,0.412804881,0.352197347,0.349303878,0.432901141,0.341144157,0.310294581,0.432589152,0.427808943,0.456009211,0.433220144,0.447299965,0.306686777,0.149922453,0.132556116,0.418318133,0.471700654,0.310445415,0.275607309,0.38199823,0.331218605,0.273153098,0.287995016
"SW_8421S",4,371,9,8,0.465508918,0.455771359,0.45831159,0.433040585,0.404576981,0.431126379,0.423118829,0.461096871,0.42137572,0.365134855,0.435759719,0.37382066,0.484203804,0.411707679,0.354157378,0.359675279,0.444610357,0.424357012,0.458879163,0.444878049,0.329510083,0.414025407,0.510402781,0.42636147,0.474209145,0.475358406,0.421373098,0.292304838,0.402233645,0.331098056,0.274950547,0.296434907
"SW_9813",4,372,10,8,0.450708599,0.442413632,0.410298785,0.427435546,0.38768407,0.434627545,0.439377094,0.434481289,0.42631061,0.377526145,0.437487109,0.372694656,0.442447585,0.424096021,0.362115109,0.343231605,0.436978661,0.41610159,0.440933392,0.44742247,0.367123252,0.397738763,0.48382343,0.420919714,0.463170885,0.46236782,0.37779004,0.288875792,0.398445184,0.348570814,0.303160999,0.337384878
"NM1703PAR",4,373,10,7,0.442470211,0.450096754,0.393819738,0.438714993,0.358032864,0.436308892,0.451514217,0.562445974,0.418308723,0.338216817,0.469626312,0.397551709,0.27821107,0.413529885,0.313841573,0.290117942,0.424421116,0.403588583,0.436494739,0.429961005,0.427876283,0.27804178,0.233141403,0.156118006,0.434887849,0.46786537,0.272856653,0.284512093,0.415219455,0.324839826,0.304055161,0.341504655
"MESQUITE",3,374,10,6,0.440935928,0.440565179,0.354600336,0.425664949,0.364144101,0.419148068,0.455863902,0.520290684,0.424485315,0.34576162,0.453585195,0.385072095,0.274470432,0.405162769,0.308877158,0.295848557,0.4308545,0.392213029,0.431594945,0.424640327,0.440840921,0.290890644,0.239616417,0.149009972,0.428629504,0.471178614,0.263131449,0.289038109,0.409117418,0.334693422,0.296255624,0.323339142
"TMA_990",3,375,10,5,0.51650842,0.460015866,0.346643237,0.474460526,0.375753391,0.418062845,0.485037202,0.509247766,0.424279085,0.352240301,0.447465768,0.396292645,0.388516823,0.408099051,0.334879212,0.300408172,0.430083788,0.401178456,0.428409901,0.42428779,0.436551031,0.281547716,0.234126166,0.161999648,0.450670695,0.456741155,0.263462674,0.310998144,0.425723438,0.320317494,0.271146769,0.297965096
"TMA_990",2,376,10,4,0.537874034,0.455059091,0.353177416,0.456548256,0.369109621,0.399822811,0.489417485,0.519110905,0.427809022,0.351846999,0.460013569,0.387618559,0.293838087,0.414282283,0.290537836,0.317870794,0.400086173,0.385580834,0.437364622,0.421373285,0.431539579,0.293455239,0.274416168,0.158413381,0.426987954,0.465559202,0.276069156,0.321500534,0.41279435,0.311310538,0.264195259,0.27537393
"NM1704PAR",2,377,10,3,0.474428899,0.447787674,0.343323149,0.446518965,0.355293875,0.391239471,0.488412145,0.524476578,0.411767176,0.329264126,0.465491496,0.3760136,0.247389372,0.415503035,0.287512349,0.297062328,0.41348877,0.402808042,0.43862395,0.427647611,0.428485746,0.307087559,0.281969478,0.130335468,0.396041276,0.462034492,0.270808783,0.320169947,0.431970706,0.317543377,0.321489875,0.344049032
"NUMEX_BILL_MELTON_FG2012",1,378,10,2,0.475025018,0.451154405,0.342393588,0.442132052,0.380791254,0.404903751,0.492793258,0.542692276,0.406602377,0.339974554,0.450903609,0.373385145,0.29110465,0.436743614,0.271708284,0.29491048,0.381491011,0.415793268,0.448453868,0.42901071,0.424865464,0.261644423,0.313007389,0.165768958,0.423077481,0.460516609,0.270991149,0.295614557,0.425354976,0.280013636,0.301689038,0.33046971
"AMERISTAND_803T",1,379,10,1,0.517553784,0.486528342,0.365791166,0.444515032,0.378042699,0.400457697,0.473757803,0.386328424,0.418205326,0.350443459,0.444523366,0.388843307,0.445742542,0.427234005,0.284182994,0.342545386,0.382372927,0.405205063,0.456409804,0.421000993,0.422349962,0.467973656,0.523699885,0.439058311,0.45501577,0.469053572,0.263854553,0.302744144,0.421134703,0.29162793,0.287288321,0.313408242
"NUMEX_BILL_MELTON_CA_2019",1,380,11,1,0.49235361,0.456905878,0.335808092,0.437247357,0.366999219,0.411791521,0.497521712,0.421762968,0.416052573,0.302738962,0.468182882,0.403000124,0.425746303,0.440477059,0.27979648,0.3425484,0.372977642,0.431292331,0.451310932,0.41865449,0.33490643,0.445783211,0.538321732,0.415860325,0.431460524,0.462322348,0.286776104,0.329551003,0.44053058,0.282295354,0.275317946,0.306893034
"NUMEX_BILL_MELTON_CA_2019",1,381,11,2,0.497715927,0.459527349,0.3253911,0.39769361,0.355679708,0.426750363,0.458392335,0.585187682,0.410822126,0.310167312,0.451902607,0.377002916,0.288183583,0.439438572,0.266852628,0.285760124,0.366017496,0.412405281,0.44930819,0.418955295,0.339888274,0.26560445,0.301397415,0.153993482,0.40370991,0.461817019,0.271123768,0.310660687,0.419341599,0.278481973,0.27680799,0.296837488
"NUMEX_BILL_MELTON_CA_2019",2,382,11,3,0.495257844,0.44872275,0.339718159,0.419500241,0.355566805,0.418824642,0.473824438,0.560803658,0.418985586,0.326812846,0.452547668,0.369091982,0.238663913,0.434101964,0.267882578,0.301373971,0.395523988,0.415791909,0.44568072,0.417608513,0.401204774,0.249248757,0.255686751,0.158808004,0.402043539,0.460761585,0.269420465,0.305295834,0.414000691,0.287140843,0.280885374,0.300586305
"NUMEX_BILL_MELTON_CA_2019",2,383,11,4,0.473559904,0.451593053,0.363855068,0.433542304,0.374640796,0.402228424,0.47916221,0.605922673,0.414455647,0.318827442,0.453520896,0.368148047,0.315749854,0.445994319,0.299095023,0.302835246,0.410947813,0.421044835,0.446085129,0.433533458,0.386587341,0.2461566,0.237951765,0.213478098,0.417106243,0.473656523,0.266473491,0.290601345,0.393128969,0.286455395,0.288105251,0.312521494
"NUMEX_BILL_MELTON_CA_2019",3,384,11,5,0.474754409,0.458594348,0.346093429,0.457794351,0.379370294,0.431708327,0.485215313,0.605246849,0.420672398,0.355951743,0.461368648,0.390557714,0.363091252,0.44743399,0.329371696,0.317529213,0.435018487,0.416841499,0.440923739,0.435033661,0.394202559,0.26352188,0.204176814,0.216524089,0.441955152,0.470266245,0.260505447,0.266190394,0.39120413,0.295214956,0.269005581,0.299040571
"NUMEX_BILL_MELTON_CA_2019",3,385,11,6,0.45695134,0.451368203,0.343344384,0.439352485,0.368339473,0.45062267,0.489031744,0.511548958,0.412390371,0.346755395,0.476618714,0.396803138,0.229780148,0.428311851,0.308552404,0.31566088,0.428712809,0.405146354,0.425843021,0.427334282,0.396813958,0.266993164,0.21870028,0.233090683,0.43620592,0.466344175,0.259328664,0.275752651,0.40610113,0.279721364,0.28118754,0.3039001
"NUMEX_BILL_MELTON_CA_2019",4,386,11,7,0.439941114,0.455107325,0.362043371,0.442803131,0.358508111,0.437443194,0.477271213,0.494941581,0.418810319,0.336034578,0.471462286,0.396045789,0.212616574,0.436732482,0.315128636,0.307446512,0.421002418,0.411548672,0.429752154,0.434733255,0.39034728,0.251141076,0.201893698,0.235720429,0.412108486,0.472797744,0.253188661,0.294969482,0.402357454,0.299119528,0.274665281,0.296696386
"NUMEX_BILL_MELTON_CA_2019",4,387,11,8,0.438648128,0.453257108,0.409277914,0.435818677,0.388369707,0.418245579,0.474956844,0.420529353,0.422839975,0.380898657,0.451041271,0.391834878,0.417417514,0.434054427,0.363976128,0.357452913,0.437050166,0.416961294,0.436746879,0.438450134,0.387401635,0.415248208,0.484957198,0.43225276,0.459696866,0.464855114,0.325304692,0.279657053,0.39688376,0.303873377,0.265575286,0.297326874
"NUMEX_BILL_MELTON_FG2012",4,388,12,8,0.450270064,0.468570617,0.460787941,0.447037415,0.392292376,0.425716857,0.455502506,0.462462095,0.423582518,0.361982269,0.414862754,0.408502366,0.354819753,0.446470657,0.383108928,0.356173746,0.444620412,0.456777563,0.468826011,0.460375026,0.415334842,0.450736421,0.501831375,0.474489956,0.514027845,0.481295316,0.268334237,0.28,0.401576943,0.306883739,0.294067713,0.31334577
"NM170506PAR",4,389,12,7,0.438663731,0.460625313,0.424360407,0.454891174,0.376300606,0.442839278,0.485145426,0.487640078,0.452083791,0.334922715,0.491817771,0.425836126,0.158749777,0.41862572,0.305463754,0.355762298,0.424823529,0.4165407,0.431133213,0.434380311,0.359307881,0.219094632,0.168005701,0.406810914,0.485932323,0.457065176,0.25899282,0.281174417,0.411303334,0.31331737,0.304655195,0.328662533
"NM170506PAR",3,390,12,6,0.460981228,0.440844448,0.408190506,0.442320365,0.382980229,0.442928726,0.461750521,0.402274954,0.447374643,0.337565577,0.49013862,0.426854333,0.21361429,0.403661897,0.297690284,0.354605657,0.430364308,0.388762671,0.415686078,0.429792141,0.34156957,0.208559678,0.132610668,0.39968301,0.464551819,0.46602448,0.250086519,0.315373083,0.436030337,0.304872981,0.295196027,0.315886478
"NM1702PAR",3,391,12,5,0.476882542,0.444802535,0.42608274,0.446546016,0.382053163,0.436247653,0.460623417,0.487655833,0.437418911,0.334060439,0.476854198,0.393237935,0.393120253,0.405938691,0.348718653,0.325220862,0.428301502,0.42009218,0.434886163,0.436162491,0.358934955,0.207721352,0.12074295,0.418656163,0.486355013,0.480920096,0.256153766,0.285384527,0.41284312,0.297713783,0.291582616,0.317393432
"AMERISTAND_803T",2,392,12,4,0.476224054,0.447165253,0.406882078,0.404814916,0.392524115,0.433360898,0.469852113,0.532977788,0.424717442,0.353613249,0.448551571,0.382853688,0.342480926,0.421236427,0.302286172,0.343303527,0.419536949,0.423300472,0.445870728,0.425770255,0.361453431,0.25700376,0.134024441,0.402852018,0.469128079,0.468354982,0.258320827,0.290049705,0.391233217,0.312066582,0.283021927,0.294204718
"NM1701PAR",2,393,12,3,0.474220785,0.449752102,0.370915165,0.410443189,0.367160368,0.440166889,0.46858563,0.503501489,0.424053526,0.335968526,0.437761977,0.371080952,0.274163933,0.407523631,0.268835919,0.338245622,0.411105882,0.417669909,0.463105974,0.405703749,0.393032428,0.288102893,0.270976657,0.330777069,0.447645349,0.468629641,0.262038647,0.293288684,0.422629059,0.304657156,0.318539724,0.332500225
"NM1705PAR",1,394,12,2,0.449168334,0.441384585,0.389590616,0.405545792,0.376870031,0.445854122,0.475077515,0.535995716,0.439857084,0.323729584,0.471019177,0.413252171,0.304627489,0.402694125,0.265809329,0.330577839,0.405822394,0.408081211,0.439520618,0.421307534,0.335621606,0.215791686,0.456032106,0.145297869,0.460901597,0.451733876,0.255945771,0.291959068,0.411940827,0.295947547,0.319539269,0.344170236
"NM1713PAR",1,395,12,1,0.469567223,0.461623175,0.402753645,0.400196327,0.42577116,0.472351155,0.469900397,0.517161627,0.43376444,0.328716963,0.456780359,0.418799115,0.437567524,0.427372588,0.299592403,0.358056862,0.419505882,0.454771433,0.451955532,0.430833609,0.313898379,0.415469945,0.511575157,0.412409841,0.481171667,0.461888976,0.259881113,0.282838369,0.415283526,0.32780345,0.318603339,0.35567533
"NM1712PAR",1,396,13,1,0.464253882,0.454541841,0.35559661,0.395322265,0.393239582,0.424035243,0.483552061,0.466690489,0.425731893,0.290362109,0.452525612,0.402776938,0.47517894,0.422469764,0.297776091,0.376001269,0.424682731,0.434607893,0.435581124,0.425720585,0.342187029,0.430780648,0.504107346,0.379816846,0.477722045,0.481224331,0.262460916,0.288932594,0.408276301,0.299456342,0.304795535,0.336757467
"SW_9812",1,397,13,2,0.454313935,0.43909559,0.348520055,0.403727032,0.354778476,0.471170453,0.483309254,0.535516517,0.442213252,0.307863607,0.467195596,0.406040834,0.386212061,0.410651858,0.28288941,0.338350405,0.417658671,0.420487521,0.43160054,0.420627598,0.325515707,0.330879398,0.489652243,0.150325158,0.444964381,0.473594368,0.275761958,0.304603663,0.416954411,0.321750499,0.295554457,0.296793541
"SW_1011",2,398,13,3,0.5252013,0.467625149,0.349758585,0.388421957,0.338635127,0.439636574,0.435783379,0.491127303,0.398869955,0.321423892,0.416491725,0.349293884,0.302218115,0.394754695,0.255836976,0.356782297,0.400677566,0.395526235,0.486403338,0.396254644,0.359254418,0.420512821,0.473667256,0.36771534,0.432567897,0.462911962,0.27194953,0.292541199,0.382326531,0.307619485,0.27829364,0.27403834
"SW_9813",2,399,13,4,0.520519198,0.445957997,0.361320674,0.390558251,0.366149623,0.436931138,0.478019967,0.516064911,0.416952424,0.313309747,0.443942017,0.374970762,0.380560383,0.414055468,0.295068425,0.364826638,0.420539367,0.423323138,0.438483692,0.422839091,0.349045677,0.413939869,0.234874441,0.403718826,0.449828811,0.47067412,0.276611896,0.311443503,0.392484953,0.308371057,0.283818143,0.266986527
"AFX_779",3,400,13,5,0.496536018,0.449648275,0.379137878,0.415930347,0.388978671,0.441936245,0.460068104,0.407343224,0.419922349,0.333743717,0.449607504,0.396336327,0.409564958,0.416745176,0.330892278,0.361303549,0.435694126,0.424627451,0.439324816,0.427097499,0.358671769,0.333669739,0.231615886,0.410766446,0.474825811,0.471461115,0.257605335,0.307348745,0.429499385,0.355562249,0.316515626,0.323503313
"SW_8421S",3,401,13,6,0.492822493,0.447451148,0.372011952,0.420684683,0.376951201,0.465080882,0.460207806,0.344371869,0.433005129,0.319350427,0.473296327,0.413420793,0.211476668,0.392563472,0.31099231,0.357095748,0.421129613,0.391441135,0.418648528,0.416673656,0.371637525,0.337340232,0.208094413,0.395938871,0.44890347,0.454737783,0.260464301,0.319253071,0.433994304,0.30514328,0.277594501,0.288333483
"DONA_ANA",4,402,13,7,0.43038725,0.460970697,0.410794268,0.456206045,0.383886764,0.45570343,0.501061416,0.446708831,0.446608147,0.336484304,0.483006878,0.428902905,0.144371446,0.420346639,0.338017569,0.369591531,0.428370563,0.403831819,0.425061275,0.425832873,0.388258198,0.422380864,0.328470175,0.424993289,0.478051751,0.45887989,0.272384001,0.321087396,0.433557464,0.330316297,0.296515879,0.297792412
"SW_9812",4,403,13,8,0.436771983,0.472397037,0.409385504,0.453450646,0.37802267,0.443398415,0.49572338,0.456225391,0.425695301,0.364161884,0.443052757,0.422711992,0.335447744,0.429723459,0.413715925,0.379071508,0.435700738,0.429201635,0.455719644,0.43826638,0.375392809,0.504785326,0.502584697,0.466297637,0.494855601,0.467891496,0.256619794,0.28606775,0.394293945,0.321998735,0.295783955,0.309867673
"NUMEX_BILL_MELTON_CA_2019",4,404,14,8,0.439448212,0.463353868,0.41120251,0.429582997,0.397972009,0.400783148,0.454147981,0.347346846,0.416549477,0.360534723,0.423048023,0.402303525,0.37151216,0.438301481,0.379899261,0.367980811,0.452559206,0.434153582,0.458648906,0.426258691,0.328755004,0.538796849,0.512473677,0.479664447,0.501519237,0.47378658,0.265240955,0.299147402,0.409618104,0.304951156,0.262539091,0.270315964
"NUMEX_BILL_MELTON_CA_2019",4,405,14,7,0.431251676,0.450808314,0.387101524,0.433030461,0.390300006,0.413188096,0.458647279,0.355000116,0.419951998,0.33140717,0.450050403,0.382027372,0.27448024,0.43459797,0.363948638,0.329347073,0.449420525,0.421938347,0.434099012,0.416313873,0.407783923,0.495136999,0.49914078,0.466768891,0.491606852,0.483236408,0.257314494,0.27998188,0.392979116,0.329937617,0.271866019,0.289892489
"NUMEX_BILL_MELTON_CA_2019",3,406,14,6,0.49388797,0.458909288,0.346409653,0.414036992,0.35860994,0.439903564,0.421627609,0.274744267,0.408476278,0.299616352,0.43571154,0.366115777,0.216771926,0.41130687,0.307729279,0.335098959,0.428855819,0.414306635,0.430404961,0.405763179,0.424395658,0.477096232,0.481810892,0.439139633,0.464823916,0.476520394,0.25724553,0.303447691,0.410767742,0.276558148,0.250137099,0.252030182
"NUMEX_BILL_MELTON_CA_2019",3,407,14,5,0.502821768,0.454213859,0.341995787,0.416946222,0.35809465,0.426807407,0.446655482,0.320289022,0.418334056,0.301074526,0.446045695,0.374874958,0.410565919,0.4111712,0.313498372,0.371211616,0.431721314,0.430040606,0.436623566,0.401862367,0.349974303,0.476920673,0.471353875,0.43186909,0.467407683,0.470662162,0.26522993,0.311157397,0.417892781,0.285508783,0.253840323,0.257983597
"NUMEX_BILL_MELTON_CA_2019",2,408,14,4,0.511733447,0.460624003,0.352569564,0.400536208,0.362969632,0.434565802,0.447383588,0.387135342,0.398786074,0.285909934,0.425734396,0.361619843,0.401501978,0.428284703,0.291320038,0.352822447,0.441867468,0.429325639,0.454476474,0.4116617,0.386500568,0.479950885,0.467464755,0.432648094,0.475857714,0.479668933,0.269709483,0.298408675,0.389580094,0.307133319,0.281644845,0.281163636
"NUMEX_BILL_MELTON_CA_2019",2,409,14,3,0.494972583,0.477011852,0.340549154,0.40066051,0.333319315,0.441929841,0.43084318,0.347119902,0.400468944,0.317031373,0.412083603,0.358501257,0.329072442,0.424564097,0.285269467,0.370192112,0.419386023,0.418226657,0.48559117,0.400249605,0.307396793,0.476799801,0.504312177,0.427870907,0.451399609,0.468021437,0.279136287,0.306255055,0.392649791,0.307805517,0.266495135,0.256415736
"NUMEX_BILL_MELTON_CA_2019",1,410,14,2,0.455373388,0.454417282,0.320114563,0.407738086,0.365819319,0.468267114,0.44975468,0.427218649,0.423263414,0.285756255,0.452984693,0.37630137,0.454926262,0.423067924,0.294589449,0.355817894,0.436886476,0.419841409,0.446176471,0.413051971,0.298625403,0.461017268,0.496967225,0.275150717,0.480980824,0.479203592,0.26522769,0.290809682,0.398437836,0.293842649,0.251282051,0.263140683
"NUMEX_BILL_MELTON_CA_2019",1,411,14,1,0.452951206,0.459319325,0.340860246,0.409242322,0.340811766,0.456018195,0.476846353,0.328995857,0.429777312,0.294215937,0.450855553,0.38197697,0.511229496,0.416011249,0.286599861,0.369842144,0.435326094,0.417697295,0.441042915,0.404537741,0.285239,0.455904651,0.504932134,0.423723375,0.478004692,0.475170761,0.267306308,0.303968308,0.40883263,0.289169965,0.25124859,0.253377617
"NM1715PAR",1,412,15,1,0.462062752,0.469737281,0.378233622,0.419744315,0.382144482,0.465029918,0.464198643,0.286738817,0.404111473,0.360258612,0.42883273,0.383625524,0.512848567,0.437630158,0.31091278,0.365749886,0.448569188,0.44043889,0.462806163,0.427576978,0.249672458,0.485299426,0.515932985,0.455951285,0.505361616,0.468746261,0.267519743,0.279054704,0.404299551,0.35085265,0.304740949,0.330495505
"NM1701PAR",1,413,15,2,0.423711607,0.445679914,0.327535301,0.430302434,0.382823775,0.459260573,0.455358511,0.297892878,0.413531645,0.366079063,0.43329907,0.401789565,0.473617622,0.430741665,0.309997425,0.362051465,0.446256786,0.417741574,0.451304432,0.416385609,0.250015828,0.486166516,0.515684899,0.436539774,0.489783212,0.46210568,0.284045843,0.295372511,0.411785862,0.335617484,0.27619656,0.291041169
"MESQUITE",2,414,15,3,0.489667946,0.463333468,0.315354567,0.392086495,0.328815287,0.443753513,0.394497745,0.280553608,0.38683972,0.340427771,0.392302876,0.36504216,0.299564741,0.401370344,0.293050378,0.351554234,0.434445158,0.403463535,0.493076387,0.408138838,0.25560248,0.49663628,0.525950471,0.464418049,0.44891227,0.476759548,0.246272174,0.305251458,0.37175539,0.338491645,0.250484894,0.246715235
"SW_8888",2,415,15,4,0.472772679,0.443010393,0.369350856,0.398238509,0.380787792,0.430582406,0.447820675,0.301733486,0.410593752,0.360675492,0.417440122,0.388743864,0.362995176,0.41171645,0.298626163,0.358481438,0.429268755,0.40761797,0.447461657,0.410001126,0.40641547,0.484934425,0.511246673,0.459350482,0.4715861,0.464429994,0.271263427,0.294686809,0.397443022,0.339070474,0.266116582,0.245506938
"NM1703PAR",3,416,15,5,0.449019021,0.437365896,0.367455988,0.426799955,0.381675493,0.424320579,0.449589392,0.268358707,0.414047158,0.349220867,0.435385265,0.407483102,0.375542425,0.400175654,0.312597565,0.351292264,0.429390171,0.41013034,0.437871619,0.400672847,0.368435655,0.494722768,0.503172902,0.480203716,0.476682636,0.469203323,0.290107162,0.295467308,0.428613841,0.331908737,0.278767845,0.298009749
"SW_9812",3,417,15,6,0.47613564,0.452393456,0.357258423,0.407599556,0.354510046,0.437000745,0.407727492,0.269195428,0.398445296,0.341995073,0.412739331,0.378968688,0.265029242,0.375101555,0.296701431,0.331176063,0.430588436,0.373400248,0.470549626,0.396207556,0.432509357,0.498116934,0.516912477,0.476997719,0.454914121,0.470288514,0.290303999,0.314625391,0.408211247,0.305063148,0.235935122,0.230555906
"SW_1011",4,418,15,7,0.453774468,0.435909099,0.396770515,0.429465238,0.394601772,0.413118075,0.440352346,0.290358249,0.417521519,0.400237671,0.439185605,0.412728922,0.362832979,0.407929068,0.300780879,0.339679001,0.434637719,0.398984257,0.450998712,0.409982683,0.3889576,0.536073823,0.515580286,0.477591697,0.49063406,0.470547557,0.24463576,0.298492981,0.403757397,0.33429716,0.256645838,0.25948945
"NM1705PAR",4,419,15,8,0.43117408,0.455202347,0.420426274,0.440785265,0.425821883,0.417073352,0.451314097,0.296101358,0.420188816,0.395577633,0.450410028,0.421876609,0.418468691,0.409236388,0.308659456,0.365864263,0.442551634,0.423500621,0.453286648,0.425219686,0.415099715,0.540207997,0.542979662,0.479022234,0.492892404,0.474396899,0.255350294,0.297706695,0.4361446,0.333436227,0.270271366,0.281593716
"MESQUITE",4,420,16,8,0.430785698,0.455044882,0.388576292,0.438642968,0.394639883,0.382538402,0.445597183,0.327951335,0.420646565,0.41321639,0.449477166,0.433169676,0.418979934,0.393424564,0.312892617,0.342677181,0.443738426,0.406158933,0.436689359,0.422676645,0.413911765,0.53640181,0.564117786,0.486328378,0.477872167,0.470544975,0.256265697,0.309848554,0.431516408,0.341656683,0.255901335,0.258946016
"NM1715PAR",4,421,16,7,0.466645103,0.467248204,0.371183434,0.432528275,0.397464886,0.387195226,0.445354668,0.28627451,0.420039445,0.359576758,0.437444037,0.408147931,0.420618141,0.419339353,0.317877915,0.312071299,0.445282811,0.424140382,0.454865913,0.430826252,0.408286576,0.53651117,0.552594231,0.511605055,0.474752052,0.483121265,0.241310804,0.273951968,0.398829911,0.357960586,0.287287223,0.324083129
"NM1704PAR",3,422,16,6,0.448017951,0.445877143,0.345809057,0.430126044,0.367296897,0.40645489,0.471154736,0.259556711,0.41223046,0.38404952,0.447071353,0.422440806,0.316884489,0.380616823,0.29714299,0.367414838,0.425895095,0.385827848,0.441773925,0.408131001,0.421015837,0.50872568,0.569820316,0.494837496,0.460640295,0.476863817,0.267642195,0.320824369,0.429988151,0.355394508,0.276007155,0.303459748
"NM1701PAR",3,423,16,5,0.43224578,0.449123596,0.351132842,0.412024595,0.380039442,0.408616732,0.457549271,0.256701182,0.41984954,0.386440263,0.433888741,0.393478796,0.365242585,0.405259478,0.313063155,0.330911864,0.441700754,0.412642745,0.429805537,0.408544863,0.418010558,0.508085108,0.556505084,0.484932178,0.481920589,0.474637151,0.258140615,0.293381446,0.423604162,0.333864442,0.265542969,0.267339012
"NM1712PAR",2,424,16,4,0.449451883,0.458412985,0.356423181,0.400209438,0.382542365,0.424966714,0.441069406,0.275295124,0.406227071,0.372369454,0.418985428,0.386367585,0.369373045,0.423442309,0.30426443,0.345997798,0.438478029,0.423405608,0.447346421,0.418686287,0.44493948,0.499207594,0.551505173,0.475149845,0.473443936,0.469007305,0.269314462,0.2891495,0.409902472,0.372547201,0.309095433,0.328125174
"NUMEX_BILL_MELTON_CA_2019",2,425,16,3,0.441266142,0.450636879,0.316883131,0.409117357,0.347581751,0.423051098,0.471656663,0.26657675,0.392130643,0.369147718,0.404780716,0.375308585,0.329721466,0.427911998,0.292692319,0.334964354,0.44571825,0.403370365,0.484716539,0.408695324,0.275767345,0.483000727,0.573312104,0.483851874,0.444652493,0.464327563,0.261793517,0.307739757,0.395895412,0.350615024,0.247359457,0.274123119
"SW_9813",1,426,16,2,0.425270672,0.456423286,0.334325891,0.446599943,0.379847509,0.443048147,0.473135066,0.376885003,0.416974699,0.391947881,0.42964502,0.406938606,0.476664378,0.417184009,0.327455822,0.328572018,0.430574519,0.400708212,0.435231871,0.418501453,0.278147624,0.479469068,0.554440892,0.462202678,0.491477083,0.475427645,0.278288413,0.294028191,0.403172623,0.378809725,0.273030409,0.292095909
"NM1702PAR",1,427,16,1,0.430309413,0.452006252,0.385516333,0.458544223,0.346663942,0.438092764,0.495618712,0.310745356,0.412029672,0.387547643,0.455362308,0.396169986,0.606181034,0.421163776,0.313475661,0.358874841,0.432055411,0.41589098,0.436547333,0.423068278,0.327970588,0.477493545,0.557711049,0.461462237,0.49051734,0.460715051,0.27966923,0.275629625,0.414392954,0.348674237,0.278106798,0.317711298
"NUMEX_BILL_MELTON_CA_2019",1,428,17,1,0.451024851,0.457421284,0.375069788,0.487965469,0.365448348,0.423665239,0.487960134,0.251357432,0.411197807,0.392806291,0.41695375,0.390403427,0.6306128,0.434955141,0.34706584,0.363607413,0.441556249,0.430472276,0.45572269,0.424873285,0.318916075,0.503701634,0.582842194,0.462461354,0.46641932,0.468697661,0.308214059,0.285424964,0.419002727,0.36728187,0.285757887,0.314058377
"NUMEX_BILL_MELTON_CA_2019",1,429,17,2,0.431024188,0.464285883,0.33301534,0.457149301,0.39907416,0.444572197,0.48485786,0.285276678,0.411198933,0.386096749,0.428584707,0.39430244,0.48182528,0.435655244,0.321407681,0.364706067,0.435461036,0.414189358,0.446481856,0.42398374,0.299612498,0.506306398,0.580348888,0.47067389,0.463710009,0.451662523,0.356468548,0.28143043,0.419737246,0.361833703,0.271865681,0.296475847
"NUMEX_BILL_MELTON_CA_2019",2,430,17,3,0.438776471,0.446815417,0.336029467,0.443821903,0.382561403,0.445517178,0.5015786,0.257458306,0.409383016,0.382921032,0.420809748,0.370227137,0.359491065,0.425368271,0.291194105,0.363664785,0.444009167,0.393387342,0.464534112,0.40617816,0.275361525,0.511718131,0.583868733,0.483103191,0.451020738,0.46242169,0.293956101,0.303426604,0.413306078,0.346665509,0.26048257,0.282695355
"NUMEX_BILL_MELTON_CA_2019",2,431,17,4,0.439621383,0.4443504,0.35189907,0.439315415,0.393940482,0.427567403,0.484265566,0.257036283,0.408213939,0.403042329,0.440429505,0.388313328,0.393511336,0.422499576,0.316939277,0.379438318,0.436396435,0.399337275,0.436136227,0.409968179,0.478047968,0.521757315,0.576921716,0.468196679,0.468321363,0.465377771,0.318963547,0.286075952,0.417951604,0.36839804,0.275019329,0.283208683
"NUMEX_BILL_MELTON_CA_2019",3,432,17,5,0.440217259,0.439856577,0.36370076,0.436292389,0.403235958,0.410759039,0.486575399,0.250740197,0.422324118,0.42094764,0.438306315,0.411671027,0.370194044,0.411796735,0.330196337,0.367828345,0.447126391,0.402729213,0.428310818,0.410511889,0.45032568,0.535732385,0.581610626,0.48487268,0.466079665,0.475097084,0.26199262,0.305873198,0.433710929,0.360842067,0.262296412,0.277039086
"NUMEX_BILL_MELTON_CA_2019",3,433,17,6,0.456317416,0.444076526,0.339002717,0.4290947,0.349310322,0.456431947,0.460302795,0.261284668,0.402013034,0.379859776,0.435601126,0.406057257,0.31702012,0.391513358,0.297648714,0.360461548,0.447365623,0.399513685,0.440767974,0.406366479,0.421336424,0.551404438,0.605953012,0.501125309,0.470731039,0.473801936,0.264145098,0.309920771,0.410016008,0.317699148,0.226476376,0.243183054
"NUMEX_BILL_MELTON_CA_2019",4,434,17,7,0.456748241,0.439178544,0.361771386,0.446146667,0.400690718,0.39035439,0.471699849,0.266729536,0.426345893,0.42528477,0.449660021,0.414802024,0.423880934,0.414395946,0.311843736,0.37083969,0.446073033,0.393003723,0.428283437,0.405246792,0.416011582,0.555068074,0.581328189,0.494468756,0.469612253,0.478213691,0.265016294,0.297512016,0.433580679,0.353945257,0.269559721,0.275682627
"NUMEX_BILL_MELTON_CA_2019",4,435,17,8,0.440156527,0.438372699,0.360340149,0.438021402,0.372945246,0.393063266,0.45220299,0.38871843,0.408783841,0.420233165,0.453716358,0.416254528,0.433117917,0.414051509,0.302456846,0.354275951,0.446427149,0.410390604,0.436627112,0.415153037,0.348946614,0.55967819,0.577245073,0.488854522,0.477263452,0.472284034,0.262949257,0.314479286,0.433012663,0.331803092,0.233995716,0.252349995
"NM1701PAR",4,436,18,8,0.434162022,0.44409658,0.351986664,0.437047455,0.357481466,0.440458363,0.451574775,0.432087581,0.429000993,0.438189004,0.460828168,0.444487815,0.399404521,0.405338784,0.302137733,0.401149815,0.44462679,0.401115115,0.441579895,0.412151529,0.311888349,0.527052975,0.570592999,0.477016742,0.466341706,0.466362382,0.277425744,0.327834554,0.457170561,0.375698555,0.264090312,0.290935824
"SW_9720",4,437,18,7,0.447800846,0.448875323,0.333463221,0.4344952,0.338269667,0.433856816,0.457892804,0.285324758,0.417416621,0.39335355,0.449388781,0.400079386,0.408688977,0.398519499,0.293812053,0.382508833,0.439603419,0.394770187,0.463595062,0.41974079,0.410156416,0.537531122,0.573196858,0.493165434,0.487698419,0.463814111,0.239104802,0.273920919,0.417899741,0.361859415,0.261968051,0.284641795
"NM1705PAR",3,438,18,6,0.446606186,0.444364388,0.352500551,0.448454358,0.347278015,0.46302403,0.472401912,0.278247958,0.418799622,0.391860534,0.448797747,0.408667318,0.328691388,0.388541046,0.316366663,0.389281144,0.42952177,0.399303922,0.462594996,0.41095556,0.412481053,0.525598213,0.574603902,0.493174729,0.477955297,0.459020883,0.277039567,0.294540703,0.413987469,0.370231135,0.266497839,0.292887788
"NM1713PAR",3,439,18,5,0.452888414,0.457407069,0.334301294,0.424250662,0.351530698,0.437644564,0.462996372,0.239404285,0.413879741,0.392044005,0.432300442,0.402393155,0.360483843,0.427083801,0.32153984,0.394218041,0.444177174,0.424764481,0.456065943,0.433206968,0.461897659,0.535995185,0.575433879,0.482812869,0.472115633,0.46418898,0.271714887,0.291435249,0.406864861,0.405682513,0.30634946,0.321206611
"NUMEX_BILL_MELTON_FG2012",2,440,18,4,0.431303011,0.452520268,0.345544328,0.448894842,0.367127463,0.441840114,0.461123719,0.245033199,0.408963612,0.385444357,0.42708561,0.384865002,0.375914105,0.436181744,0.312451348,0.40313859,0.453867987,0.419151948,0.457012138,0.42187746,0.497106493,0.528094225,0.580352858,0.479143251,0.461685255,0.461500214,0.409418355,0.290625403,0.423170399,0.367983205,0.290372849,0.307515952
"SW_9812",2,441,18,3,0.4459378,0.445434733,0.350435096,0.455836632,0.389782922,0.435131973,0.494615477,0.270827672,0.428132911,0.393689586,0.428921759,0.386927268,0.369703118,0.410291188,0.310089204,0.387459915,0.438113369,0.397873584,0.47934282,0.41074009,0.274635495,0.49597267,0.589612944,0.474441655,0.472918883,0.466082726,0.389954522,0.307108034,0.409128497,0.382143945,0.256917923,0.273154251
"MESQUITE",1,442,18,2,0.438982331,0.471952928,0.355120062,0.462284899,0.403186026,0.459257242,0.481491789,0.276184719,0.414361633,0.381725815,0.433919194,0.409786441,0.489228355,0.421563159,0.326551521,0.387596225,0.430164095,0.423738627,0.472636481,0.423621381,0.243915424,0.495614125,0.585343615,0.465555109,0.475886425,0.461535661,0.382427649,0.278507858,0.413586744,0.378279818,0.271899988,0.310602379
"SW_8888",1,443,18,1,0.47154384,0.476182405,0.373465309,0.482971132,0.41442117,0.441906404,0.486521719,0.268015987,0.408856969,0.363359021,0.423058796,0.409105194,0.625768909,0.435632975,0.364303987,0.378221764,0.437569646,0.440287992,0.473654879,0.430518155,0.278560974,0.505400785,0.579046636,0.468951599,0.475957592,0.452796239,0.347182849,0.25614271,0.409773422,0.355528105,0.267334035,0.308914729
