"Germplasm","Rep","Plot","Row","Range","yld1","yld2","yld3","yld4","yld5","yld6","GNDVI_62","GNDVI_76","GNDVI_90","GNDVI_96","GNDVI_104","GNDVI_110","GNDVI_114","GNDVI_124","GNDVI_130","GNDVI_138","GNDVI_144","GNDVI_150","GNDVI_160","GNDVI_166","GNDVI_174","GNDVI_180","GNDVI_188","GNDVI_194","GNDVI_200","GNDVI_206","GNDVI_216","GNDVI_222","GNDVI_228","GNDVI_236","GNDVI_240","GNDVI_250","GNDVI_256","GNDVI_264","GNDVI_270","GNDVI_278","GNDVI_284","GNDVI_292"
"SW_8421S",1,100,1,1,8.65,4.95,5.6282017794,4.25,7.55,6,0.0328406102927246,0.0338316035269794,0.186799418230182,0.246545043248556,0.324351272468279,0.347615081329547,0.260241026248776,-0.0288275230503773,0.225951884621499,0.27041929768546,0.306800091539488,0.20026691053264,-0.0231101432315204,0.0890962489898094,0.159363680521966,0.298644311074377,0.0152061369639757,0.102232817790464,0.197004707581136,0.268708518518311,-0.00133642321405265,0.133343199922506,0.159068236243286,0.280881056076038,0.283824594624533,0.0783857667894552,0.143850793027699,0.211827924530833,0.312537968346095,0.209837922424466,0.177382887306392,0.282542400368924
"SW_1011",1,101,1,2,8.25,5.2,5.2720288434,4.2,7.55,5.85,0.0335551686502355,0.0138933424177253,0.16108875822427,0.202789717378782,0.279979235161793,0.370231127042175,0.21404378443158,-0.0114564293773628,0.215111922959321,0.276661562601036,0.294876639931627,0.201771147538461,0.000488553196290471,0.0857068729167136,0.165513070986968,0.278354954696705,0.0314563098180548,0.0711278245580892,0.179363998982285,0.25587931487308,0.0159220215076549,0.137061674129616,0.164639389397493,0.282615655838825,0.289729610090972,0.0900614065441878,0.131257089134412,0.19461228320925,0.300957038004688,0.19798784684945,0.184181140436236,0.265872342259239
"SW_9813",2,102,1,3,8.1,6.25,5.0111388022,4.55,7.6,6.2,0.0470701671561056,0.0135829361003428,0.148541835296467,0.189873867720608,0.263706565799375,0.322010548178647,0.216467942444383,0.0079801800828834,0.198151056102928,0.255663433046702,0.278315495426532,0.229371472251382,0.0302722202296485,0.107402060015218,0.179301784891778,0.278017087016715,0.0336870300807948,0.0620004805655065,0.181970812137867,0.254036571387711,0.0215206494619837,0.128479409109168,0.163720905844786,0.268496885969879,0.267745637902828,0.0581442727039778,0.117295179946817,0.185439405496274,0.289148156463085,0.203237327234187,0.192805584872196,0.283191185872799
"DONA_ANA",2,103,1,4,7.2,5.5,5.1393579382,4.35,6.65,5.85,0.029870457848085,0.0112411776777579,0.122051048578054,0.183186511677547,0.251531651129348,0.346410527589452,0.190215721725282,-0.0337281913372323,0.196808007271335,0.251246586389303,0.279134374248904,0.225448518760485,0.0432094771391291,0.117799656286599,0.189720243163176,0.278274693865172,0.0419770219463839,0.0672201041780616,0.179615259971791,0.253097691804676,0.0299741340852103,0.14246209433753,0.184127052892509,0.267265511355966,0.27292030187504,0.0655858830918955,0.142387918538546,0.20056523061545,0.321060943680901,0.206154306760843,0.178660288385246,0.252846326262247
"NM1715PAR",3,104,1,5,3.85,3.55,3.1241909342,2.6,5.3,4.5,-0.057163995792802,-0.0650010365639794,0.0290581928600232,0.0936899551266796,0.169164121490995,0.325215046048162,0.114139590295786,-0.00244658492275714,0.090321961373115,0.155372945531034,0.190198551909036,0.138286061614684,0.029913099417525,0.0724576843109021,0.13100459511669,0.23295636846682,0.0421816764755843,-0.00128868379286425,0.101505004322728,0.164619930093668,0.00879447547761924,0.081842014156992,0.135409709686406,0.224732410859339,0.246797403812962,0.055305563623089,0.0707617291038527,0.133219391163441,0.279378520558699,0.213373432001777,0.171728368869936,0.278856406177343
"NM170506PAR",3,105,1,6,5.1,4.65,4.7782899642,4,6.45,5.45,-0.0119042032837206,-0.0379905400143868,0.0344764886975302,0.115192358649716,0.181364043086297,0.350295800096479,0.143627719228327,0.00707917274560244,0.147468435192009,0.190336660898777,0.247201726262611,0.207380355538823,0.0555753446327634,0.113649842980783,0.180408681420868,0.288210789796162,0.0482901540975771,0.064478102747849,0.150172937198906,0.246644339840902,0.0388723289373442,0.119784200106816,0.154087969551315,0.253409555715274,0.271120754800878,0.089599264946592,0.109931042386965,0.167942832343772,0.304514122115395,0.217896879152566,0.163854821988111,0.280541232470649
"NM1704PAR",4,106,1,7,5.45,5.15,4.5367336588,3.9,5.95,5.6,-0.0346002748752517,-0.0398946194267045,0.0459882383702121,0.10914123112975,0.180589516992419,0.316522204207931,0.143107258646913,0.00488105817516805,0.120762906205858,0.197960902446872,0.244900696506764,0.217752911658345,0.0347233778191572,0.0910292837386727,0.176692444322638,0.300745398664641,0.0429869802277006,0.0410191528298967,0.142896253195969,0.257863664468833,0.038006458183944,0.111601511392626,0.165844186305512,0.245321419217539,0.265095474742971,0.0730055451949894,0.0861059350700493,0.17325167197875,0.309912632668781,0.223640833858172,0.180925466224541,0.291402991241684
"NM1712PAR",4,107,1,8,3.7,3.4,3.2349250888,2.9,4.85,4.3,-0.0929553940798541,-0.0830321584428994,0.0222325069382014,0.0642697951732166,0.159599021458694,0.339274153005281,0.133731926261425,0.0114507390611948,0.0932734259641822,0.190332146753842,0.209009808377812,0.181944131053765,0.00923679352192256,0.0379558967578695,0.130771657807389,0.262379298811054,0.0407875134191225,0.0086345860796446,0.104580809451492,0.215805085326964,0.0272337158806135,0.0860211496401397,0.160464758223187,0.222202092616636,0.231531840357676,0.0632723891602083,0.0780848093790115,0.162475196078305,0.270293054504258,0.200508183138875,0.157550736208621,0.260108131677197
"NUMEX_BILL_MELTON",4,108,2,8,6.15,5.55,4.4770782048,4.35,6.15,5.5,-0.0696491063944592,-0.0212522164650473,0.0439001908987176,0.119113813245988,0.185113823151737,0.37311068789304,0.191915845132087,-0.0186072098833915,0.106571305178067,0.184435100048304,0.229705320119051,0.245990050769776,-0.00310219471744595,0.0206577746336793,0.120408859164682,0.277802089408177,0.0119856496375506,-0.00569715249649348,0.117457159228356,0.237412574144694,0.0296583909486107,0.0690949685334101,0.172927091629391,0.238464216568105,0.228990097916672,0.0528420197328606,0.0486119255958969,0.156779426772328,0.278401343207508,0.201747458216674,0.167876998634528,0.262190343931982
"NUMEX_BILL_MELTON",4,109,2,7,4.95,4.6,3.9865131968,3.7,5.7,5.6,-0.0671238707592469,-0.0342603205980691,0.00282264594672618,0.0862726771599999,0.143716890878126,0.364302285109693,0.160534611712832,-0.0463870140129258,0.0886035501969586,0.150077839889962,0.205611154973761,0.207258768225367,0.0131447623698332,0.043681105777225,0.119031624890818,0.263157709641382,0.0284186127632254,0.00923790088001991,0.131135325120389,0.213375474207127,0.0245956924894572,0.0655530619719509,0.140791693386589,0.232184536739947,0.214539097678342,0.0535040862118637,0.0426105852839617,0.15295152590964,0.280346595683503,0.212269815110197,0.178915496549465,0.286544474628507
"NUMEX_BILL_MELTON",3,110,2,6,5.3,5,4.4937223042,4.05,6.35,5.5,-0.0373083082462242,-0.0302589063151538,0.0182310370692666,0.117661039812151,0.169058140542414,0.350297311218424,0.192376581126762,-0.0368785923974981,0.10924894934036,0.160350504516235,0.231535037677082,0.215296679588959,0.028201809821037,0.0769987177772129,0.142651018377977,0.270706803544183,0.0302751187543917,0.0151374232720752,0.135747333632853,0.215866704696943,0.0199198496100454,0.0778641859172338,0.126342471748037,0.239512737413748,0.219137514326786,0.0530529768002229,0.0408730808171007,0.13222135520344,0.289218767101026,0.210674801696753,0.169752308957741,0.276360614943807
"NUMEX_BILL_MELTON",3,111,2,5,7.55,5.6,4.7881249142,4.45,6.6,5.85,0.0014307516373706,0.0106658016031397,0.072841601741571,0.18123340813314,0.231448657632515,0.319549215875354,0.240274302744543,-0.0371655284778057,0.140747945821025,0.170052685734203,0.254602606047811,0.226740884149855,0.0132734199409833,0.077191283805412,0.129259986836183,0.257756452460508,0.0209082982670175,0.0206013415284855,0.12964187428721,0.211027996110987,-0.011875512755443,0.0707366524568083,0.134783418589707,0.233159758531337,0.216817110441304,0.0401377302533834,0.0589913223938608,0.137787962655259,0.288781449095342,0.202943506222664,0.169744982577601,0.27228155053267
"NUMEX_BILL_MELTON",2,112,2,4,7.2,5.15,4.1551414542,4,6.2,6.05,0.00223832453150583,0.00768794442128214,0.0777119977233166,0.186030414961233,0.230633531878578,0.333428636358903,0.256747612908371,-0.0298432178499772,0.140616749981484,0.175185693912394,0.238647299545802,0.209720135999137,0.00194314149300285,0.0608729331701248,0.116872656446059,0.244857438373451,0.0153814108387192,0.0134007056150212,0.143630611348312,0.213674344818397,0.00169223534130855,0.0771613740513186,0.149480045534116,0.239456544784629,0.228536571157051,0.0471165789474851,0.0717260707851518,0.156876292802866,0.292206881428632,0.1895375971841,0.188454712603517,0.271913892816214
"NUMEX_BILL_MELTON",2,113,2,3,8.1,5.15,4.2371084442,4.6,7,5.95,0.00905965287228169,0.0158132128438726,0.109675796833907,0.184170355812111,0.240634269601201,0.33147623913118,0.252726050490674,-0.019278042100474,0.147753041354409,0.20041324735625,0.254434147449601,0.204431866184392,-0.000184408261328704,0.0611819300460838,0.140351536447432,0.260669126603334,0.0227755792627611,0.0388027987395411,0.165015964045066,0.238234689241122,0.0100941396836844,0.0993996305862714,0.147290265222571,0.250697109283259,0.237182018814932,0.0580064398084677,0.0813461672893656,0.161662294849941,0.290888497830218,0.180898721709753,0.185596106630963,0.268383592494437
"NUMEX_BILL_MELTON",1,114,2,2,7.2,4.45,4.7169582174,4.1,6.5,5.85,-0.00671307208996708,0.0201194397323273,0.119908839752101,0.19249228265847,0.256719868173787,0.36740263501205,0.265344593588491,-0.031566392718237,0.141095358532425,0.219068346370883,0.262515422313875,0.190101104772381,-0.0272576430415058,0.0274610660654477,0.128025200677571,0.266100531053776,0.00902175827338889,0.0239194237742748,0.149245324858295,0.234142881280888,-0.00791872802827191,0.0872658745237899,0.131637506672944,0.251252334683659,0.245905962906385,0.0711816756883164,0.0751953683969522,0.162451143308981,0.285509683630517,0.183716699979906,0.193096956818153,0.28144424135574
"NUMEX_BILL_MELTON",1,115,2,1,8.9,4.95,5.2052737314,4.7,7.25,6.2,0.00265125032304157,0.0388107779934469,0.14572562221955,0.236478650423903,0.300870012395015,0.380991959063619,0.302926223208689,-0.0353971243101055,0.173944649547651,0.225835925690801,0.28389022263878,0.191610409109779,-0.0398986059317934,0.0381411503664069,0.123861989331056,0.2984669869991,-6.0406160161362e-05,0.0651865094187376,0.175148287229423,0.261434552562797,-0.0152290446720039,0.0902637332894493,0.135440081223486,0.262394201439637,0.265609887656165,0.0592487593321364,0.104502112846882,0.197421053569426,0.320759711601785,0.203664665203127,0.2004561328848,0.302832640777031
"AFX_779",1,116,3,1,9.3,5.3,6.3925766834,5.05,7.8,6.6,-0.00799051991720703,0.0848040046619892,0.109144585799002,0.242932488074895,0.248761513246751,0.382648710021719,0.333017009069572,0.0410915365304831,0.198150647993983,0.225984329949305,0.304252251968035,0.237067473876397,-0.034407119882762,0.0677962523295786,0.133388261816279,0.321458631660618,0.000812668090783758,0.0956986120649763,0.177682777516588,0.285432323103284,0.000405628444344957,0.0825126234608277,0.143446655720869,0.261890693022116,0.270999534776128,0.0345048354984084,0.080887140399113,0.208222918567112,0.326726613247679,0.216699274182969,0.225806858791481,0.316918751682324
"NM1703PAR",1,117,3,2,7.45,3.9,4.9663417054,4.55,7.15,5.85,0.00324107511561749,0.0755707056129148,0.0768023129514694,0.205201430132838,0.205503704728123,0.357422262283423,0.266875410891536,0.00055347648324966,0.178166250531684,0.202063331924339,0.260008796617445,0.220178651518834,-0.00830723988955807,0.0474776702262353,0.125423700605479,0.270810969963315,0.00824509517134281,0.064812725432884,0.155985262046474,0.247916636662558,0.0249132954913656,0.0950120721912702,0.135924464508381,0.234978846860971,0.229963866104946,0.0713987481365652,0.0769920476253662,0.181855015088136,0.297420617464256,0.184877512684164,0.198948108450077,0.274795125213425
"SW_1011",2,118,3,3,7.65,5.4,4.9954860002,5,7.55,5.7,0.0142698221854887,0.0713838675931129,0.0767016554684338,0.202581598412091,0.214003697340575,0.332824739310453,0.285207019385739,0.00420093943848832,0.19639938874813,0.187337165955398,0.273724084468312,0.260231867731329,0.0203597073698112,0.0861906968154559,0.106789841266828,0.261492511975364,0.0207630504815135,0.0641897365350481,0.159172456877024,0.24140025616632,0.0133429492886803,0.0938183341908365,0.147569878761942,0.233988502418076,0.222715072223093,0.0647584526925145,0.0739156825146127,0.174637586287451,0.28302751829665,0.173168735402279,0.182439935478394,0.245461734385323
"NM1715PAR",2,119,3,4,4.35,3.15,3.1800087862,2.6,5.05,4.4,-0.0777308967306718,-0.0178882981316873,-0.0105957962767715,0.11779714402222,0.153452720939503,0.312109539799275,0.220503093041613,0.0104837573951309,0.0804494313534109,0.112018055301896,0.19382830527153,0.190831397608867,0.00790539666117852,0.0476056957160934,0.0556582625407109,0.196709170350917,0.0202687615892283,-0.026241803896073,0.0713016387195874,0.14142971556956,-0.0066495658873455,0.0254794046130079,0.104437636230788,0.18103790602234,0.172280971600188,0.0349752162235847,0.015215297722638,0.125874418162819,0.245939244821865,0.160578509050267,0.182757976504011,0.25514321010286
"NM1703PAR",3,120,3,5,8.1,5.4,5.5028958682,5.05,7.3,6.3,0.00126071317437016,0.0602717153571413,0.0579543659711813,0.212970720371566,0.223986933031398,0.311720338391561,0.285518018475039,-0.0293944629054474,0.192617044931933,0.165173165967959,0.265660304111911,0.250355157133647,0.0228403798739841,0.114496103831621,0.110697236030937,0.280272924882918,0.0153319350788962,0.0583992834534818,0.143399092260459,0.244487154220724,0.0074555501678689,0.0807832230764075,0.140624129116335,0.223770379021545,0.20223677518025,0.0520017490190828,0.0673926224457297,0.1612161705996,0.310378868514009,0.186654112718455,0.179648262660834,0.267675982452039
"SW_9720",3,121,3,6,5.45,4.8,4.4679731242,4.3,6.2,5.2,-0.0476851045140996,-0.00469458150702915,-0.0180672476173142,0.10771887080976,0.133520774019822,0.330252674771639,0.182433406759518,0.0470264782594969,0.128012718405077,0.128047063020754,0.203126053270172,0.206960676421353,0.0352977434369986,0.0673157263925052,0.0817234721149274,0.240904515724234,0.0169474145404715,0.00876113980635769,0.101240393266234,0.202763129071024,0.0148259224854468,0.0500261281968005,0.115885063071926,0.211878424510978,0.17938621240038,0.0462598526654403,0.0191754192399978,0.127372493795427,0.241118184383837,0.179826015276426,0.15901113843136,0.242468231152507
"NUMEX_BILL_MELTON",4,122,3,7,5.7,5.15,4.6783561028,4.15,6.15,6,-0.0638574523374976,0.0126164010118117,0.00272201519184656,0.123485627811258,0.151573409587587,0.372231074408525,0.204965403931914,0.0011508869384693,0.130049946503025,0.152516992269851,0.233193499236373,0.27462417860061,0.0204587907769473,0.0379725341200943,0.0901839348617938,0.259302715535372,0.0125364865727478,-0.00271066833367982,0.105483878537888,0.21780441023873,0.0326561196231128,0.0558274664744924,0.132355923788207,0.211467137187587,0.201641139274362,0.0503296162463898,0.00955240080925761,0.129436015591167,0.271993610115599,0.181467221766747,0.183445571772255,0.276871689804635
"AMERISTAND_803T",4,123,3,8,6.65,5.95,5.2588247328,5.3,6.95,6.3,-0.0503102991008805,0.0297880128983095,0.0163081346225518,0.133096256535776,0.17474071783856,0.35439298843074,0.222821455165997,0.0332451210228934,0.177938294633721,0.196789765243261,0.246566925103565,0.297686899775116,0.0498006081755166,0.0678703326977093,0.114336837729906,0.304287888329366,0.0061775413089103,0.036052409340309,0.127009990539434,0.26594431550405,0.0566057072773246,0.0835887809727321,0.177579474729203,0.235057981973777,0.231973604975381,0.0497737707554779,0.0483349386543736,0.162058861455528,0.284507442549204,0.202686717105618,0.18982994233989,0.274377373029542
"NM1702PAR",4,124,4,8,5.15,4.85,4.5013290248,4.75,6.6,5.8,-0.0784692502216698,-0.000774977072376424,-0.0481105879898556,0.079160972523329,0.111995926107067,0.363646038857185,0.163349490628421,0.0449657604855385,0.156061464298253,0.151787678181757,0.191449388467731,0.262316604394685,0.0727322197886409,0.0655765265699553,0.0752350801112093,0.276338336887899,0.0230474948090807,0.0207420109192355,0.0655304243774117,0.233050254794697,0.0585431704159113,0.0619678354532276,0.140153313482171,0.189352633284506,0.19760704388988,0.0521551810215488,0.0219724053494434,0.124354169656969,0.231988423669119,0.152899482538787,0.17532614632615,0.219979128286668
"AFX_779",4,125,4,7,5.9,5.2,4.5217422428,4.4,6.55,6.25,-0.0613574776979831,0.0306159246804111,-0.00169213095802671,0.13816467422167,0.165360847608733,0.325833379091282,0.202241335513613,0.0634855316489017,0.183185775913173,0.15998017683006,0.234455942299506,0.277348421933582,0.0443201565328738,0.0457803861775312,0.0683054712264916,0.250599335169814,0.0374225842659354,0.0345315269612028,0.0900765328408294,0.226231302255347,0.0441980586021465,0.0728500803091355,0.151371611258582,0.205811640674752,0.208853921059151,0.0500996791231889,0.0348584005161382,0.156849542898746,0.286766650252153,0.184239036328953,0.210691926146423,0.251344098936711
"AFX_149092",3,126,4,6,6.4,5.1,5.5463229742,4.85,7.25,6.2,-0.0308481227230292,0.0537863097569001,0.0310965739686727,0.177909826856184,0.194345595131684,0.345316528504006,0.226922959807436,0.0707790158420264,0.22811142391374,0.169263178255256,0.27541859094293,0.255156108373487,0.0510418088970207,0.102332229018178,0.087361736288195,0.276930369468722,0.0480454415635631,0.0835270849757791,0.123910499868793,0.252071031559472,0.033968723336578,0.0947069700655524,0.156992190086909,0.219631713101131,0.208159809901134,0.0555034662866513,0.0768444210390105,0.172331553015576,0.30781366930852,0.183804212912502,0.198196275501651,0.22213666552017
"NUMEX_BILL_MELTON",3,127,4,5,6.75,4.45,4.3946939002,4.1,6.45,5.45,-0.0635887805501423,0.023592554377775,0.0060686983460609,0.177557533004071,0.164290774988667,0.345915699491998,0.239672346647909,0.00447495258192437,0.109226193688544,0.0898763046066815,0.216925213619019,0.21905059500808,0.00356556411368365,0.0442065807637848,0.0497580948032726,0.238310682466708,0.0121764774430836,0.00981628404499604,0.0655734047815207,0.204728306749735,-0.0181299377143556,0.0374230557714664,0.10028027333686,0.176190439484159,0.169285900521832,0.0387234318579861,0.00849060103144616,0.114578676751795,0.238397280740174,0.134402825352393,0.181108377964742,0.235084649365071
"NUMEX_BILL_MELTON",2,128,4,4,6.6,5.45,4.7243216482,4.65,7.15,5.95,-0.0403662841089513,0.0261602090883474,0.00463903673509874,0.157133523459759,0.169267823719392,0.332715627615981,0.216691772925127,-0.00811522918154916,0.111700114962924,0.107457913455155,0.241420357835674,0.267583160953448,0.0296644831824675,0.0568751432514544,0.0704193192600501,0.226840494728687,0.0195744818795318,0.0082072038814471,0.0696942328501878,0.196820509661461,-0.00522802184830602,0.0558200239647465,0.125980929800337,0.198107180159559,0.185086884864257,0.0433147863547097,0.0193226855354915,0.135905080467626,0.264066807277917,0.150274017380353,0.193568439073672,0.231284083766447
"AFX_149092",2,129,4,3,7.3,4.6,5.7148866562,5.2,7.7,6.2,-0.00758975230162565,0.100857206999041,0.0868301040731932,0.229258693247529,0.209455912340741,0.315827614150715,0.251401432288558,0.0472024968153755,0.216819585924509,0.150976795311953,0.280092634109105,0.252969147027345,0.0261693788328803,0.086504319723311,0.0985423969428312,0.27347251302801,0.0578809497333403,0.101931627928972,0.148149057116647,0.249398698426095,0.0380873931761805,0.121839281685986,0.161310209501125,0.235980324266813,0.229416753211098,0.101578643088108,0.105195117297532,0.195271322817395,0.307237695480448,0.178347496688955,0.194760824049422,0.223662332902954
"TMA_990",1,130,4,2,9.05,5.7,6.3818189194,6.4,8.75,6.75,0.0201940832930899,0.114177967206822,0.0850715024170569,0.229748406595568,0.181766089456312,0.336460972384652,0.244136581299152,0.041921888969888,0.211000874000366,0.180017215755259,0.282833172301666,0.260085443560708,0.0232920566406845,0.0702987528082251,0.118962159248983,0.276996073129895,0.0192945659628148,0.115141298911024,0.15496308228491,0.278182295684086,0.0360547478297917,0.121579107647167,0.165918487935949,0.249257887987585,0.240857317916947,0.0752821992113289,0.069286982517607,0.193742093730476,0.300913104782044,0.16971558812201,0.186020383007516,0.214548254029969
"NM1704PAR",1,131,4,1,8.45,4.95,6.0681502754,5.2,8.55,6.7,-0.0211499849603486,0.0759258999441007,0.0624062348012899,0.22291986011202,0.177522332393775,0.38768368024259,0.249961350687062,0.0354138896034549,0.179222181771385,0.176096608873315,0.288477540418406,0.244016369564139,-0.0184873190585457,0.0848352631055426,0.106348137011197,0.304912781138858,-0.0210043300949749,0.0924523062633837,0.144558881447929,0.28136593309152,0.00883301826028298,0.0821744174789083,0.137626612562366,0.255111924878504,0.271563583621924,0.0280600797976647,0.0564187473114389,0.200331583642997,0.318755764549345,0.197400080622604,0.221000141760898,0.291963615012192
"NUMEX_BILL_MELTON",1,132,5,1,8.25,5.5,6.2589806194,5.6,9.25,6.95,-0.0366349065211099,0.0525773736740221,0.0322413924086221,0.190363844846329,0.154295604589619,0.357226470075465,0.260779463485786,0.0152461085339668,0.151989847101624,0.152351152310116,0.276616965811599,0.24936264229841,-0.0131692753837273,0.0757707647117966,0.09312178504132,0.301371042573532,-0.0325180860596334,0.0830608357306435,0.123534891875333,0.266688661250585,-0.00692570607877742,0.0669998375670806,0.140363553748646,0.255716615305384,0.265400642679804,0.0223872559327511,0.0258299813930144,0.191948297896826,0.328332601889597,0.185051696600748,0.223623274613221,0.280921111920286
"NUMEX_BILL_MELTON",1,133,5,2,7.05,4.25,5.1416499614,5.05,7.85,6.15,-0.0524837700744669,0.0519841401045214,0.0103840958431622,0.166359024204294,0.139512389372647,0.335233876898846,0.198841778457325,0.00605308941387619,0.128799196128832,0.12081154189097,0.224311005532568,0.205890383232507,0.0141833966580811,0.0224831946833896,0.101399809690083,0.259391245840865,0.00783564525085131,0.0752434702244838,0.106793566884063,0.247372435534263,0.00319152792245255,0.0735210292094197,0.131638201617439,0.217467176095375,0.211734085996463,0.0378303124752112,0.00265514497609893,0.147721515452113,0.275512916492397,0.158444470984566,0.20242836988785,0.239179347740481
"NUMEX_BILL_MELTON",2,134,5,3,5.5,3.55,4.2172668642,4.15,6.3,5.4,-0.0630917631690544,0.0274662754615782,-0.0264467172067335,0.127342141756522,0.122246220638647,0.307799392427953,0.185098538391904,0.0259159025419116,0.118022918033547,0.0710916724583963,0.191499662937599,0.184401511237225,0.0189617531786672,0.0282443579987776,0.0664222684434515,0.227117464147172,0.0468496286084554,0.0350738617910141,0.0753922873861921,0.197842908500193,0.00928425702170472,0.0597059916649655,0.118426065888411,0.191419343140914,0.174687599474286,0.033111670010608,0.0224881566602943,0.120467754910121,0.242653071812288,0.141229642069762,0.178656291531657,0.20418165391661
"NUMEX_BILL_MELTON",2,135,5,4,4.65,4.5,4.7657685042,4.55,6.75,6.1,-0.0750320010925946,-0.000768660110605148,-0.0684121903391188,0.0826011731945032,0.092646246456399,0.316249701302658,0.150651412512764,-0.013502518989778,0.0950060002625681,0.0644220397845939,0.195106386963323,0.22465914666267,0.0509508259324558,0.0738235475000573,0.0763976926165657,0.223851195634252,0.0403472922083827,0.007849416350808,0.0481835144743181,0.178015922655119,0.0140948758703203,0.059494499886664,0.124080271721457,0.196368191732468,0.185525144422161,0.0265769293039505,0.0178922268340717,0.1189347869355,0.268806885151619,0.147577647553904,0.200914413545567,0.22847148632266
"NUMEX_BILL_MELTON",3,136,5,5,5,3.75,3.9032470442,3.75,6.05,5.6,-0.0781910243554659,0.000495216068192658,-0.0561257779344394,0.108810399090675,0.089435092979466,0.34063048824414,0.165110556964448,0.0195716629738948,0.0901542004220123,0.0551196446792559,0.178812856803276,0.181142601889802,0.00123582791579057,0.0250959762365613,0.0329380215781353,0.194846755206139,0.0220834781221695,0.00553010865499893,0.0325653569471288,0.159233997420363,-0.0196181700649489,0.0336185602904105,0.100070603190412,0.1646444214987,0.144795135299246,0.000294262112936491,0.00783529234010544,0.0953020446722974,0.221343837522525,0.105861090232592,0.164096295868846,0.190220542725357
"NUMEX_BILL_MELTON",3,137,5,6,5.15,4.55,4.1677077882,3.85,5.6,5.2,-0.0813431480999628,0.00596087279888453,-0.0482782216073261,0.106263292705395,0.122032817894184,0.317425837215836,0.181286607940312,0.0254224249198358,0.141983925743526,0.120270414279644,0.213293434902556,0.225490771987157,0.0431250902120229,0.0642670712149172,0.0696652376660267,0.243002629306046,0.0452768794917216,0.0197726295135356,0.0632861442101387,0.200076091423214,0.0164296693170035,0.0441297507748368,0.125590623409159,0.18117522351842,0.158867433691744,0.0272823632130571,-0.000134823262564288,0.101636892523909,0.226428395941285,0.14232515151338,0.181980082579801,0.190328574439635
"NUMEX_BILL_MELTON",4,138,5,7,5.4,4.55,3.9154834668,4.05,5.9,5.6,-0.0953768229785987,-0.00195221927672861,-0.0567155989863342,0.0856494919927508,0.105240793462137,0.328104507241793,0.161173460443449,0.0206392625107441,0.136811463627984,0.125038703434026,0.182580199467644,0.221669407242522,0.0240105848473561,0.0074939678318566,0.0349785232153814,0.205947478512668,0.0275339513779615,-0.0194402597508113,0.0283602610667211,0.174006435334366,0.0249370126660763,0.0475387172282308,0.127928937756103,0.177835574463412,0.160490126590298,0.0240178946422247,0.00706526330147318,0.0990943100316512,0.21552861504775,0.13732039863926,0.167727267358774,0.177541902860334
"NUMEX_BILL_MELTON",4,139,5,8,5.6,5.65,5.0876603808,4.7,6.35,6.05,-0.0957804839014738,-0.00772655017300119,-0.0553984896298158,0.0920230796364753,0.117909800240026,0.324681187392779,0.169075391937597,0.0457233104745,0.150495772813094,0.1695149519412,0.201433133305376,0.280514908212716,0.0517708338606628,0.0535905587718685,0.0812831958008389,0.283698613426585,0.0163352853981149,-0.0091910708895297,0.0374449355333008,0.206273931691308,0.0497213341352495,0.056998035757526,0.136561538696126,0.186493364878153,0.180363364054134,0.0395829651314119,0.0215041607652367,0.103154353417118,0.220738034186707,0.138949283411306,0.173246199250606,0.193456892130324
"NM1713PAR",4,140,6,8,4,3.9,3.5175534648,3.15,4.55,4.55,-0.118201411835042,-0.0237896010850637,-0.0695440078649225,0.0579128372521331,0.0882719425953822,0.308570190832128,0.160470583553701,0.0937305300259683,0.12481777933813,0.145785188622445,0.16415937489799,0.244970514882871,0.0516030240312393,0.049424117616351,0.0636635288227323,0.262366659494321,0.0296969482879182,-0.0262810939805668,0.0143013610553507,0.174214229148592,0.0541074491352239,0.0427702181289955,0.121231213844709,0.166516656495619,0.144005424683665,0.0424491244712982,0.0211410745747096,0.0951382596105449,0.194201990221697,0.137010692510731,0.168959039334716,0.193781145961968
"AFX_149092",4,141,6,7,5.3,5.35,4.9389831528,4.9,7,6.4,-0.0675837999174359,0.0250480141631213,-0.045092454385661,0.0994825432090531,0.109273375940725,0.271733247255498,0.180203629514701,0.0746263574129718,0.200352979021532,0.158831228889646,0.23352984393638,0.263859201857134,0.0340022296544036,0.0584813659240213,0.0639823504372778,0.260151686299823,0.035055385092233,0.0357857309265845,0.0716216434252899,0.217693425116448,0.0402183641665292,0.0729859837483003,0.14690436584497,0.199062533127936,0.181645343653404,0.026313266688632,0.0851501251095239,0.146838487501274,0.275693321894949,0.169255041417589,0.191139215216958,0.216333551457024
"NM1705PAR",3,142,6,6,5.25,5.5,5.3966780582,4.7,6.65,6.45,-0.0683478944711959,0.00889699167026032,-0.0608928035777589,0.0863881492515558,0.0954473225253204,0.278116880513962,0.167265964191968,0.0394241038363439,0.172994857165069,0.120662471211974,0.219702411825827,0.251960227135453,0.076538195614421,0.109920377792359,0.0977618134616758,0.274058412370432,0.0476740314332428,0.0369433548975801,0.0704339614526867,0.215271155914295,0.0278029540041207,0.0600330336668203,0.135970112344717,0.190047779750931,0.172024316748263,0.0225770722377703,0.0597369187104287,0.133320713460331,0.272262143922237,0.157653408641237,0.189371524993034,0.214814293513066
"DONA_ANA",3,143,6,5,6,5.15,5.3550556142,5.15,7.25,6.15,-0.048155306413493,0.0511694843886092,-0.017988061847353,0.135272005712941,0.123466586580459,0.302934750024447,0.181274847119918,0.0144677386684752,0.172492838646366,0.0972958368817873,0.221907762047975,0.21633686138728,0.0216907452191442,0.0680412640140569,0.0669608054207276,0.240554867733599,0.0322353588571862,0.0644402865654004,0.0832401297801757,0.201389393948426,0.0146524667407749,0.0767896588168973,0.140464958438538,0.188667553985219,0.1640961201109,0.00544542945506193,0.0902108994102422,0.15448810346745,0.283388309321774,0.143191889384088,0.181800403125921,0.196148362980781
"NUMEX_BILL_MELTON",2,144,6,4,5.1,4.45,4.4516589362,4.3,6.15,5.4,-0.0756516782547364,0.0124741867931242,-0.0558675865185677,0.090329085999117,0.0974260301981518,0.319584633768026,0.162927613386822,0.0478614055831778,0.10369557604055,0.0669576134058885,0.202757096102864,0.223672730014478,0.0330636764374141,0.064792462106469,0.0764198824203938,0.228614292199878,0.0285518884260324,-0.00792756394037534,0.0370053049409796,0.174207450721556,-0.00823740291944376,0.0302331438289375,0.0984153337112253,0.169580182282332,0.152879424306596,0.00402462417250426,0.0213612870464771,0.107840991530278,0.246213800343724,0.139587411875938,0.185992337822443,0.230423783587066
"SW_8888",2,145,6,3,5.75,4.7,5.2385209642,5,7.5,6.15,-0.0504496061692946,0.0416655294233524,-0.0153642763059927,0.140306473520137,0.137035012376674,0.320642592334359,0.203306916542846,0.0626469725260317,0.170850557536283,0.107919763577672,0.238516049160378,0.225975694568588,0.0238711485737585,0.068970203028128,0.0853642081829472,0.249028913894355,0.0430494998369466,0.0547341530041375,0.0928221068919714,0.216314561419224,0.0237679113579158,0.085238249041702,0.148505698877355,0.222986955129362,0.213538721691236,0.0181195531136123,0.0771915944727538,0.1605799910184,0.296410062845604,0.166384239490128,0.19444157161737,0.229187771763208
"DONA_ANA",1,146,6,2,8.1,5.1,6.5881225694,6.25,8.9,7,-0.0160761577912373,0.0961878995899739,0.0574012341750797,0.233395334329376,0.194922697673926,0.33376837057031,0.279217858067463,0.0626604399675849,0.23653235586418,0.167263778685025,0.287463647437118,0.255980989803171,0.0075328935987703,0.0783510008127396,0.118732113177486,0.284980864180448,0.0091368559858103,0.115751360513032,0.142090578842043,0.260276186588652,0.0161568744512157,0.10772774295907,0.163416042595446,0.244089614735173,0.23680303215977,0.0304477232584396,0.0632645484034862,0.195311150021902,0.320446173090368,0.172456806124792,0.19399861446471,0.224658739466215
"AFX_149092",1,147,6,1,7.75,5.75,6.9887429894,6.3,9.55,7,-0.00511851900096929,0.0689006068541924,0.0439606327417953,0.188492728869387,0.166436329304537,0.364384490052298,0.268761195826361,0.0223213978711063,0.22347956265899,0.194204859570146,0.300526270566403,0.287838171251914,0.00906935926209365,0.142765362721125,0.12746211583149,0.317741258305814,-0.0138791769525427,0.117584775225266,0.14766831430858,0.275688607239115,0.016298322310043,0.104595558637819,0.165385988633952,0.266903329578944,0.276947210212177,0.0389400107149459,0.0638590480036146,0.220674850266735,0.353816209579919,0.191302661716958,0.212497987244235,0.267090135432498
"NUMEX_BILL_MELTON",1,148,7,1,8.8,6.2,6.7833621534,6.4,9.7,6.9,-0.0347076675184583,0.0432796447706903,0.0424516430731497,0.196547248083885,0.197176524949484,0.363743213855469,0.299523993575817,0.0396332770547962,0.202078466061492,0.176356756697746,0.290600715250825,0.281981996345573,-0.01145430270019,0.0944348918444711,0.103671217361266,0.315393627640851,-0.0307572695333338,0.0940852196911115,0.134704453132651,0.299102281239013,-0.0164341300875192,0.0617211854003085,0.148153457155961,0.258083601061334,0.270366287314815,0.01776534603607,0.0104538965194703,0.18661225787425,0.317502975575719,0.18272648858794,0.202195551068229,0.284870221488936
"NM170506PAR",1,149,7,2,7.35,4.65,6.3783812754,6,9.2,6.65,-0.0290205883714521,0.0581125813788896,0.0301528149799564,0.185056696036413,0.183695490365782,0.33294589780372,0.278557307778415,0.0238892545415063,0.239651210459423,0.158460899292151,0.279450392041631,0.235242414091756,0.00381441503463954,0.0907174479899451,0.103882275568349,0.28381655555862,0.0157689442919432,0.11581574654267,0.13061249497531,0.273739147338503,0.0205255656635107,0.0986342140513811,0.152934130338381,0.240975943806012,0.239679297430241,0.0286206459205623,0.0527882978963383,0.185113353096068,0.316459325070456,0.172183224112196,0.188481963084579,0.24995260944795
"SW_9720",2,150,7,3,7.3,5.55,6.1758687902,5.75,8.15,6,-0.0206530277657122,0.0516386867609042,0.00456926247374621,0.160013882320362,0.167259912318518,0.310819098659322,0.255500796042509,0.0435111091748324,0.215656204389413,0.124415358514707,0.266771958346495,0.262650299179668,0.0333170167259086,0.106963728744756,0.0990823137677645,0.268167048575592,0.027483292451012,0.0660640065900615,0.0952933300974504,0.242392960942272,0.0100530628833441,0.0630195434329267,0.136561657949426,0.214777497583601,0.207604570605765,0.0122947206075311,0.0656109232016191,0.15105770287749,0.262189749435097,0.159193997671648,0.172820813533,0.226312587189551
"AMERISTAND_803T",2,151,7,4,7.95,5.5,6.5209327862,6.5,8.9,6.85,-0.0228297423524575,0.0700796884966053,0.0140445778228579,0.171772549931999,0.185085420434538,0.333966791686147,0.273052560544907,0.0684871320370044,0.228827155744503,0.138252572681731,0.286964486582598,0.274344882843405,0.0219392900172604,0.105699229621436,0.0911028603691556,0.274062927855256,0.0318400471655112,0.0912839150986495,0.120588363679084,0.268195579882868,0.0122624417722758,0.0901663830164178,0.159972326505487,0.234060745474599,0.219936287458609,0.00461801052348016,0.0979315731944708,0.17817737888644,0.306160915045601,0.184604811821205,0.201449132252113,0.255761852973855
"SW_8421S",3,152,7,5,5.8,5,5.7947836482,5.4,7.75,6.05,-0.0433917039509351,0.0516288526702645,-0.0169284228178221,0.126342992027015,0.124595186980188,0.349711659578606,0.211770199571645,0.0693362741411637,0.197384478753515,0.115028338626187,0.242696151451869,0.247387639989244,0.0338100728315012,0.107162157425638,0.088631736316244,0.264428205407349,0.0304091720206691,0.0847766273907256,0.106245438201892,0.250638863086446,0.0208126387111929,0.0809412179155485,0.149332453674715,0.214057499549122,0.190606201989085,0.00725037037760213,0.0762283226330159,0.147578726540428,0.277938959988762,0.16433003028885,0.172698488176524,0.216584125055839
"NM1713PAR",3,153,7,6,4.7,4.2,4.7771018142,4.3,5.9,5.4,-0.108963881673111,-0.0117416290484353,-0.0594457291031448,0.0832667194873897,0.0963901829526387,0.338748493176059,0.186404052878941,0.0801665680127054,0.159144164171696,0.10494830114135,0.209168731539618,0.233516604100491,0.0519125033791517,0.109038714026466,0.0920711050763209,0.271729448857429,0.0359159380452121,0.0231984268415595,0.0615498244546148,0.212886416768631,0.00835100733365082,0.0314476311349812,0.118750374920548,0.17692520988536,0.149273249844829,0.00869094245713216,0.0314885404065495,0.117330471832991,0.251550934137953,0.159460192291432,0.187335905370761,0.235693469295383
"NUMEX_BILL_MELTON",4,154,7,7,4.85,4.75,4.5754042568,4.1,6.1,5.55,-0.10781220394027,-0.0100801397367749,-0.0672870945981668,0.0648891860344725,0.080452622506871,0.371085898065842,0.153624282868603,0.0808495856738685,0.149710194246947,0.118633437224076,0.19571959040762,0.231700361820502,0.0115873465848119,0.0427391948027515,0.0584680217074406,0.258621090799943,0.0153312820258754,-0.0068717106362987,0.0388324726861555,0.212029965502074,0.0183368225014176,0.0392334221341098,0.123102260284338,0.18647370004712,0.158830454934745,0.0297698515842674,0.020146323278849,0.107503661095636,0.234180644901391,0.146022735138013,0.165891457783192,0.21481685769183
"TMA_990",4,155,7,8,6.35,6.45,6.1924247048,6.5,8,6.65,-0.0399463031599397,0.0336024603615904,-0.0138088372150981,0.113318378666021,0.125874641321716,0.340364343552231,0.18964627487777,0.0614134143485161,0.199237585577115,0.189082285761826,0.241238106793752,0.308807871591213,0.0544255590649161,0.0993723498588021,0.10548421814965,0.320709684610729,0.0208118331316388,0.0704632367901069,0.0918319907386441,0.26185382897105,0.0581343510559845,0.0887583431381367,0.17231758861388,0.223209081940939,0.200745690004359,0.0435329026090395,0.0863500302176656,0.149742486650431,0.2641739848585,0.15084072403084,0.16185626997975,0.195726469857263
"NUMEX_BILL_MELTON",4,156,8,8,7.95,7.1,6.0959520968,5.75,7.3,6.2,-0.0620739419255649,0.0162839415540236,-0.00339473718754636,0.135330741524818,0.153644359858032,0.368347739370519,0.252452586116965,0.0308455782686468,0.179918485353464,0.193393161423449,0.245540593579815,0.310551076756462,0.022761277480933,0.0592640788075742,0.0925185486030902,0.321710245345634,-0.0090369562095929,0.0416075368560616,0.0583357883589076,0.272437039729629,0.0211339669367898,0.0491750353502502,0.136132248745259,0.189318316409184,0.18466836708078,0.0160405146531536,0.0326234060892024,0.120738197179255,0.235246308768719,0.141694306612377,0.16954628056179,0.217846772602876
"NUMEX_BILL_MELTON",4,157,8,7,7.15,6.5,5.8735098468,5.45,7.4,6.1,-0.0717658842869151,0.0334634080641506,-0.00546918378678514,0.140200722233227,0.13843942112909,0.35813892982169,0.245642814268342,0.0337432312512451,0.192992629459615,0.1431390122092,0.246026209550719,0.27989610174101,0.00753580266696659,0.0496857345375,0.0814540850679816,0.277996432921771,-0.0105387315424366,0.0216454994156452,0.0496784091834888,0.249885685000031,0.00132909551304141,0.0378151401299469,0.126851135431473,0.18969982212493,0.191950164059887,0.0256277359003746,0.0152168506525918,0.106419146283434,0.229410978261405,0.132798676901275,0.154665992155687,0.216318024646082
"NUMEX_BILL_MELTON",3,158,8,6,6.85,6.35,6.3910806682,5.55,7.75,6.75,-0.0603362559009087,0.0338711180963647,-0.0158170645794526,0.130647279165552,0.132912379323505,0.345802228821569,0.229297788443371,0.0676027757524869,0.172225160357142,0.117521628795341,0.238089937894985,0.253143265931281,0.0183825600767038,0.0772382632636834,0.0946621369205298,0.272583255900574,0.00200588499486145,0.0413406255534635,0.0675344248472356,0.249089097757975,-0.0120135353121143,0.0405092206890406,0.12432990753517,0.187216204363935,0.178093055713433,-0.0152302432566027,0.0138577764244065,0.117184395983597,0.252945899326976,0.144034399138297,0.165542510978225,0.220655553403884
"NUMEX_BILL_MELTON",3,159,8,5,6.75,6.15,6.2171361502,5.9,7.6,6.55,-0.0580065750086526,0.0445900167574097,-0.0125718822489728,0.143624401858308,0.129990267047198,0.376844471493971,0.242521519562829,0.0423533393265433,0.178404971179556,0.110650098324011,0.24229529060361,0.261190810699377,0.0265586492756506,0.0975632764138252,0.0989149027836741,0.274261822736729,-0.000834200407147733,0.0667638874474311,0.0820227173438183,0.270511451296888,-0.00515091709665243,0.0508313773596566,0.126196590333059,0.194139768188054,0.194679482840317,0.00968735666530905,0.0340387460658933,0.127883093910616,0.264742518700643,0.151479042889068,0.170160860510539,0.231319791560972
"NUMEX_BILL_MELTON",2,160,8,4,7,5.3,5.6599955262,5.65,7.75,6.5,-0.0606390399510844,0.029899748489131,-0.0145941708912745,0.151986170173033,0.142074477793139,0.387823514395083,0.274457076691134,0.0509685340609378,0.162151866391884,0.0963872142047619,0.233342602631652,0.228856834336018,0.00254039813427011,0.066857631551334,0.072787774311639,0.254731585559437,0.0101686407860061,0.0655504337633888,0.0800478853835909,0.266532487427638,-0.0132764257844346,0.0467335151988491,0.116256839690211,0.194045060437314,0.19041988291533,-0.0192704724394276,0.0183064128425549,0.123842192993203,0.26733204186011,0.148151559789057,0.171440289302272,0.239916575063366
"NUMEX_BILL_MELTON",2,161,8,3,8.45,6.65,7.0454450342,6.55,9.5,7.45,-0.0347567242696209,0.0257961032887476,0.0150879558317237,0.188947549063655,0.177004685571516,0.351634550204954,0.30608430601429,0.0366100932155352,0.213393150681506,0.133550282191645,0.28464204419849,0.290369692618665,0.0209565515714384,0.104974738968671,0.106837876544409,0.288295794117215,-0.00521015704537639,0.0797889880196097,0.0985597830092723,0.275260877243873,-0.0109003166743484,0.0556812934864909,0.133711312002385,0.209690792984128,0.220319068236197,-0.00440446310438399,0.0399582937109691,0.144686751084706,0.291149738450339,0.158714391559308,0.185436958035621,0.25393601068538
"NUMEX_BILL_MELTON",1,162,8,2,6.65,4.15,5.1072617974,5.15,8.45,6.3,-0.0761684908303027,-0.00794850287599584,0.0112591722601217,0.167426030391218,0.161900558048213,0.391481836558547,0.301600281488507,0.0386432093864044,0.18429740634265,0.123220170236995,0.235821305959436,0.178195949181577,-0.00849033437786192,0.0270676195699204,0.0714355946314222,0.252755484216158,0.0180686221315577,0.0996078210134328,0.0974896771378952,0.270891824734103,-0.00258203708318558,0.0632187461434496,0.125072253166915,0.208528829418103,0.217055131107229,-0.00896751255439416,0.00620949092356794,0.136813586535972,0.261588508179769,0.145902168117824,0.170780914865612,0.237135623395492
"NUMEX_BILL_MELTON",1,163,8,1,6.75,4.7,5.4743232114,5.4,8.8,6.8,-0.0699818632086204,-0.0058560865447034,0.0148975480877612,0.174400920337145,0.167904061955259,0.368616978391731,0.317002579609245,0.0170087468411347,0.183791363771585,0.142041849527796,0.258933722277568,0.235296125479167,-0.0193138564821003,0.0703145666411926,0.0707303836417594,0.294368234047326,-0.0118808087016641,0.114894125849717,0.118707657758046,0.296772615770213,-0.0251428037650337,0.0477231975588152,0.130951663732017,0.231552862421847,0.254037782481466,-0.00397065465149271,0.0185092719147074,0.169673886580715,0.301771280058817,0.162445396774095,0.183431213586736,0.280926427444172
"NUMEX_BILL_MELTON",1,164,9,1,6.75,5.15,5.2496314674,4.85,8.1,6.35,-0.0884324407817638,-0.0234791828495938,-0.00703643955766922,0.171182388909269,0.14675981141697,0.324406680270716,0.263390487981557,0.0731769985225025,0.148051419911844,0.1088219405265,0.236943809044695,0.202211484646474,-0.0406437556190923,0.0759064030506974,0.0301247640937897,0.273552811648702,-0.0163346939712027,0.119402414091236,0.0801052641075575,0.252007409780927,-0.0264173835793578,0.0234512684251401,0.106476693167169,0.183456650192341,0.234623576433681,-0.0219724552338842,0.0265039972860898,0.150744996109119,0.282581711478079,0.137011768738262,0.176659462798605,0.272251660605901
"SW_9720",1,165,9,2,6.7,5.45,5.8103482654,5.75,8.7,6.45,-0.0456514187448642,-0.0115032258616758,-0.00170863794946287,0.167183113737209,0.150167568438371,0.359522483120394,0.253987268275086,0.0892909800133252,0.189526685130987,0.130025920900383,0.246709096880177,0.205269151149054,0.0153627781091186,0.093816527198974,0.0822450795924805,0.258826613314415,-0.00774069233856889,0.129281657786595,0.0824113521726835,0.253264916927247,-0.00273033997841566,0.0682460217251391,0.135909935048586,0.183570381107029,0.215278143294091,0.0104036538231174,0.043297907598734,0.158239899433389,0.264031819547592,0.123880620748225,0.15568159647816,0.209589747379101
"NM1712PAR",2,166,9,3,5.85,5.1,5.4520588942,5.05,7.1,5.7,-0.0906452852056128,-0.029775430597396,-0.0317060617187502,0.139593778601598,0.135076309845039,0.328087281715317,0.255034288011375,0.0619248680869388,0.150043949422504,0.0983860433926944,0.240763068965911,0.234926681270098,0.0467660266775951,0.106013651854808,0.099862485298927,0.267343675432066,-0.00435817881437189,0.0769062178567231,0.0578781268230073,0.255432440175278,0.00320191606623295,0.0454806095404666,0.108999657021258,0.156738060628025,0.201094714584571,0.0261506723951515,0.0305831171619543,0.143728781900306,0.275108534117336,0.130535176193191,0.175220235643811,0.248613911484118
"NUMEX_BILL_MELTON",2,167,9,4,6.05,4.8,5.1550556142,5.15,7.3,6.25,-0.0873114766481386,0.0108487847913809,-0.0427384467986693,0.12466241804634,0.11239715844513,0.364688235310193,0.208352387931854,0.0472830874503705,0.12264524578959,0.0754827589223999,0.221055857418474,0.197476334769107,0.0108077423193966,0.0579862933277688,0.0738792773848212,0.243745903653568,-0.00649595478919672,0.063517853386022,0.052669073547576,0.24972528050738,-0.0120513451209247,0.0377406873712972,0.108218485624343,0.157726568026386,0.18948647080803,-0.0042188985419661,0.0032143921602673,0.124658227348432,0.254921581126039,0.121281085135766,0.169169397801109,0.237123786121896
"NM1702PAR",3,168,9,5,4.85,4.6,4.9301434082,5.3,6.8,6.2,-0.0875855285265207,0.00402703605114791,-0.077131021343779,0.0692869268995915,0.0604042063338913,0.348418833781107,0.158142684843471,0.0484133134078355,0.117789422709542,0.0560823595033673,0.187607114334173,0.197255084681399,0.0458752004780283,0.092110771356178,0.0831211246234663,0.240284136395725,0.00368212566389341,0.0657058379511923,0.0441030493869053,0.242053203498564,0.0151162760671084,0.0506363703342401,0.118613107053611,0.156412054226221,0.183375166727168,0.0317833882741685,0.0247691186736918,0.133518821457077,0.249770146128843,0.128783792148991,0.163655524288133,0.22831160717644
"AFX_779",3,169,9,6,6.45,5.75,6.0756483282,5.55,8.1,6.9,-0.0626988268267159,0.0380418010583303,-0.0141006030522417,0.141180255882239,0.131484912991343,0.333596100566072,0.235536824009164,0.0669447065105393,0.175155567655418,0.120789515536837,0.262717807361568,0.259772647108209,0.0452049841492582,0.107728290635401,0.113090967595008,0.292651878156666,0.00794975432888162,0.0994121188693252,0.0841295319063069,0.277619833778037,0.00175991246085092,0.0598378263449772,0.140636296978965,0.184647307543093,0.217042926700713,0.0178664951497577,0.0334850184167691,0.166289111110976,0.282182228190581,0.167784422780072,0.203331484390548,0.260797653559817
"SW_8421S",4,170,9,7,6.9,7.1,7.2805646308,7.15,9,7.05,-0.0418437544395,0.0528312731858238,-0.0148410003646247,0.146865968754757,0.125176112723633,0.337673096627179,0.231305164489042,0.0551939806572757,0.226594901390646,0.152897274431951,0.273264875687484,0.289940802292428,0.0534648688869083,0.121838069131293,0.122319429004141,0.318913299697007,-0.00597363557010504,0.132361921574018,0.0985761199072814,0.303966621756512,0.0495578198917594,0.0982481408344938,0.165333405015369,0.207325849098578,0.251917287389212,0.0570414614912227,0.0776237820675596,0.175482682386159,0.294997825066496,0.133288217801849,0.159984935766711,0.203423676636771
"SW_8888",4,171,9,8,7.6,7.05,6.9199824548,6.35,8.05,6.2,-0.0581762793552641,0.0230974573827584,0.002056971764683,0.164706827323111,0.149689115851641,0.342729428541824,0.272634431540343,0.0140130847545464,0.199482233425157,0.203251839637402,0.296517304826839,0.320809960377592,0.0389117348692964,0.102149770595489,0.132421652594446,0.350003834795366,-0.0202741122896342,0.113868740419669,0.090500232876494,0.308525253842673,0.0508046068677963,0.0933159696726375,0.164450003387404,0.204902306086555,0.250865971195638,0.0456989137861511,0.0690147731058755,0.166976860827027,0.267501460735744,0.135008155663548,0.169960190654273,0.217506582584654
"NM1703PAR",4,172,10,8,8.9,7.7,7.7861210548,7.35,9.3,7.5,-0.0128472814411696,0.0379214610669573,0.0174549166180501,0.19018266252455,0.173118570081231,0.35837265043799,0.238925771751011,0.00896564807959315,0.185506361231884,0.199935118084552,0.307868140641626,0.329383734623194,0.0564368537373676,0.112999019393777,0.142982826622069,0.357967154551905,-0.00554203689620518,0.141917707880686,0.102152585526905,0.317579085853853,0.0554106560135859,0.0983605558333042,0.167160398877613,0.188227967681465,0.248090491759919,0.0483701643816966,0.0808406888397145,0.184513657053665,0.30289784821136,0.133130829992399,0.187441504391727,0.234401605916771
"SW_9813",4,173,10,7,9.3,8.15,7.9865171048,7.4,9.6,7.55,0.00595336535351523,0.0816429454988275,0.0356375032941024,0.205051884096398,0.18266582336739,0.373852576003091,0.233306219895804,0.0726400395117211,0.203463803244466,0.160165562074154,0.293666469620211,0.301422377824207,0.051438112160143,0.116226882639813,0.132594875423178,0.324182882360523,-0.00867574033248001,0.132927964676819,0.106363007372334,0.290360985256599,0.0204021225865528,0.0867344225122638,0.168318312867078,0.194431435908998,0.244226284552014,0.0472172355126475,0.0683226253599059,0.174707767492425,0.28334255386254,0.141481549645716,0.191971986540672,0.223619426098872
"TMA_990",3,174,10,6,8.1,6.85,6.7873328142,6.8,9.3,7.2,0.00272367189790693,0.0960786699959146,0.0397194265082858,0.203979970029552,0.182576338012489,0.365926847736085,0.230280292549442,0.08256275012721,0.204961247535949,0.14434899308356,0.301011833281003,0.267155480578308,0.0533976074121576,0.132331178778212,0.127622036135415,0.307821782439646,0.027673173053762,0.166236573160007,0.123352450744703,0.279949809561934,0.00279365670615176,0.0935189600286784,0.176499865164546,0.194021512416078,0.231464377351113,0.0290597169591721,0.0685664085940061,0.196555808080172,0.318787825506803,0.140262265310269,0.187365064753074,0.223199597077775
"NM1704PAR",3,175,10,5,6.15,5.55,5.5717658522,5.7,7.5,6.85,-0.0567086885880031,0.0282675042138808,-0.0416979563714673,0.116598836236115,0.11674466688261,0.407472962348699,0.140541619838141,0.0742137771096912,0.124887597300968,0.0818250441854538,0.229947984767892,0.216178929188966,0.0621624988423848,0.116279269961849,0.0977628494592179,0.261371181411008,0.0121226551202283,0.0899986958429005,0.0690824420427522,0.237331973472833,0.00560811357643959,0.0584327811857059,0.141579910813554,0.159559254826136,0.195410144706843,0.0277622513400133,0.0240338131886762,0.152187920753063,0.281545543224082,0.126327122138806,0.191016635404522,0.240050735900628
"MESQUITE",2,176,10,4,5.8,5.05,5.5662133362,5.25,7.4,6.35,-0.0574202657141457,0.0167362032439668,-0.044018301203113,0.133881890065584,0.124210997779729,0.403485327787196,0.158955700710172,0.0612991296884693,0.147106974294841,0.0946671907756813,0.239287175994327,0.209028542157212,0.04364745081908,0.104723359995799,0.0783002831105531,0.258824382465361,0.0177266273885448,0.11376899694757,0.0897962558428712,0.247857770078315,0.00645101408159936,0.0734067286409707,0.155587738992745,0.16932480023025,0.196387925786729,0.018152366837393,0.0437515394574794,0.175563492018724,0.282152451574688,0.1408967969728,0.196075483352678,0.24531577763926
"TMA_990",2,177,10,3,7.15,6.45,6.9890965102,6.8,9.2,6.75,-0.0283201383802775,0.0132578486014013,-0.0143289411461582,0.152119009754229,0.147961904761905,0.362292254457539,0.183554427005135,0.0831574444996105,0.173010286834839,0.124350402131374,0.274504817746046,0.249336535692105,0.0700310451593703,0.145165194450575,0.10472046339944,0.285711221824212,0.0316424605192165,0.167094488879404,0.127556239518226,0.271064981164344,0.025579372246378,0.102465834765801,0.179202085683473,0.20252074790528,0.234870795295635,0.0454847903382674,0.0748309366064278,0.199747353340712,0.308149843989302,0.128712225887056,0.179199635473215,0.214792623511988
"AMERISTAND_803T",1,178,10,2,6.45,5.35,5.7222980874,5.75,8.25,6.4,-0.0471073107660897,-0.0123335640975661,-0.0161425259794913,0.145865425389593,0.151202784251184,0.371160274773463,0.17270250270433,0.0888078147353968,0.156074704780648,0.140353033639603,0.255733281942571,0.223103772877265,0.0440759799452059,0.123324277810635,0.0945603402359701,0.275175540694687,0.0170369665474806,0.158030107379938,0.105408207508274,0.259078511734893,0.017473369522198,0.0875952549669,0.162138301890079,0.19575680749105,0.23456850638921,0.0422635385680121,0.068568464939927,0.191362326974569,0.297773714612002,0.134306506048733,0.189432771445455,0.228462318505609
"NUMEX_BILL_MELTON",1,179,10,1,5.75,5.05,4.8520116754,4.45,6.8,5.8,-0.0874887843869727,-0.0408281676050878,-0.0532727208016886,0.135947517130292,0.116824104375972,0.359927876185106,0.191540816753244,0.0672137788523102,0.0998305182190589,0.11437131376341,0.230026344241575,0.210834167277161,-0.0312443260742542,0.0783915121599846,0.0713432836908948,0.282113687116864,0.00775780637640771,0.124240956658453,0.0808706153955113,0.250535651849277,-0.0092404351956718,0.0233167874668794,0.112565459232126,0.175528404407079,0.227093553191142,-0.0170872837274802,0.0129471685637584,0.14236258612732,0.279734452917753,0.11355088513388,0.178188234580487,0.266971733376534
"NUMEX_BILL_MELTON",1,180,11,1,7.45,5.85,5.3263522434,4.8,7.65,6.45,-0.0670013997717941,-0.0142441161631889,-0.0223106252525127,0.165933709142893,0.150800758808556,0.360898405706858,0.222765400491703,0.0497083853151049,0.115600175019755,0.132552228989526,0.245828585759098,0.242359257578383,-0.00910497269240466,0.0952323878141982,0.102387248980773,0.294853207420711,0.0124070624472225,0.120373382006044,0.0967781106468447,0.24296530611154,-0.00391778138641393,0.0473098806832382,0.140433630348413,0.201917547550819,0.244886555834457,-0.00288983516814294,0.0292297822337876,0.163971707486032,0.290990750415678,0.124189042015355,0.19940104748724,0.276245748927991
"NUMEX_BILL_MELTON",1,181,11,2,7.45,5.8,5.6805000554,5.35,8.05,6.35,-0.0553516968425488,-0.00252537923336046,-0.0142911156962588,0.169540197373652,0.172297182712511,0.352929654111345,0.22451375435812,0.0551857834852118,0.13628035219906,0.128912859465222,0.259745976278259,0.249086557406834,0.029125572889432,0.109042390214974,0.0936952258715679,0.27424706195287,0.00470228438741683,0.127587127604802,0.0911360897467037,0.235815629762275,-0.0120739643851986,0.0550990428049498,0.143315768467573,0.18057265951045,0.21598109139315,0.0203842608480112,0.0370171495568918,0.16508912214847,0.288807943817087,0.115907618364169,0.190363676279415,0.233811306768914
"NUMEX_BILL_MELTON",2,182,11,3,6.55,5.25,5.3475599062,5.1,7.75,5.85,-0.0693031319128262,-0.00623073557061176,-0.0257613108076028,0.143107454466853,0.152704839845203,0.35080062015744,0.190300393553558,0.0418880612411764,0.127239357137432,0.101622181958832,0.251879826899801,0.228425130622671,0.0311495917370696,0.0991707541961895,0.0808304094329327,0.261920062948865,0.00701199283687394,0.103824108109764,0.0877545358049834,0.241442847183028,-0.0220192665501835,0.0547259942872874,0.142305320189506,0.16971155126916,0.201067669167349,0.00964178655764989,0.00841511812855684,0.147460549270269,0.265350981597017,0.107093715888409,0.178703192235553,0.224939625544066
"NUMEX_BILL_MELTON",2,183,11,4,5.9,4.55,4.1620655242,4.5,6.7,6.05,-0.085992381020779,-0.0152518243362867,-0.0432133619277243,0.118528164809295,0.110383578444173,0.358442694063144,0.137720471049196,0.0402563625170186,0.0924825192245026,0.0715173188986994,0.193002654837517,0.169529485066997,0.0229731879870854,0.060706737690007,0.0478873399229048,0.213887707773655,0.024673487740459,0.0854187979310646,0.0584835320443341,0.195306896668127,-0.0167593181930059,0.0409826743373188,0.131172235881389,0.146377892390639,0.166183207277855,0.00563519437350989,0.00709352327347587,0.148614252355418,0.261492239149073,0.103524513427424,0.182355374435551,0.227782663584163
"NUMEX_BILL_MELTON",3,184,11,5,6.85,5.75,5.2882107542,5.2,7.8,6.6,-0.0716548519466649,0.0163254922386273,-0.0320887049400125,0.131336521749529,0.134104306054266,0.348668874401525,0.18626992542477,0.0307523944952723,0.118826354518834,0.0943812975418768,0.242850086210914,0.244100480868756,0.0363153166345435,0.0916837789053886,0.0935604820479242,0.264960074595144,0.0158959765586206,0.0921747650648021,0.073231054480938,0.226005516485435,-0.018459910457096,0.0439181761767548,0.139584449652447,0.156838324584311,0.182384243689103,-0.00251160350121033,0.00248812896480718,0.146246503796942,0.265353082894619,0.114038837690456,0.196101809653815,0.247810306982206
"NUMEX_BILL_MELTON",3,185,11,6,7.9,6,6.1795717702,5.7,8.4,6.7,-0.0444464930032914,0.0463107531888861,0.0149990639479555,0.171833707630438,0.176470423114413,0.341871005999444,0.226346338531168,0.0392239011073323,0.135817012859293,0.114649441701996,0.270139708252693,0.248339031002251,0.0181513971473605,0.0806770293769336,0.101616427575553,0.289754472458731,0.0070064803137051,0.107443758496328,0.0870398592889927,0.241586784646276,-0.0332367640888102,0.0342295008344481,0.139196103333142,0.167806179916468,0.202924901833802,-0.0113126760728149,-0.00141127967285049,0.138758887311222,0.266089479670451,0.114863254111244,0.196135931804292,0.239010082762858
"NUMEX_BILL_MELTON",4,186,11,7,8.4,7.4,7.0840022748,6.4,9.1,7.05,-0.041394465848843,0.0437838978079631,0.0132926370213189,0.180613411111101,0.16975657422367,0.3554588042435,0.226245996656201,0.0508864727949809,0.144223412039016,0.142933291036587,0.282132571411202,0.299882986350359,0.0287907854989171,0.0937563820646618,0.120469592874963,0.313780988694043,-0.0143403431177891,0.100728387124962,0.0764706630010947,0.260068807947456,-0.00952660782696154,0.0544808196102176,0.149575276714232,0.172424940536281,0.220978347380081,0.0256915666180542,0.0308344855318751,0.158045736980184,0.281784469737002,0.120087322794827,0.191355484219094,0.234762763120652
"NUMEX_BILL_MELTON",4,187,11,8,7.15,6.85,6.5984220528,5.85,8.4,6.4,-0.0627291971104277,0.00306063281726586,-0.00849947829339921,0.155853893274383,0.142533733492796,0.35849304634485,0.21114037365765,0.0301857569873807,0.134918359449148,0.178451724290157,0.274689357951343,0.298245130125166,0.0309222011148511,0.0819093692139227,0.120128709398382,0.326900881369025,-0.0121560268598813,0.0901494440943145,0.070415058751738,0.278249834033943,0.0189981542578028,0.0585786217572623,0.154005213214376,0.172583002673783,0.219550475721749,0.0140443729371788,0.0225952710229226,0.149962952751491,0.250015141986397,0.113028311084387,0.181750319232507,0.221391885253954
"NM170506PAR",4,188,12,8,6.75,6.65,6.9800788328,6.5,8.8,6.75,-0.057747199486062,0.0035241695513768,-0.00322551371829496,0.13515972870168,0.115613679206586,0.342363613419155,0.185343648454559,0.0719167384767471,0.153008572495405,0.170236329043489,0.278322117917321,0.306789621940801,0.0330842707667744,0.0814418630027507,0.120429196947262,0.340406791195987,-0.019319020240464,0.113974635670387,0.080763129931789,0.283494205406758,0.0414812516948232,0.0769580944061307,0.169020606581611,0.181511479459908,0.229463845720016,0.0220099022105605,0.0568364384363362,0.170419450169732,0.266955949492041,0.120784720027542,0.188148629722952,0.226785745754213
"NUMEX_BILL_MELTON",4,189,12,7,7.95,7.15,7.0425554188,6.1,8.55,6.8,-0.0593245075125722,0.0296914398970673,0.0260478839267035,0.174802597519532,0.156385760059759,0.366055131237819,0.224751425747471,0.0292037257263563,0.123284540428429,0.131356349330701,0.278485611291585,0.291834767108662,0.0122862588050414,0.0805214479699103,0.118955879968998,0.310346660453476,-0.0277744274378996,0.0667550858039041,0.0523105493793734,0.238609523252237,-0.0318553747950193,0.0254465844428588,0.130470352377635,0.153018586648017,0.19881579776936,-0.0074487861749653,-0.00451325808411148,0.133906599883682,0.265026306850734,0.0985840058746386,0.186883243354696,0.238833373059315
"AMERISTAND_803T",3,190,12,6,8.55,6.85,7.2714146762,6.8,9.8,7.8,-0.00760001094413031,0.0779167295375344,0.0583701887288173,0.192388286219524,0.193499788280886,0.348702746759453,0.279351077448754,0.0420440109822563,0.210174725622967,0.156162342120006,0.324151464295279,0.309834344400283,0.0169927794358333,0.12331039487856,0.136963564414257,0.333218736961818,-0.00564203754522787,0.145508694771344,0.120065515805616,0.279575422038816,-0.0280331135241734,0.0728305401528461,0.178061367988386,0.20199464644279,0.228057056905771,-0.00300461257606313,0.0658653741769665,0.194661873061101,0.327821551255667,0.148880015023673,0.223301690823821,0.260847608452056
"NM1701PAR",3,191,12,5,6.4,5.9,5.5600364922,5.3,7.8,6.75,-0.0501873478262856,0.027542910274616,-0.00127597923485406,0.138936042720676,0.144755280538736,0.334551932837065,0.183487974149347,0.0512380263709813,0.148420854462816,0.107307302292437,0.25737364406834,0.244421013404824,0.0313689061379121,0.113359199014127,0.0994022541250254,0.280280458943893,-0.00504320918468146,0.0805004307097085,0.0666630474843186,0.221056423999456,-0.0316902501634218,0.0342941216890425,0.134204941179519,0.15433152089435,0.179536464756693,-0.00205081418198532,0.021104991506212,0.154988482195077,0.293636524958169,0.11589401493534,0.203569111974602,0.256818060104708
"NM170506PAR",2,192,12,4,6.1,4.45,5.1764404282,5.1,7.8,6.25,-0.0628989664602286,0.0111535871285852,-0.0114472366496621,0.137766657342258,0.129320073647041,0.351324293295998,0.168672253697643,0.0451302812987108,0.148787816184089,0.0995681601538685,0.234937102028066,0.186839859397427,0.0162466693997571,0.0902235592529729,0.0607496241182379,0.236929460666555,0.00858305457704179,0.121852068086575,0.0815861652209664,0.21591060798716,-0.0193040186868084,0.0599334319598006,0.149388563673635,0.160744461766966,0.183853841118179,0.0143413454623995,0.0597536417518685,0.177969155844156,0.301187407663095,0.107921250811759,0.180741701804765,0.225980356001002
"NM1702PAR",2,193,12,3,5.8,4.65,5.2563783862,4.85,7.5,5.45,-0.067447165361252,-0.00539599155558304,-0.0338612298028324,0.104429100418901,0.121800011391368,0.33939137451164,0.149650639493858,0.0712418256117411,0.136315223032466,0.07572615619877,0.221894768323453,0.187730910279376,0.0165455769588952,0.0906047580950157,0.0332315791789236,0.224527364743495,-0.0111663854742693,0.0887808357495952,0.061364695208456,0.196972103160942,-0.0265692237690344,0.0455611856145798,0.134613922160987,0.155189165507422,0.17806039290157,0.00535397546718589,0.0247529390810345,0.146406654485375,0.262720621026093,0.096704580372833,0.168024256006328,0.213806104719176
"NM1713PAR",1,194,12,2,5.65,4.4,4.5498968034,4.2,6.15,5.4,-0.0964102595310305,-0.0217402128682788,-0.0234460403790449,0.13418847774641,0.148693630396529,0.335450665801451,0.188496590382152,0.037199866020834,0.107302174078728,0.107567338662641,0.223480910368566,0.19436399285837,0.032911376039128,0.0865205155692973,0.0631874203420663,0.251323263509825,0.00673045422804584,0.087417070835113,0.0614525652950962,0.183906297956351,-0.00913937018593578,0.0446226194983604,0.132025827344884,0.154958651847304,0.182528494354506,0.0205701594396153,0.0324314182844865,0.163954898637098,0.289491411673738,0.112142663433029,0.1985987818019,0.250319569736071
"NM1705PAR",1,195,12,1,8.95,7.15,7.5200037194,6.7,9.1,7,-0.0241323782712841,0.0326487420378404,0.0312695351813751,0.199329118330574,0.19454207206041,0.333567209574182,0.255225060018757,0.054881636994539,0.197357427123816,0.184809591497105,0.295450738351981,0.302997479447629,0.0359829061304497,0.157765474226043,0.139019553716177,0.342654913328673,0.0121518689876831,0.160043250341334,0.135411447227396,0.26828659262436,0.011231259971947,0.0733266244155348,0.169628136029292,0.219396225372508,0.26061393806848,0.0199153799080513,0.0848820529182848,0.199240447045291,0.358696969263641,0.136236700171421,0.209863422302673,0.289684748066252
"SW_9812",1,196,13,1,5.7,4.4,4.9445159674,4.15,7.15,5.8,-0.101019136740356,-0.0476607518479848,-0.0400029659432095,0.129620181929545,0.144490222078207,0.352491487981702,0.241479030651183,0.08426497045673,0.101238657558491,0.132082020003252,0.247552140659094,0.24397557567358,0.0203652603068875,0.0945718210724233,0.106582143614624,0.313522300222995,0.0202513746389059,0.107374353240657,0.0945009466571581,0.274790575184053,-0.0125222282232015,0.0289141914931146,0.129921847509976,0.19664103385667,0.25604909898216,0.000672991665886431,0.0279690702344957,0.165072942482169,0.315162799406601,0.118649408766924,0.21597846192228,0.303426746971966
"NM1712PAR",1,197,13,2,9.1,6.65,7.1535588174,6.4,9.1,6.95,-0.00832763982891029,0.0466944750983131,0.0467612669282132,0.197985685003196,0.212365209487348,0.354719357058165,0.260453543420731,0.0823559187696898,0.203754446877171,0.160314579552329,0.30545444171949,0.271096755775238,0.0495355436805227,0.150390832369358,0.0958506663167855,0.310104794094851,0.00278532939028651,0.168298483570643,0.131212403571157,0.265430268587161,-0.0111679453866897,0.0712403461064227,0.168685777880291,0.200977144486153,0.229257548582791,0.0111580039449754,0.0835465945421632,0.201897336057829,0.33009057098412,0.126839728970168,0.199619124286234,0.240183452079332
"AFX_779",2,198,13,3,7.15,4.75,5.3800126942,5,8,6.3,-0.0445134077986076,0.0289258929721855,0.0261573118936018,0.170383309971541,0.194053864921425,0.332672939956786,0.238644725110155,0.0725327680109752,0.168469075621195,0.114572215550685,0.266208694676583,0.200529035706445,0.00360644436735865,0.0948382603160517,0.0650771894359129,0.267672075561427,-0.00279876684050044,0.133383442213876,0.105282872002252,0.260783865064822,-0.0294119788700938,0.0603106863118563,0.154863465349546,0.179880282767795,0.207182871099172,-0.00432057392870174,0.0561569672075924,0.184621416137479,0.300049353154313,0.131710669205735,0.208174960689735,0.257782146066233
"SW_8421S",2,199,13,4,7.35,5.25,5.8602569542,5.4,8.4,6.5,-0.0277176396096082,0.0485474901638317,0.0405227658791672,0.178751190695647,0.17876004106385,0.357569974075929,0.206227201281908,0.045418447001089,0.183397594474198,0.115494469630314,0.261578788407773,0.201007538704548,0.00023452644629644,0.0923318153129131,0.0570356810055367,0.249612996867918,0.00348372549818817,0.142349975120397,0.101707577145934,0.247864820158293,-0.0287618475436541,0.0619991849022521,0.155922359830539,0.175500229761715,0.196337990045418,-0.00960838599369738,0.0632218459556246,0.176532151456705,0.301637543955199,0.104063432907374,0.170753963903733,0.212208188136376
"SW_1011",3,200,13,5,7.45,5.8,6.3134331702,5.65,8.25,6.5,-0.0288336134491673,0.0377140258197321,0.0226111827715776,0.134096059571934,0.159040553863693,0.352866155401587,0.180510851892656,0.0592138317203285,0.157400265692486,0.116419226021045,0.255534222383916,0.225498096523947,0.0257207023419121,0.108009707800757,0.0904821887478593,0.274290879534746,0.00783857710460088,0.115565538941306,0.0854622139168585,0.229151294734142,-0.0295048111135176,0.0447626888431992,0.149108604146002,0.164508373946869,0.172145369267293,-0.0176911949994933,0.0123326059780471,0.151461594430898,0.28041014998585,0.107300017201575,0.174370882448059,0.210711277839245
"SW_9813",3,201,13,6,10.2,7.55,8.3981803262,7.15,10.35,7.35,0.0137368815482737,0.0858776447750195,0.0718474288611991,0.183516645907661,0.221727604397215,0.353779936818305,0.255418379233995,0.0420034804746908,0.211582070867066,0.157430542466724,0.321574190017708,0.294336792934962,0.0189049031474656,0.125082033720904,0.132154184165626,0.33517902178512,-0.0074520013949755,0.14697482324362,0.118897996751677,0.288443137359575,-0.0269523687358489,0.0602000565184187,0.174116765639681,0.195725292904746,0.222142667252844,0.00641002877080625,0.0491692482891382,0.174868844504738,0.305528367136707,0.139927605745658,0.207386565609419,0.242800996435581
"SW_9812",4,202,13,7,9.85,7.8,8.6881910528,7.65,10.15,7.7,-0.00110035813904318,0.0684719233189123,0.0742433879935558,0.212176991763295,0.215591389589246,0.375135743045643,0.269359083213046,0.0687374412417414,0.217794266474769,0.173765616685065,0.322972408666822,0.31608822808215,0.0653877613531292,0.167273037222859,0.155548377764009,0.353844991104645,0.00103092666795995,0.168079737087592,0.122116306251564,0.309413218527942,0.0108806189560398,0.0862417721041806,0.187975208402964,0.211885677087512,0.248571606351265,0.0249760963986855,0.0773750779044616,0.192059513821164,0.320472147960768,0.131392264511751,0.19757886698634,0.225185619342019
"DONA_ANA",4,203,13,8,8.8,8.7,9.1213949748,8.5,10.2,7.75,-0.0310244288147449,0.0381619652760483,0.0460503092659819,0.195239038235829,0.183740717821782,0.400416990413397,0.248248495418592,0.0168922142778883,0.222763830370921,0.206846433866764,0.33759834890286,0.363677351499268,0.0726349093870143,0.15884390992006,0.165789141853031,0.382242235317082,-0.00990433674440421,0.179359781966338,0.128522257414925,0.348206700048354,0.0524857898858068,0.103217992268424,0.204238365600998,0.221283621805629,0.256986613086378,0.0322380168053073,0.100374262884212,0.21150189458383,0.318777809381726,0.134895310518796,0.197444689717455,0.231981018772595
"NUMEX_BILL_MELTON",4,204,14,8,5.95,6.3,6.1969646588,5.65,7.65,6,-0.110438693927248,-0.0277051547714089,-0.0337604508334444,0.0888358904019581,0.0690127311613825,0.369645533007851,0.161661274093108,0.00823499793051553,0.0889278837770959,0.130627874834184,0.234160786165236,0.260044167992441,0.0153569518871686,0.0720678605567233,0.100025334935861,0.337369261794762,-0.0410477599806591,0.0950974140553952,0.044153900777525,0.32432962835865,0.0131597875880107,0.0325813157062622,0.134896553992484,0.171938334657451,0.204512727278998,0.00752341351823072,0.0111964497231706,0.131575023701761,0.227208442667069,0.0895034862086954,0.173600879150133,0.217233395302029
"NUMEX_BILL_MELTON",4,205,14,7,6.95,6.45,6.1222729148,5.95,8.25,6.5,-0.0904213895837856,0.000815597510014295,0.00263431353244059,0.1321391953605,0.106616641818363,0.356438666313756,0.218671759355445,0.0387061122200998,0.1167656927162,0.121687658181812,0.257593601685912,0.265118078077981,0.00320734400654059,0.0943318065815037,0.105565618975296,0.32096950278815,-0.0351339890070214,0.10989679565609,0.0646904586721696,0.324293004692627,-0.0124500141083492,0.0340935651570729,0.131981030158748,0.182027998564176,0.218973908877505,0.00505094394663671,0.0194005961511286,0.149358777617149,0.267704129260143,0.100159373013961,0.180514413216788,0.219395425492608
"NUMEX_BILL_MELTON",3,206,14,6,9.35,7,7.3669156882,6.25,9.1,6.75,-0.0444047828353429,0.0625442146215004,0.060096621316408,0.192866206787084,0.18665723550552,0.333544825697002,0.292373754544318,0.0415803554268015,0.15867146983961,0.136166262432467,0.306456637413191,0.276821896161774,-0.0122169517385634,0.0820229727602606,0.109924925424222,0.332109928523068,-0.03621704729033,0.126050669098882,0.0866908496065571,0.324622316370912,-0.0408138624400606,0.0211910225916091,0.135703777132427,0.183848152782004,0.219456884223557,-0.00923408281862317,0.0202632319576605,0.143414024720374,0.264445601923595,0.109730525358281,0.192482878420897,0.230780928523699
"NUMEX_BILL_MELTON",3,207,14,5,6.95,5.25,5.7259097562,5.3,7.8,6.25,-0.078750572970102,0.0189491242799438,0.00773928000797369,0.14022698138609,0.132643595532703,0.351249799769215,0.211123709881997,0.0147667073517971,0.110902863890239,0.0998466310380973,0.237533692022905,0.188910332946801,-0.0171404295494571,0.0543972869727616,0.0683028769793363,0.278438124317139,-0.0185202241351209,0.0936506704759948,0.063456258671426,0.263636877677835,-0.042570046615793,0.00481567186317758,0.117832064141909,0.155194843428005,0.169198395849149,-0.0452743606800125,-0.0111945492806943,0.128624584914611,0.25980756242666,0.0987208278531884,0.176471967944249,0.22537766469046
"NUMEX_BILL_MELTON",2,208,14,4,6.3,3.9,4.3303638702,4.4,7.45,6.3,-0.0868601117243748,0.0194586541256655,0.0158086719177123,0.169393958518684,0.148544229992681,0.344730168249941,0.20394823444027,0.0117279213906515,0.0960769474105502,0.0720950446681626,0.203241781453003,0.133343420723053,-0.0350978199408478,0.00195849592094544,0.0315663954964294,0.230398228665284,-0.0110637065343959,0.115004788321295,0.0656325210603496,0.251893099333797,-0.0348012518554784,0.0264380011264727,0.119328402757392,0.15345931322655,0.179920891110755,-0.0247189818295471,0.0266807364057917,0.136759212075817,0.264661058043133,0.0863858256913927,0.167894646661678,0.216626130025728
"NUMEX_BILL_MELTON",2,209,14,3,8.2,5.4,5.7077909062,5.5,8.45,6.5,-0.0523416676219713,0.0471777396899359,0.0355446017996836,0.186641736101518,0.177548211005108,0.326755524180736,0.245059000769132,0.0428264245726044,0.15095210268332,0.112576919624602,0.266067688529016,0.199974032317399,-0.0207339142573207,0.0595467681640549,0.0571970108194948,0.268385452519566,-0.0356448236513016,0.128243215003326,0.0841736625772084,0.274056544489778,-0.0311936081088285,0.0343155501653568,0.131897454458172,0.178219768323761,0.212008575887682,-0.00787400291318219,0.0430905184801922,0.157551423668169,0.280832032659254,0.103156013859174,0.183503600129588,0.23101145769249
"NUMEX_BILL_MELTON",1,210,14,2,8.65,6.25,6.3649330934,6.05,8.75,6.8,-0.0500741629798602,0.0358286027979031,0.0283381444965794,0.181174173521077,0.178729713744014,0.344046465640346,0.265054049929576,0.0359980632021599,0.137963396923381,0.134460817620746,0.270231542244071,0.240796898823556,0.00608413210660724,0.0852474125673247,0.0694316855203688,0.306176386218034,-0.030261568870455,0.13282670388702,0.0925939828715054,0.283334166162613,-0.0200749874292211,0.0299925695471852,0.12403065543956,0.183551668496523,0.223162141697928,-0.026047911601521,0.0363742174149953,0.157070867837166,0.288730792040685,0.0974330764314938,0.185560383387616,0.246622157971707
"NUMEX_BILL_MELTON",1,211,14,1,7.95,6.15,6.4095971314,5.55,8.55,6.9,-0.0591638600518855,0.015537721604526,0.0278876804845081,0.180275424955277,0.177543134713555,0.363038087153164,0.254976496056593,0.0198083874395594,0.12059873461943,0.149649459080964,0.258838761071515,0.234694831594632,-0.00580412483462224,0.0780523222791523,0.0767795178087853,0.314228546529102,-0.0153587448263021,0.128255106614587,0.10037038012793,0.283126794426973,-0.0194298898487793,0.0197426847318684,0.124753021165623,0.212775342621213,0.259772532526222,-0.028705232936502,0.0331046486178918,0.164239845759662,0.313468409625454,0.101779169387866,0.194708218223317,0.27181724508089
"NM1701PAR",1,212,15,1,7.9,6.45,6.2073027634,5.6,9.2,6.55,-0.0506961423881894,0.0315936200166758,0.0138161919365569,0.184340113273019,0.174831308461068,0.34389049255025,0.260991284366695,0.0818167807649051,0.129618350845203,0.159762859628417,0.273721867771727,0.24924078557426,-0.0125137201736897,0.104704496553566,0.0794810820032199,0.345034012813869,-0.023345622712608,0.157742122396874,0.100962915889868,0.311512694974227,-0.0018158146971136,0.0308671078694091,0.11207607512752,0.236399823941335,0.273484943572293,-0.0234414513920917,0.0558166153083763,0.17872763665628,0.329284748213778,0.130570398693297,0.208920246182525,0.296963977599598
"NM1715PAR",1,213,15,2,5.6,4.1,4.4896248374,3.95,6.95,5.5,-0.113391637647275,-0.00613286891469895,-0.0124040780323078,0.155049361969208,0.151086131826926,0.344380549191807,0.244925173791319,0.0773265377930176,0.10696992487167,0.12145193783514,0.245502787598586,0.187674650446083,-0.0194644445615078,0.0819141213481962,0.0412499301824299,0.302174640390531,-0.0315642528578819,0.128933653649023,0.0642219592263803,0.270415411945438,-0.0124269842609358,0.014693815621045,0.0960260521508855,0.200185257144057,0.224087934628382,-0.018130403843256,0.0531968525985556,0.162840943148567,0.262510727674271,0.119856431273831,0.19442397565759,0.270895207630541
"NM1703PAR",2,214,15,3,8.15,5.85,6.4095097282,6,8.9,6.75,-0.046480577316476,0.0632942747838236,0.0405365272924946,0.208415919637962,0.179419030497183,0.308744775143777,0.257973070183716,0.0751734059167994,0.178486820161324,0.153849596705872,0.301719940469427,0.245849074964862,-0.000640938541585112,0.123079735110168,0.0997590218790911,0.334313751218376,-0.0318854877267163,0.182235259616691,0.102602938281767,0.318065603848167,-0.00800702834887262,0.0540726304757582,0.127421605961773,0.21963737578103,0.242152407277537,0.0229636288279015,0.0877138199140523,0.185427107890104,0.287675985849559,0.140729733338635,0.196287463576623,0.259749740526854
"SW_9812",2,215,15,4,7.4,5.1,6.5480457042,5.95,8.8,7.2,-0.0628148723399354,0.0584470601271391,0.0474736687952832,0.201852393544445,0.175906920311012,0.34782372696512,0.237788662877273,0.0430062832833942,0.164354681968584,0.140713270894541,0.270908233854366,0.161991631120657,-0.0209710497310153,0.0694123910589403,0.097482902315376,0.320388872630908,-0.0140603420123977,0.180275162035694,0.100581307977531,0.296050999155873,-0.0143109664188756,0.0577816443581048,0.135723948614626,0.221647140369386,0.235998552337037,0.0245920766814479,0.0866796220481427,0.195806158260479,0.305916619718947,0.147125038620002,0.198489083587193,0.253750727859428
"MESQUITE",3,216,15,5,6.6,6.05,6.1270120662,5.35,8.25,6.35,-0.0746722756312769,0.0305987857518002,0.0166109395407743,0.161976052151527,0.126073240124997,0.35017000469281,0.217834773083953,0.0696637053242155,0.142435903814246,0.13607760617993,0.277903888377217,0.222827814151841,-0.00247454525674697,0.104750115115081,0.10137921399736,0.33010223302413,-0.0274200161136868,0.141481415389157,0.0680999475907598,0.286242800001171,-0.0195802503381651,0.0348697955365962,0.121320142743993,0.201436567215426,0.209105091919068,-0.0307504681841308,0.0419169271464079,0.160437899219598,0.280205157926764,0.125665254134291,0.176988172751957,0.232109033634252
"SW_8888",3,217,15,6,8.3,7.2,7.8821724402,6.55,9.6,7.3,-0.0625341694152288,0.0648443545600958,0.0449475128456278,0.182968667468976,0.164397846703081,0.336341156963681,0.25672159773257,0.0760713142161755,0.188229456614248,0.163781139979579,0.321684935374295,0.27559763698398,-0.00730712790898966,0.12414377184537,0.133043904528473,0.36318282949373,-0.0442128566058226,0.16453196525698,0.0900017417686975,0.343138164440286,-0.00814587009083183,0.0509022775711499,0.137267163040202,0.232660011781529,0.253543976570961,0.0323646472294826,0.0761170486916234,0.181452263340059,0.291428944260221,0.157639602800882,0.201682270634407,0.260645664944933
"NM1705PAR",4,218,15,7,6.45,6.85,7.1720524528,6.6,8.5,6.6,-0.0781658330517699,0.0155663939325432,-0.0168255485403915,0.112540192926045,0.0763079780396405,0.355801903714796,0.172436505700278,0.0495512619700326,0.149463195970428,0.147186060014783,0.275153588909564,0.280056958464332,0.05262937919988,0.169891365462672,0.136999289020664,0.360738761116761,-0.0398245193236259,0.163481174113818,0.0641457642328638,0.345758721655796,0.0317101920737279,0.0599311360650965,0.11042045970991,0.210630515542489,0.244604193219,0.0462972094880117,0.075083286273294,0.168229596151965,0.286975982887647,0.125746818874416,0.160660994071325,0.235319310894682
"SW_1011",4,219,15,8,8,8.4,8.4807402188,7.6,9.75,7,-0.047033281282556,0.0451999271504086,0.0135873655864246,0.144052424486074,0.124405218916236,0.348420980447224,0.199795603809822,0.025061729986319,0.171916440906157,0.188870831018496,0.295333459194892,0.296302594115786,0.0570474591934921,0.15551219163233,0.152663316271778,0.383659264444618,-0.0532570908213206,0.182665815756885,0.0758892043517874,0.352640366404182,0.0217863154565766,0.059984188274939,0.144331945559259,0.228195854569104,0.249516546391448,0.0198715803747384,0.04679815219496,0.151158400467235,0.231401463681831,0.132586453550644,0.174612841673111,0.228904154972801
"NM1715PAR",4,220,16,8,4.45,4.75,5.1182597248,4.45,7.05,5.55,-0.137048230119838,-0.026533214961634,-0.0381207826007153,0.0780380414606165,0.0929158911629737,0.346235716486182,0.129084084807215,0.0554105644103052,0.0783309643308649,0.166976395659972,0.230600931784803,0.230024835591357,0.0138407368146298,0.114471808454432,0.118957406506056,0.351017658447507,-0.0336517611261733,0.127053883465674,0.0271693832799063,0.323702265751869,0.0265431744223286,0.0184749608082749,0.106045950079005,0.218639385670719,0.243561260577603,0.0139627923007668,0.023982104527747,0.134782083538908,0.217298011906342,0.171858423149071,0.18516559428106,0.260891509157938
"MESQUITE",4,221,16,7,7.3,7.25,7.0731098888,6.75,9.05,6.85,-0.0579268579803788,0.0343661575054246,0.0177144767234539,0.13553264724759,0.131246807639163,0.341054009249703,0.16266129564202,0.0680902804296638,0.152783841792705,0.180655714106386,0.28216922078598,0.288809883136953,0.0227769814245817,0.152998264611077,0.137105058251258,0.373540169714323,-0.0374972788747384,0.176878589676116,0.0752468855515519,0.357544117045317,0.0277118763671526,0.0559842085265017,0.116685466861605,0.239929943803437,0.258025794302311,0.0207976963983603,0.0685260089688882,0.170014927810746,0.274043657059635,0.162487295986876,0.175315227039315,0.259051505563241
"NM1712PAR",3,222,16,6,7.3,5.95,6.3722516502,5.1,7.9,6.15,-0.100225117239049,0.0239194800431444,0.0130708563695086,0.147737133917899,0.169960247327957,0.373253091397874,0.211906504191188,0.0619179376434067,0.139352272963593,0.163504110146883,0.291790353373632,0.24840287686643,-0.0171838119648849,0.110927106001522,0.112201128648336,0.362300030415675,-0.0393020585632772,0.131674387148634,0.0557536651915115,0.326236040229762,-0.00599485088808381,0.0187184259249453,0.103642510721333,0.227517214271246,0.237861971084136,0.0152815616533943,0.03463110519923,0.150141857341563,0.244530479985448,0.173010556347642,0.197942533013388,0.279046901336113
"NUMEX_BILL_MELTON",3,223,16,5,8.9,7.65,6.8530265822,6.1,8.6,6.65,-0.051709509042849,0.0520608995242508,0.0240166935257515,0.170161134025403,0.175093641146425,0.368483536549555,0.190283415536681,0.0501954378034834,0.0999533166249568,0.150556857475417,0.276494467468811,0.258789836061418,-0.0345761758665535,0.0692688956835391,0.0981711888802979,0.348098505762492,-0.050351182209742,0.116153881206209,0.0624189595120063,0.294715110594271,-0.0283423057439452,0.00659170560109134,0.105056487390998,0.219271417748189,0.219388099525842,-0.0500098397183076,0.00780281349127546,0.136816693493718,0.250054224750635,0.152674722701001,0.18757014962263,0.266819752600523
"NM1704PAR",2,224,16,4,8,5.95,6.4426239022,5.8,9.45,7.3,-0.0534272314156768,0.0556746487117948,0.0369542694986217,0.192091657041583,0.202257185504027,0.356961237447544,0.210613004867564,0.0186410210975286,0.147106983602513,0.169331898194768,0.2865274740684,0.213211349680561,-0.0283813702284455,0.0815053749504932,0.0963494470116876,0.352815233981718,-0.0294846062159852,0.162224266899741,0.0933163103135948,0.319346811048679,-0.0246690584448834,0.023433463222012,0.111130016862219,0.22866402636103,0.237545988237304,0.00659706449334845,0.0510638924202045,0.167718698453524,0.287804261500435,0.175408151903308,0.214112835468923,0.295443399672212
"NM1701PAR",2,225,16,3,8.65,6.1,6.5513975082,5.6,8.7,6.55,-0.0548940845100399,0.0482030672682957,0.0406146185475731,0.201712678831103,0.209380916976258,0.35840889794807,0.241994230880493,0.0489114965862731,0.151766320829537,0.192762917334167,0.293896696652695,0.240947280638555,-0.0162554635025682,0.0910225745548453,0.109319396348681,0.359246422899344,-0.0348627535561587,0.146466225375185,0.0852146117929119,0.306881294374221,-0.0164417730553236,0.0282392544786903,0.117634615206794,0.237253676423319,0.256941563397404,0.0110171313330023,0.0518143799352605,0.172752497994723,0.28152278991377,0.168051742757636,0.205774308852683,0.291275680543871
"NM1702PAR",1,226,16,2,8.95,6.75,6.6853502194,5.65,8.75,6.4,-0.0352395213068834,0.0475492787031115,0.0221613122556519,0.196901897529569,0.205602644982829,0.371271887191137,0.256688230060112,0.0771549143860303,0.164991842490944,0.190310806310754,0.30524789590264,0.266700154371772,-0.00509653603754466,0.113568077993147,0.0889441864567083,0.359563499611188,-0.0322959807173355,0.156133501074284,0.0958613640232031,0.290283196247101,0.00186985182129036,0.0339704569020165,0.120360999211345,0.240584401844822,0.253970986351798,-0.0184479665521854,0.0621727208182035,0.180493648362796,0.270796929136484,0.164872874938779,0.200392344797269,0.284319363212967
"SW_9813",1,227,16,1,9.75,7.9,7.6809370714,6.4,9.7,7.25,0.00284617285120655,0.0728925912148358,0.0667843543061409,0.231055941687012,0.23497052968293,0.384134526464157,0.299973137866542,0.0401551819693331,0.187146384640487,0.226834064627263,0.320917259668957,0.305784323224494,-0.00146002735722259,0.155201996868911,0.0964544427005257,0.392222424767579,-0.0170109016821505,0.206155944906204,0.147480277602308,0.333349949486893,0.00835232132286882,0.0570318602028034,0.154139015824675,0.280968582512173,0.30233278683318,-0.00766061294608327,0.101729888763156,0.220967506862181,0.34840367185113,0.203722955988047,0.237536991091879,0.320790915554812
"NUMEX_BILL_MELTON",1,228,17,1,10.1,7.95,6.9713264914,6.4,9.15,7,-0.0601803998028344,0.0446073489397082,0.0621512877026984,0.236750151857949,0.273001050742676,0.422632605210404,0.33481971820966,0.0290559203831313,0.145952858816426,0.216641384824571,0.331174916753781,0.342659418219969,-0.0295884759627382,0.123315777475113,0.117997954337171,0.386594070442338,-0.0181204041477567,0.166059196461984,0.12929031483628,0.34295324119862,0.0070987235673652,0.036784241884866,0.128322063277541,0.272591386182649,0.299802919090318,-0.0230253044023158,0.0607042775367807,0.184009225710535,0.301510841430286,0.191644397135704,0.222024660313054,0.316390138650652
"NUMEX_BILL_MELTON",1,229,17,2,11.5,8.65,7.7130386834,7.05,9.55,6.95,-0.0402824284294953,0.0662497027477739,0.0693757767274726,0.248941510227342,0.283166375620056,0.414617260275323,0.325935194041816,0.0352875369524124,0.154439201882906,0.21555421800909,0.351070033711491,0.358409146957342,-0.0303045818528624,0.10474085019036,0.123745712720028,0.390305133926522,-0.0403433849045315,0.140208792453016,0.104104737617183,0.350685014874954,0.0025165324452858,0.0353172686367217,0.124576831110293,0.261977063574883,0.280173380571908,-0.0311889165099611,0.0519732497876174,0.178326087634944,0.268861020951085,0.179635493625436,0.2117932752585,0.299898692668676
"NUMEX_BILL_MELTON",2,230,17,3,11.2,7.25,7.2519281802,6.3,9.45,7.15,-0.0431351962619632,0.0613997323135584,0.0743980854570741,0.234779394156563,0.283513168062833,0.406643594405212,0.300988849361573,0.0598203631447215,0.143455534238644,0.20483977025506,0.324803871998956,0.281234319310864,-0.0546723952945852,0.0537633807222456,0.104749214161406,0.372656305678064,-0.0398858353471538,0.134876697704959,0.0841018324699168,0.325368721305302,-0.0172867335859568,0.0145736818080281,0.115619576542601,0.248309633921307,0.267695405200536,-0.018237490595449,0.0312678977933522,0.164582654823922,0.260387561005466,0.171127095392954,0.213513367868849,0.30968275825156
"NUMEX_BILL_MELTON",2,231,17,4,9.9,7.1,6.8662133362,6,9.05,7,-0.0673065357993872,0.0555018885775855,0.0576631584395834,0.220997727390097,0.286043985935622,0.405270681782808,0.287329675344851,0.045478119081237,0.130955201947765,0.186768459926213,0.305586736219519,0.272825919034868,-0.0550687883746065,0.0383372318147254,0.0902608404166895,0.354910709804556,-0.0349931590764095,0.130383421838084,0.0806715300290586,0.329883963718438,-0.0102350402595145,0.0109219655539307,0.110902921681702,0.241506040027445,0.256868575216979,-0.0198779729308748,0.0215396235291242,0.147034794524788,0.24017366586292,0.165651625686751,0.210371075783147,0.304124784468103
"NUMEX_BILL_MELTON",3,232,17,5,11.85,9.75,8.0325684902,7.45,9.3,7.05,-0.00362857799119889,0.112035656352957,0.0958748523310946,0.255460083170382,0.2838724335344,0.397309678534209,0.301698443036305,0.0537918953893749,0.159199321257663,0.19977702964617,0.355571905551557,0.379321996513647,-0.055313724878198,0.0651270067554957,0.120706109538859,0.379300661578571,-0.0525559415180777,0.14122597343575,0.0868872204865378,0.362229834253197,0.00504255568850399,0.0308274118366027,0.119579418953293,0.255801821688556,0.266686595094122,-0.0461268279885426,0.0332953744403616,0.161034737463001,0.266409205224957,0.168725542806495,0.19956252896128,0.29499987741029
"NUMEX_BILL_MELTON",3,233,17,6,12.4,9.35,8.5962820082,7.9,11,8.4,0.00143599264192346,0.122503919211178,0.131142022015543,0.256237749212159,0.290423244842019,0.388964193459166,0.308791908300562,0.052121026464198,0.198360002060918,0.216543267829804,0.359462150931855,0.332135266123262,-0.0659592203500971,0.0677412066037495,0.122543505786049,0.384448430060706,-0.0377825471524478,0.167759495546794,0.0967032117453111,0.377719290218588,0.0125810070686737,0.0408602479739655,0.133420655810319,0.277570808540098,0.283284337644249,0.00335115608937821,0.0486778491499648,0.173470117396987,0.273792188737639,0.181264903498846,0.198006043703399,0.288035380639619
"NUMEX_BILL_MELTON",4,234,17,7,8.85,7.95,6.5643362828,6.3,8.6,6.6,-0.0549401374180032,0.0482725511994568,0.0652280121135535,0.161117610426771,0.191905746089025,0.40295579321048,0.224844739022369,0.06161635805013,0.141235333411747,0.188048434550357,0.301601403104187,0.29808724206719,-0.0737694690010584,0.0664093669247252,0.107010117831976,0.35729478911744,-0.043992351028796,0.141458467230013,0.0542613916719358,0.362659350288074,0.0196639912804155,0.0302340320152198,0.103971118435492,0.248757690695072,0.263151462666217,-0.00463929020595006,0.0342868128313818,0.149893990415309,0.253280703514058,0.156492211239611,0.182638342533341,0.268120066892028
"NUMEX_BILL_MELTON",4,235,17,8,7,7.15,6.1625725868,6.05,7.8,6.15,-0.0761852633022946,0.0252036619344567,0.024651709452962,0.137971020616512,0.165236491866308,0.387581399708076,0.217930909168359,0.0352599069032008,0.125929793284787,0.215526185023632,0.304581500766239,0.308312919250896,-0.0601891083953115,0.057648426968407,0.108602884023444,0.350842384030143,-0.0445142810830834,0.1461996708117,0.0412322407942658,0.357873985081609,0.0297238760497787,0.0255108035402941,0.119932698171363,0.258093107234956,0.267865742624184,-0.00724638151847944,0.0261881150177552,0.149594082502496,0.224745397047318,0.172559398138511,0.187378388934772,0.267146549685736
"SW_9720",4,236,18,8,10.1,9.75,8.2956867608,7.8,9.5,7.3,-0.0147219452441552,0.0754324415765715,0.0923419431943325,0.192041123790913,0.243233358203301,0.391864717639193,0.259531384698508,0.075139398002336,0.191368415071272,0.247354202107103,0.34270942231039,0.344078423846618,-0.0797197966658163,0.0925143971495617,0.129268154699006,0.373421384342573,-0.0537019690926369,0.173270210710283,0.0611079095286623,0.372517233475424,0.0366656119205489,0.0392492577403744,0.130113820792092,0.290568445932309,0.309930590881963,-0.0238633063665982,0.0322362303619063,0.149808225078049,0.231678218549689,0.17248598426607,0.180906037612506,0.263486007835534
"NM1701PAR",4,237,18,7,11.05,9.05,8.0858557188,7,9.45,7.35,-0.00156067505780941,0.104817924523185,0.148166426153563,0.211686060569836,0.267441371348806,0.366905930474362,0.269163296273106,0.0865938293621916,0.198647897127224,0.218466915449658,0.337420472919105,0.341803922500844,-0.107670831500861,0.093003320309341,0.126958170642067,0.37119326809934,-0.0596857023763135,0.152738758138048,0.0626693152613915,0.376717368310607,0.0275815570979897,0.030793532861535,0.119379542799029,0.288063799893656,0.319867603182861,-0.015660117246191,0.0527506035007086,0.164888822845483,0.271319246862971,0.17484053503645,0.203703721734051,0.307919371954215
"NUMEX_BILL_MELTON",3,238,18,6,13,9.8,8.7812905922,6.95,10.45,8.1,0.00693244353621653,0.138715495720778,0.178628290864955,0.290794470182996,0.323514986909348,0.381902653310249,0.354370076310349,0.0610134294884731,0.203697324671676,0.222076637191543,0.374585567182224,0.360569611139867,-0.0918183800341189,0.0599394381138749,0.121121827337567,0.388619864962776,-0.0517307002643721,0.133894403593502,0.0813496736716641,0.38296449231347,0.0228966063402188,0.0305547426579923,0.123984962727643,0.287044436864127,0.312702742735356,-0.0180070780858736,0.0145618364274761,0.162456356541384,0.254764447738846,0.177067438271718,0.1990661952632,0.311080910533251
"SW_9812",3,239,18,5,15.1,13.05,11.6256483282,10,12.1,8.75,0.0695174653836724,0.202207403823263,0.179398059102463,0.313369649354554,0.36119314329374,0.393926186450263,0.347538452154316,0.10184596588705,0.271521340321463,0.246079306257578,0.408871903460563,0.454786744350995,-0.0288965719289017,0.162720387455825,0.174798546817986,0.416504436491787,-0.0399011006751377,0.209457566538315,0.138785786972065,0.407146190454006,0.0524187801523562,0.0883301606542749,0.171929336179786,0.320570682285895,0.342642007197874,-0.0282261802897938,0.101897494632081,0.220764098511751,0.323112488565215,0.210804308525834,0.222208202903601,0.322054405455648
"NM1705PAR",2,240,18,4,11.4,8.9,8.8503849462,7.3,10.4,8,-0.0228304188292928,0.110163935741497,0.106404024515416,0.258899643015568,0.340516787901657,0.398616422136137,0.320772727586625,0.108110614155068,0.230010482844017,0.229096995129267,0.377542755290269,0.368920171572136,-0.0530600079401789,0.121430823676226,0.132409658573736,0.39720206851027,-0.0341186449479824,0.182718268485973,0.116185397224834,0.360024467224458,0.0273552058580415,0.0536122381324135,0.14377293277975,0.27615560774865,0.314718492167809,-0.0183742215555866,0.0848297954428084,0.19588515985367,0.299872918536219,0.192612815490054,0.208585550395254,0.314756346317135
"NM1713PAR",2,241,18,3,9.05,5.55,6.1782938722,5.1,7.8,6.4,-0.112714192212289,0.0357209992960918,0.0818447139427571,0.234646487811772,0.325248414417914,0.419223203480644,0.320797237440204,0.0736443297373305,0.143063278684849,0.197679579624674,0.321830652701777,0.264913035190458,-0.0735450775796634,0.0393874752399817,0.084309576562779,0.354627302343901,-0.025347536340569,0.118875126570975,0.0796346357890853,0.309749016357265,0.00262001879768269,0.0135496330782759,0.113611376687558,0.242922683591765,0.289383673609141,-0.0331783293745312,0.0448748424956569,0.165626529956456,0.261403028061948,0.189989594354174,0.221635832491551,0.330223139849745
"SW_8888",1,242,18,2,12.7,9.7,9.2860116054,8.1,10.45,8.25,-0.0378431190213415,0.0935964573640303,0.109913629561026,0.267873503850207,0.344684303503771,0.422897069439997,0.343148474945855,0.0526106077640369,0.224595715904556,0.250994296177551,0.391500352007509,0.405249210706891,-0.0645862844181172,0.0660894521176931,0.125621097460521,0.400299144964772,-0.0323253413542624,0.167760583562804,0.134930004968491,0.372854627383594,0.0265121948927091,0.0606722426167719,0.151969016780469,0.29567750372007,0.336477859833682,-0.0143725503720955,0.101287852549472,0.212689540400581,0.307153395288717,0.209096406907385,0.230986837376469,0.331228548869636
"MESQUITE",1,243,18,1,11.4,9,8.1818637934,7.5,9.65,7.35,-0.027926489234415,0.0919348954305064,0.111379062428109,0.26321048600926,0.33797484097117,0.416087585198671,0.35926772781981,0.0411198444103664,0.220986113383963,0.263864397195838,0.377850294799198,0.391584325094916,-0.0539195184667553,0.114963423791788,0.124763141860099,0.397873007969897,-0.0218030312220927,0.200610164463956,0.154364232854988,0.361270158821561,0.0263853702669666,0.0632012424199515,0.149200770671825,0.298920269586341,0.337537904009213,0.00377694131568158,0.113664285628988,0.219996017910754,0.333251205985229,0.203325499224583,0.223696255822013,0.319515035475924
