"Germplasm","Plot","Rep","Row","Range","GNDVI_62","GNDVI_76","GNDVI_90","GNDVI_96","GNDVI_104","GNDVI_110","GNDVI_114","GNDVI_130","GNDVI_138","GNDVI_144","GNDVI_150","yld2","GNDVI_166","GNDVI_174","GNDVI_180","yld3","yld4","GNDVI_256","GNDVI_264","GNDVI_270","GNDVI_278","GNDVI_284","GNDVI_292","yld5"
"SW_1011","300","1","1","1",-0.0238106237318621,-0.0187633858901292,0.0543622910550993,0.0155418866796992,0.0835587917016271,0.0250251847240544,-0.0782607399553351,-0.031964745141786,0.0135448310194501,-0.0642239745314355,-0.081233482690054,-1.01568409345151,-0.0658267874181099,0.046479555936251,-0.010726140971394,-1.4397436451609,-0.351444969502026,0.0423421877962435,-0.0182600338826028,-0.0798016046362835,0.0483793256690478,0.0114304914897452,0.0107948631406632,-0.829377242631526
"SW_8421S","301","1","1","2",0.0504148281968079,0.0416463257386542,0.0407988752475655,0.0143800132675251,0.0662182235960037,0.0117522000810177,-0.0555930010238137,0.0502537421209485,0.0639439460927361,0.0311010391264733,0.0764838490547245,1.24251127432879,0.0261735731184542,0.122526912845936,0.0456896113638134,0.826906846062546,0.288022913238628,0.0989096349564283,0.102869338126224,0.0818328321049953,0.0848409243827885,0.0440065437443699,0.0472127443782419,0.34011081489494
"NM1715PAR","302","2","1","3",0.0537611882517989,0.0359037026252237,0.0397244152806983,0.00991841286274169,0.0408090224047021,0.0291791192205584,-0.0694901673812946,0.0521013936573099,0.0641271347628437,0.0201803858570861,0.062052647110149,0.600022648308694,0.020684456765485,0.110843394765776,0.0284124863403336,0.272730264663649,0.0559778936012545,0.0909083300995515,0.0839027319085292,0.0505913340435602,0.0867121620696001,0.0414171706472355,0.0498324121022494,0.231738180695605
"NM170506PAR","303","2","1","4",0.0358168334755966,0.0124690729539898,0.0339298576397947,0.021226460063086,0.0304868503095642,-0.00911552402215974,-0.0594761781491555,0.0382563006141599,0.0407042506120947,0.00214603395246362,0.0188734424868123,-0.158215149835019,0.00412467420075919,0.0877217413669972,0.0401715285943062,0.0348464337562503,0.0716902755171367,0.0510068482849447,0.0356366652722175,0.0339164932253947,0.0516919331932071,0.024012402261464,0.0385114650062409,-0.110724086768055
"SW_9813","304","3","1","5",0.0220270133913983,-0.00881102201017846,0.0372690549468365,0.030925287532459,0.0279400269943483,-0.0404513689508117,-0.0595722233912664,0.0279076844004717,0.0409154345577942,-0.00495336408320788,-0.0172503812426906,-0.420437126211709,-0.0205102057697603,0.0857832467924844,0.0214786547956587,0.212754234693905,0.0529083245783568,0.0278323635238046,0.011853094492037,0.00511452984344749,0.0624942863983428,0.0183665911551278,0.0212806751631051,0.0103708713540762
"DONA_ANA","305","3","1","6",0.0257664834117921,-0.0106131293108346,0.0407050779772133,0.0293527485123183,0.0462870231213145,-0.0608908281665799,-0.0401027676207037,0.0218247680476728,0.0420589335187395,-0.0113701969131631,-0.0256098149472204,-0.605166458033014,-0.0339051798504458,0.0645888248263031,0.036949320522389,-0.475274694741471,-0.0409350851910971,0.0458628426772413,0.0250003405933777,-0.000593726563938825,0.0759864880379794,0.0161723905855231,0.0377825440767372,-0.207160841767936
"NM1712PAR","306","4","1","7",0.0303153651945044,-0.00908176068337932,0.0374901612116706,0.0188133109500061,0.0459137619120949,-0.0324152505322571,-0.039471008177879,0.0369504562139569,0.0420673146409086,0.00144888620016769,0.0111487722165233,-0.100565482616366,0.00166532150342862,0.0758454851627726,0.0320104874992076,-0.0957634483949066,0.0451561608238573,0.0526372617981177,0.0355760296584966,0.0241666075165538,0.0665396500354355,0.0143116726581393,0.0143725784502389,-0.0999997803044911
"NM1704PAR","307","4","1","8",0.0205157133368218,-0.00240422359132919,0.0420248629667176,0.0110622596473176,0.0362901841174879,-0.036054256756379,-0.0310934743529253,0.0113969241449098,0.0392365592007514,-0.01111039689142,-0.0212069279476831,-0.666644792704444,-0.0204490843058492,0.0432700079186369,-0.00494425294774247,-0.223523178090735,0.0106544073651262,0.0136495196102442,-0.0146277650190565,-0.0300959344968904,0.05662207424593,0.0189792357937406,0.00454471048795049,-0.407994828885578
"NUMEX_BILL_MELTON_CA_2019","308","4","2","8",-0.0392705546014193,-0.0318987333094374,0.0350200604332302,0.0249156554187022,0.0670084431059876,0.037569024182848,-0.0196093638149551,-0.0568490594975937,-0.0171264014713689,-0.0848923766633888,-0.098294807025909,-1.46275495921228,-0.064705372420613,0.0273676222669046,-0.00234472512138161,-1.40689325904373,-0.380381076739263,0.0368115948233338,-0.0478438512425863,-0.112308271998484,0.0152727413002881,-0.0243671501745812,-0.00512808184734465,-0.843115583441429
"NUMEX_BILL_MELTON_CA_2019","309","4","2","7",0.0292340429583739,0.0265781155641237,0.0132999407997804,0.000751951285292798,0.0357132545412836,0.0227933022891916,-0.00428813918042486,0.0244267097579669,0.0290345569401085,0.0176616241797172,0.0607153174403939,1.05057832023053,0.0359545484334276,0.102014547681721,0.0444332806626201,0.702588767659508,0.257518028317785,0.108068692670512,0.0972627727299474,0.0936547203837453,0.0550312535838347,0.0153265233413653,0.0438912751048029,0.446020600629564
"NUMEX_BILL_MELTON_CA_2019","310","3","2","6",0.0270671522721438,0.0212082681088463,0.00868375380915185,-0.0116326040486304,0.00743257745270143,0.0357282091995473,-0.0241379691831049,0.0146002580702183,0.0189827705928574,0.00421572880602245,0.0400854075736957,0.635670530538388,0.0317949568648446,0.0838083691349231,0.0133241257218177,0.0384821272731811,0.029067893965506,0.0915714423768338,0.0811079304260701,0.0626704118476401,0.0560775508442289,0.0151274327750547,0.0398731870164825,0.181793642086942
"NUMEX_BILL_MELTON_CA_2019","311","3","2","5",0.0158222096459123,0.00719361729700725,0.00213140057850298,5.42081517492479e-05,-0.00328957011246558,-0.00191650533174486,-0.0133468879552514,0.00822632943123104,-0.00371379930313855,-0.00996288806677117,-0.00216431973195856,0.0429460686583541,-0.00121754908082554,0.0631350522965358,0.0305713379803604,-0.0920879606067269,0.0481807004324235,0.05081911993372,0.0300911123829344,0.0314180336592656,0.0176946353264263,0.00108812347229256,0.032882650874584,-0.195589631261835
"NUMEX_BILL_MELTON_CA_2019","312","2","2","4",0.00826244069887258,-0.00395242492213597,0.00864125888175655,0.0134965422767739,-0.000199785049578339,-0.00620213378323787,-0.0147185607723791,0.0115263838786343,-0.00192997445733112,-0.00964532988206377,-0.0198322791001296,0.11973468365773,-0.0181583800117835,0.0597691013545331,0.0177474320698652,0.121442951044546,0.106485251675725,0.0279058718420612,0.0127160493574681,0.00601442964626039,0.0276298637386208,-0.00121183191075809,0.0155686288103349,-0.0578671212062967
"NUMEX_BILL_MELTON_CA_2019","313","2","2","3",0.018339750159953,-0.00249916426849,0.0166149337478852,0.0127134662680629,0.0222445456440761,-0.0443852477584164,0.000990593822214457,0.0141761803928612,0.00973321876619369,-0.011863284383672,-0.0120083527949459,0.126210373821222,-0.01962326052127,0.0445222824291354,0.0396206769813564,-0.348243459081209,-0.0112333601944248,0.0252291837390325,0.00240921670612673,-0.0135567010794584,0.043341443679538,-0.00192244061853896,0.0334719516414842,-0.302295140915507
"NUMEX_BILL_MELTON_CA_2019","314","1","2","2",0.021094521773944,-0.000345743837297373,0.0184757830260899,0.0174664791896478,0.0332203094685728,-0.023066025366739,0.000409051286051459,0.0429018154833805,0.0149263252126596,0.0111908135636012,0.0296100336775687,0.737261010972276,0.0104563859335722,0.0643612846683442,0.0442735418145088,0.329211364056437,0.166425100778864,0.0340162921597993,0.0134289882270675,0.00471570365629558,0.0417060533319012,0.00312208684146219,0.0199898980509154,0.10536942540649
"NUMEX_BILL_MELTON_CA_2019","315","1","2","1",0.0131574714167895,0.00900027052775125,0.023355960469413,0.0131406410603764,0.0283813475107814,-0.0116828132532151,0.00859739041339446,0.0146005134335869,0.0124781306798958,-0.000246380889707243,-0.0021559526179254,0.0695897067665828,-0.00273711004204909,0.0357024673447902,0.0186779354261417,0.101613925268315,0.0885879575333136,0.011679984813938,-0.0103802570140904,-0.0137700499900465,0.0415585174121381,0.0146835369112938,0.0211192940230642,0.0166266524754823
"NM1703PAR","316","1","3","1",-0.0557804331976245,-0.0425517186746928,0.0108929208398711,0.0320051396356506,0.00594502927222789,0.0403132941070074,0.00846043359965822,-0.0508451666845233,-0.0401461593313225,-0.0968557039215247,-0.0973708882668186,-1.10365159983796,-0.0835261502089762,-0.0291244007177843,-0.0245984521341183,-1.33133335865231,-0.336767847098158,-0.0054327456501968,-0.0829202631806921,-0.118256194224751,-0.00686298010797364,-0.043622321601449,-0.02696200993227,-0.772353890984918
"AFX_779","317","1","3","2",0.0132865175941277,0.0188950869044299,-0.0131757353025663,0.00617826154160192,-0.0225321299892236,0.0272903798681191,0.0135623563775435,0.0191910795352536,0.00369683929604364,0.0164972401807258,0.0618324448842958,1.34689841629016,0.0440769333829808,0.0602338907314175,0.0111692755102707,0.860005898067897,0.289262207354604,0.0741097944551829,0.0683208754101401,0.0993325393449882,0.0366880790671286,-0.00136414409727827,0.0257698201943716,0.684190788366315
"NM1703PAR","318","2","3","3",0.0137419588829924,0.0219535897225106,-0.01750124246458,0.00363036823640027,-0.0370004666325121,0.0264283303315341,-0.00206481732348271,0.00493647632364582,-0.00828642991238393,0.00871620307669334,0.0460817307493059,0.98913484069651,0.0347136401254851,0.0486903475643732,-0.0151133817167738,0.290145025208882,0.0967024846307088,0.0707075013208161,0.0695002920839383,0.0797935138069438,0.042798253562671,0.00423654460142083,0.0254043160619839,0.591031295686767
"SW_9720","319","2","3","4",0.00556408325346266,0.0198108628009448,-0.0261708933285379,0.0126199816806039,-0.0446314300995283,-0.0240991214931879,0.00488372125007439,0.00469207766197742,-0.0279449152904127,-0.00251601837234023,0.0277609174684578,0.70126647672767,0.029356384156411,0.0364010161215699,-0.00671695940325856,0.277966451351208,0.201019180433781,0.0504895685051251,0.0302835197078303,0.0523644009532876,0.009501454523694,-0.00827828536378832,0.0232198726392262,0.388998250988354
"SW_1011","320","3","3","5",-0.00177157863433456,0.0165875991632559,-0.0205717357089784,0.0217665864361548,-0.0356790169589388,-0.00307867544978605,0.00573416551685972,0.0152246714300661,-0.0290696456727693,-0.00183147011223008,0.00531745404202044,0.515945263179725,0.00154434495188731,0.0314277558233146,-0.00768592174939788,0.413459235606992,0.175843690551875,0.0337848504876505,0.00701492597145754,0.0055951513050933,0.0133725548310578,-0.0110108748459774,0.00660932857845619,0.182415201731835
"NM1715PAR","321","3","3","6",0.00863439626146606,0.0172464013944371,-0.0132114301865371,0.0134322798735154,-0.0232637323305676,-0.0409068815511933,0.0213548621397907,0.0057641976551224,-0.0158575483674214,-0.00396843147548751,0.0122208366455795,0.447482726813698,0.00136307352356056,0.0175751663185269,0.0147594946274023,-0.111763265067455,0.00437061788121807,0.0160354254770327,-0.00471856978001952,0.0100188646162045,0.0209343317178915,-0.0182672927413414,0.0164384896262233,-0.210028518376594
"AMERISTAND_803T","322","4","3","7",0.0087982207833638,0.0182774502998707,-0.0135602710287347,0.0143873406993182,-0.0146099062122353,-0.0151873669896533,0.0190796092891906,0.0219180744826541,-0.0145921902461569,0.0095673970540853,0.0255924682411166,0.649383337273328,0.010422974020949,0.0308863145644142,0.0335567434644386,0.299505351853909,0.160533330165712,0.032513351676676,0.0186101888605059,0.0264405593430993,0.02702031889482,-0.0110102270685096,0.0190466468403365,0.225384100345676
"NUMEX_BILL_MELTON_CA_2019","323","4","3","8",-0.00877883668520271,0.0235102818741583,-0.0131873493469949,0.00626349137695987,-0.0174102671510189,-0.00954267119241757,0.0209804412775274,-0.00683465252565738,-0.0219840230755329,-0.009673442349424,-0.0303311258453481,-0.451619610942668,-0.030983210151745,0.000493635581549328,0.0169112202903081,-0.42133890093833,-0.0179653236985789,0.00347428121924744,-0.0217007225585747,-0.036271954352259,0.0223636650041355,-0.00120645539059986,0.0151829088870577,-0.176064646704694
"AFX_779","324","4","4","8",-0.0642810646803914,-0.0422584244725163,-0.011061323434407,0.0210183811182478,-0.0431923419124525,0.0416492362906478,-0.0250285580583963,-0.0648049241871155,-0.066578600455836,-0.075729293583796,-0.0694759084866697,-1.0249220539205,-0.0841633611583103,-0.0373570298002337,-0.0550735821857464,-1.12392552086815,-0.292462856350541,-0.0125710726535329,-0.0119527325999626,-0.052125086409801,0.0102216878973536,-0.0309726116093869,-0.0417621375636729,-0.364305820157216
"NM1702PAR","325","4","4","7",-0.0132334367501648,0.00835379975161371,-0.0370316630049367,-0.00467943116878098,-0.0613058176166814,0.0350488604094772,-0.0243471367976003,-0.00549769632619514,-0.0431112216523914,0.00846353260669526,0.0359297447125979,0.844575154771768,0.0124206096171522,0.0285438966394403,-0.0397222395288735,0.666826859875925,0.218657757069838,0.0517211722595176,0.0657819967018139,0.0978391565857142,0.0357057700963057,-0.00293734150721151,-0.0178404977504062,0.802267265875942
"NUMEX_BILL_MELTON_CA_2019","326","3","4","6",-0.00322809954623758,0.01621303642069,-0.0362587560866367,0.00426380532514454,-0.0554818593109825,0.023483433016897,-0.0275199817544785,-0.00507656074182343,-0.0506473001547877,0.00666676787554622,0.0275856531400276,0.624874728894445,0.00638078206501619,0.0232315176451044,-0.0522717990064417,0.312712450539363,0.0647301602964857,0.0417469794511441,0.037790007715018,0.0571997447216668,0.0313607939166394,0.000488850506540911,-0.0243194260233493,0.57082675773533
"AFX_149092","327","3","4","5",-0.00973573413745518,0.0169569384479571,-0.044842522188577,0.0145766452421746,-0.0569371952404666,-0.0296475860708106,-0.0129154780142752,0.00112987373273171,-0.0586535404820985,0.00544820093006786,0.044548331703812,0.822654351974145,0.0391887459189617,0.0236903917847275,-0.0387731663872679,0.449204375756897,0.223371692600662,0.0321448428133377,0.0156705606276678,0.0399496045983931,0.0100951565354192,-0.00650038011041196,-0.00764693388075273,0.618654685279837
"AFX_149092","328","2","4","4",-0.0128920582617425,0.0227786656242927,-0.0373594758483204,0.0284829710865818,-0.0466164290553673,-0.0113108430145624,-0.00410089505671045,0.0273714461310055,-0.0535812393046148,0.0107422948991474,0.0325065555320673,0.466866286755637,0.0138876113860772,0.0183704892349179,-0.0332172046805453,0.492313067065291,0.121301342698557,0.0251170291876632,0.00976971703132649,0.0226830958888928,0.0106886553614431,-0.00177838018142643,0.00479766342459131,0.565630797227393
"NUMEX_BILL_MELTON_FG2011","329","2","4","3",-0.00373363277227419,0.0233215044448449,-0.0314214882030015,0.0127435724188925,-0.0535339682585781,-0.0319032338846435,0.00869357791757069,0.000496568753016299,-0.0521559173219323,-0.00488241091411416,0.021234903077105,0.355307645823828,0.00638027710533273,-0.00527704780148962,-0.0299403870587411,-0.119457397824513,-0.0194027540362025,-0.00444985555286187,-0.0166273365202787,0.0133324994635698,0.00680979370518474,-0.0132566048120215,-0.000335826983016818,0.0742829866766325
"NM1704PAR","330","1","4","2",-0.0108306472309443,0.0197473860097626,-0.034394684672821,0.00456696767412927,-0.0492350768588038,-0.0246983033819879,0.00673846208382569,0.00411569164093279,-0.0575758960655757,-0.00135400596119463,0.0194344499440323,0.408153270118763,0.00678158035544751,-0.00373864456120825,-0.00888806063714808,0.102336585281755,0.104713014143034,0.0165960951873012,0.00400709265808196,0.03157332338181,0.0168321744784521,-0.00704215523439344,0.0108227109492497,0.445059033250076
"TMA_990","331","1","4","1",-0.0185554409214556,0.0312971756339848,-0.0326189491732249,0.0106443546772024,-0.0423182926319231,-0.0366158925402104,0.0181490947806398,-0.00808183988264354,-0.0484749963215979,-0.0138219376900912,-0.0346392736209112,-0.598031414604712,-0.0380756838019531,-0.021345731368559,0.0131347230159632,-0.569684246231917,-0.0610544100721058,0.0093838866619478,-0.00568213440366364,-0.0129272757418085,0.0132015459972864,0.00509530091135376,0.0183462246052468,0.160831653541176
"NUMEX_BILL_MELTON_CA_2019","332","1","5","1",-0.0336825408021912,-0.0199573208643041,-0.0141461808020862,0.0292210289676148,-0.0538614425283949,-0.0177558106755962,-0.0118624244439255,-0.0312490927186984,-0.0556396282809117,-0.0424065321747222,-0.0119253567585826,-0.640268054390695,-0.0616522491359764,-0.0178094217303695,-0.0355721647625203,-0.470847766313196,-0.25938244350377,-0.0198719913499316,0.0166196200705163,0.00681291502101431,0.0265309440505904,-0.00796001593220676,-0.0288129465926254,0.136552265211053
"NUMEX_BILL_MELTON_CA_2019","333","1","5","2",-0.0029702123585753,0.0173628455822074,-0.0400471718747623,0.00622261513554094,-0.0649260785914805,-0.035009429920668,-0.0155124659516076,0.0132221019038169,-0.0536283205346346,0.0105762284213863,0.0597802087920015,0.795870951021291,0.0063249718428027,0.0201854419018735,-0.0436276307286756,0.910897321605659,0.172879572841087,0.029068515691131,0.0548029796158602,0.0888694477332037,0.0337312491224106,0.0076668662912025,-0.0279749747103226,0.884760148241836
"NUMEX_BILL_MELTON_CA_2019","334","2","5","3",0.00193273026282049,0.0199970690181451,-0.0387709091186309,0.0163981286761392,-0.054395392185375,-0.0647116354468596,-0.02041664219441,0.00358149633948135,-0.071130253890443,0.000391746757597995,0.0353644442559927,0.402897052895053,-0.000568392095066343,0.00685931191823178,-0.0582014252325472,0.21315777259312,0.0377275915111708,0.00834179226513616,0.00397845380090537,0.0151295011849152,0.0192483508527636,0.00555044281549682,-0.0447192765267925,0.428392064851095
"NUMEX_BILL_MELTON_CA_2019","335","2","5","4",-0.0105839089408315,0.0176943778723774,-0.0497688876032342,0.0202663867338543,-0.0580398833535894,-0.1144180353789,-0.0121335776464543,0.00408737652575788,-0.0783649787565323,0.000476037266437224,0.0500578949236899,0.807428542662772,0.0303916948721222,0.0075403715757871,-0.0506281595013246,0.213310175603554,0.161168681295361,0.00502235413395934,0.006057715247871,0.0245356133467565,0.00404690423127427,-0.000587050260802022,-0.025665573713579,0.406568192060294
"NUMEX_BILL_MELTON_CA_2019","336","3","5","5",-0.00277436378369375,0.028489357465571,-0.0434702163138936,0.0324817662791731,-0.052652489026785,-0.0915894786225906,-0.00100564770392789,0.0361098690997948,-0.0702351697960026,0.00183580836796346,0.0502948514980681,0.4916995648834,0.0160133668174959,0.00612602030663442,-0.0374536664038582,0.343494542010155,0.0610163620028549,0.0155483520999149,0.0148947210809867,0.0328668155646001,0.00119771802030688,0.00379932916868981,0.00293501183986298,0.524886015420801
"NUMEX_BILL_MELTON_CA_2019","337","3","5","6",0.00227616395193435,0.0267881968542394,-0.0398139808440299,0.0160977429098317,-0.0721497660881216,-0.0974524239643593,4.62429526256611e-06,0.00637205051728163,-0.076854869620854,-0.0197514680245238,0.0291078445667902,0.354787103703544,0.00113281560621858,-0.0166509152017742,-0.0459932047372375,-0.137328979534283,-0.0457072870876813,-0.0130929692986972,-0.0184081969520814,0.0182744115261008,-0.00937043925654405,-0.00917378086346956,-0.0147541873335024,0.102567197561821
"NUMEX_BILL_MELTON_CA_2019","338","4","5","7",-0.00831800521837931,0.0238032334898141,-0.0417753382693936,0.0127163839291242,-0.0646659665443541,-0.0786396908665069,-0.00596210315218215,0.0100466783263964,-0.0726659941222921,-0.0100278897636483,0.0418734618691769,0.692375111805421,0.0117514726845571,-0.0114665730880734,-0.0197599443995165,0.148293422435119,0.0633194513388766,-0.00391214470279575,-0.00450707299492568,0.02601080628731,0.00370571665148509,-0.00598753019887717,-0.00539387628125828,0.324288907640276
"NUMEX_BILL_MELTON_CA_2019","339","4","5","8",-0.0135925714443168,0.0367376940283011,-0.0412178468449703,0.0117828777192859,-0.0608852287097267,-0.0754558622732724,0.000171709088560588,-0.0058270090809973,-0.0566024627906203,-0.0199261849561635,-0.0314531637531606,-0.524480823913201,-0.0268956369383846,-0.0308857713562907,0.000745619771064717,-0.846180499612151,-0.147699116184734,-0.0147810471005034,-0.01379485313939,-0.0153586223889848,0.000102492383313422,0.0072769570104012,0.0204343848780778,-0.0250143411828983
"AFX_149092","340","4","6","8",-0.0393851440311775,-0.0224260026309023,-0.0222471582090627,0.0126465803846038,-0.0671680532245542,-0.00750877452785921,0.00360184797134824,-0.0178950653567806,-0.0442795944319797,-0.0257138731781305,0.0186555954307093,-0.462735832114419,-0.0549713093259723,-0.0143811815271034,-0.0156158466825147,-0.20580192507746,-0.136868661019046,-0.0169565609716706,0.0277983775296862,0.0362942843009726,0.0238958732931846,-0.00497862709850265,-0.0144216448115194,0.285580361261652
"NM1713PAR","341","4","6","7",-0.0210292590020867,0.00223867396606012,-0.0426437972837213,-0.00325958524051886,-0.0765089812859775,-0.012088597005865,-0.00194090146160718,0.0172644924150468,-0.0558690820388588,0.0129976458986147,0.0639470985776083,0.434488788287106,-0.00204845759515425,0.00185236684935659,-0.0255303333080341,0.781997654349765,0.127466448943961,0.00490779405677597,0.0368074257405463,0.0761130006534368,0.0181473004028767,0.000301477582106408,-0.0261442917158565,0.681545935798461
"NUMEX_BILL_MELTON_FG2011","342","3","6","6",-0.017203786110944,-0.00123804353236441,-0.0386145666089917,0.00908877780182098,-0.0681638930174397,-0.043982534141013,-0.0060756812329002,0.00907204875874732,-0.072375520983762,-0.00202776261347074,0.0356081474645846,0.0792847125907533,0.00684204399902181,-0.0117194889998087,-0.0358273424467215,0.248851898017878,0.01920001086015,-0.011107913979313,-0.00521129058316475,-0.000294364426459028,0.00623112267049495,-0.0028164485888489,-0.0404175625649096,0.481708449668446
"SW_8888","343","3","6","5",-0.024709077500323,-0.000428866978934443,-0.048643933572897,0.0108699172390926,-0.0740125888348282,-0.0918651845140228,-0.000881399208928613,0.00507302847352557,-0.0799520626252237,-0.000676704508818572,0.0429281481268745,0.31134029618252,0.0197880138320126,-0.0111873065586143,-0.0291597877069319,0.143996820004926,0.0490784707687684,-0.0109248179609529,0.00384271141963484,0.0199150785708298,-0.00820943818704353,-0.0120168478268421,-0.027524649351239,0.179123592182235
"NM1705PAR","344","2","6","4",-0.028052907181575,0.0022743040428122,-0.0509234655688874,0.00209731747188179,-0.0797201911627365,-0.0822561184140139,-0.00271959356911003,-0.00059853712192588,-0.0921438360961702,-0.0210780995223487,0.00755267966611732,-0.635859999058131,-0.0234925346876367,-0.0238561904547,-0.0365864937960908,-0.301193782066822,-0.0748518513086575,-0.0125306472892104,-0.00608876994650494,0.00599374340647935,-0.0183285906851667,-0.0104827922618677,-0.00547280872908638,0.0376164084452182
"DONA_ANA","345","2","6","3",-0.0239723420890684,0.00229375815245904,-0.0556601548797276,-0.0189328787047915,-0.107002481563149,-0.100444995988247,-0.0115938315842722,-0.0351934863190883,-0.097778587303914,-0.0380791882071859,-0.00993629027657522,-0.687009562913896,-0.0206727917470269,-0.0412432250478762,-0.0517194684922466,-0.736321827656184,-0.0830518042818824,-0.0308108790659658,-0.0214302157601628,0.0181480467406001,-0.0281474954129355,-0.0218266273652222,-0.0226042718912425,-0.123097622462444
"AFX_149092","346","1","6","2",-0.0269783735469771,0.0016818607891386,-0.0596998564034338,-0.0226239607842351,-0.0998017505905104,-0.0863949184052161,-0.020186993822231,-0.0298881337778197,-0.0942956626629232,-0.0325743377998131,-0.00561717691724517,-0.386719526090736,-0.0166919126739393,-0.0394582932936968,-0.0231444209619211,-0.488131867945644,-0.0270694692952373,-0.0420482800527578,-0.0196997601588632,0.00712475822176025,-0.0144224397672023,-0.018527258655727,-0.0200292328035652,-0.0640366914787794
"DONA_ANA","347","1","6","1",-0.0224890853238808,0.0208138221667261,-0.0566749227236043,-0.018715156171741,-0.092834495856193,-0.0847545451605269,-0.010045419421164,-0.0305190606371791,-0.0759237530502754,-0.0350543137929633,-0.0494369080535635,-1.10606115671445,-0.0370942608742273,-0.0541771720871647,0.000265517591627524,-1.315507679599,-0.23759434795613,-0.0501310443165405,-0.0198642620777955,-0.021181810373969,-0.0191937336742394,-0.00820216784152997,0.0114536745898359,-0.36581570923875
"NM170506PAR","348","1","7","1",-0.0319483152104526,-0.0203255674860132,-0.0235327935597835,0.00558166366031951,-0.0517555937652779,-0.00948737332730813,-0.00292746637816456,-0.00307559528076912,-0.0412415633201444,-0.00923724679602591,0.0419295993922485,-0.154094639319058,-0.0392306472238327,-0.0062965153210636,-0.00307129380883154,0.157795115574065,-0.0587473141409195,-0.0111120233156407,0.0381851324456492,0.0483784578175912,0.0219301225358124,-0.00223926823582798,-0.000775327985914937,0.773938889987493
"NUMEX_BILL_MELTON_CA_2019","349","1","7","2",-0.0174777903613772,0.00115315736608321,-0.0374149354900148,-0.00142345508798188,-0.0611462302871917,-0.0100346263526219,-0.0093444940820675,0.0220976663583236,-0.0602770600051467,0.0222332197784904,0.0682331650085446,0.23818515148236,-0.0104544620396553,-0.00487991196236308,-0.0122787171203524,0.721781005057068,0.0944803431202283,-0.0114702936250252,0.0295310233402936,0.0639486293864968,0.00596322661144575,-0.0047133638531142,-0.021617009876672,0.802402952260773
"SW_8421S","350","2","7","3",-0.0160767095548476,-0.00925966487158516,-0.029231868194383,0.010626198694437,-0.058419363102034,-0.0163167350461382,-0.011160729655614,0.0124385624305133,-0.0775546930828808,0.00839794818006678,0.0262005103600822,-0.317722450078958,-0.0132520807911487,-0.0200459691514061,-0.0222205891452229,0.191059445189663,0.0183854050395127,-0.0295751210385822,-0.012745785993806,-0.00489096625892544,-0.00638947989239527,-0.00915128709474435,-0.0325188693900771,0.37774469216391
"NM1713PAR","351","2","7","4",-0.0198701331929785,-0.00639059001010725,-0.0360723839984522,0.0150288538331573,-0.0641913925852755,-0.0434139746609154,0.00836883540185216,0.0161169392544068,-0.0758023923484878,0.017682884520651,0.031156070642763,-0.161956276283584,-0.00644541210049479,-0.0194074411040731,-0.0188774761453709,-0.114731953969283,0.0045491878571655,-0.0508772617165975,-0.0398064595316773,-0.0412131374008937,-0.0235328204077852,-0.0202176422095075,-0.0267982801099527,-0.142552398204136
"SW_9720","352","3","7","5",-0.0226417710778189,-0.00305438488159047,-0.0366388311006596,0.0192534563363526,-0.0625467773056169,-0.0538462853113017,0.0137955659205717,0.0203778052102525,-0.0848087942697612,-0.000338585712925617,0.0235721800016039,-0.7486021438038,-0.0194069145013118,-0.0303613719481086,-0.0203746448146618,-0.474154965439318,-0.179961305564866,-0.0406633376273884,-0.0188788647811853,-0.0196459441221613,-0.0313168125152051,-0.0143909568485585,-0.00486808865282147,-0.2209846013333
"AMERISTAND_803T","353","3","7","6",-0.0202350963294038,0.00181647391719737,-0.0427533026057542,0.00341278653773392,-0.0869567953923358,-0.0721425154278202,0.00928726436629867,-0.00884946567222714,-0.0853940553149097,-0.00500754472258219,0.0175601490711465,-0.596909146784704,-0.0122324121672715,-0.0379793478301649,-0.0346832018318432,-0.576127073518147,-0.0931839428169516,-0.0441522895450606,-0.0296542564125317,0.00892530499556369,-0.0386880378232123,-0.0230455672856697,-0.0172930325297503,-0.15485453715973
"TMA_990","354","4","7","7",-0.0241311634741223,0.000779934632083703,-0.0490175631857864,-0.0023149425123451,-0.0784996515616864,-0.0588373053239498,0.0089307332011448,-0.0116357807998432,-0.0850202753818414,-0.00569650952497379,0.0124243865312948,-0.333041526247398,-0.0184586377606199,-0.0393555372896333,-0.00394653570219842,-0.421242691829492,-0.0594283985443686,-0.0545341183828363,-0.0264843507099882,-0.00151303071510812,-0.025787283268384,-0.0256965311104756,-0.0221192282314154,0.0287653043382017
"NUMEX_BILL_MELTON_FG2011","355","4","7","8",-0.0288995145243249,0.00932757646233764,-0.0463756460704383,-0.00380243765619069,-0.0732110966204759,-0.0456459396592766,0.0160435513934885,-0.0168050502093504,-0.0789613882357413,-0.0221401007658581,-0.0351088092950734,-1.05986940553761,-0.0348355683736558,-0.0578843312761647,0.00674812432864809,-1.24107073579295,-0.25780632444867,-0.0740538092061052,-0.0455763473379745,-0.03951578460523,-0.0349182876402907,-0.0209174339693905,0.00844108383394068,-0.441049668452807
"NUMEX_BILL_MELTON_CA_2019","356","4","8","8",-0.0318668731034318,-0.0268630652174288,-0.0229811398725915,0.017911009881236,-0.0475261893931244,-0.0239984180447928,0.0301008410869123,0.00598715444253991,-0.0332768012542742,0.00156602520378502,0.0490869208104991,0.0184617719271895,-0.0177612936593443,-0.00410814509918225,0.0081181204120838,0.403127578773049,-0.0420359235581272,-0.000214015021908412,0.0440893102008037,0.0746466689089579,0.0168385651456502,0.000462467838389193,0.0132561626538578,1.17654650182786
"NUMEX_BILL_MELTON_CA_2019","357","4","8","7",-0.0153338340879791,-0.00386648034528717,-0.0339722861280646,0.0238951683271956,-0.0544889878373197,-0.0170375489221129,0.0256115569461943,0.0336360960689289,-0.0546356961154654,0.0331986465189077,0.0786892449009325,0.47094299581381,-0.0064790921584267,-0.00633929487003298,-0.0030733038109316,0.969307027893553,0.0825758592212536,-0.0105278162579239,0.0224540555676123,0.0874922084770367,-0.00606656480490572,-0.00550660931319411,-0.0123868039447869,0.985566457567291
"NUMEX_BILL_MELTON_CA_2019","358","3","8","6",-0.0122662133922825,-0.0120673498166861,-0.0258135045450956,0.0318967256327181,-0.052209281105703,-0.00506966397563547,0.0134763016149022,0.0119060334489102,-0.0773905900487906,0.0129789036284966,0.0289424261865003,-0.0464689723869643,-0.0249262677184668,-0.0237263826933343,-0.0240962816367688,0.498207017270637,0.0771865986822831,-0.0163283473932578,0.00117855679588617,0.0209844813148797,-0.0130207070454726,-0.00443690940158013,-0.0187004120905693,0.635545325464434
"NUMEX_BILL_MELTON_CA_2019","359","3","8","5",-0.0208981618437681,-0.0128837489934199,-0.0363233249502043,0.02471947945626,-0.0647233636387808,-0.0298816828294791,0.0260796756696963,0.00695812014248252,-0.0787837512564107,0.0174936747198244,0.00766107983537669,-0.228693216160829,-0.0293790917538504,-0.0308920284671383,-0.0260989161319952,-0.206989704123486,-0.00464131767413321,-0.0478545379188169,-0.0261097395458623,-0.0170289591913738,-0.0237123322197525,-0.00730830158540715,-0.000876180301450552,0.119503724604559
"NUMEX_BILL_MELTON_CA_2019","360","2","8","4",-0.0381610380234037,-0.0210645051598065,-0.0421745407226901,0.0195064266550444,-0.0672859020121792,-0.0399004663422122,0.0263491899958438,-0.00408618199615915,-0.0956623564222185,-0.0108976677334666,-0.00435647726225347,-0.972459048675395,-0.0288937821340381,-0.0458891057064408,-0.0256590472414921,-0.719981746393194,-0.273955365647598,-0.0501546697097349,-0.0265443114092172,-0.0120856996940971,-0.040388682076236,-0.00723893706863793,0.00832897471318639,-0.164044364030815
"NUMEX_BILL_MELTON_CA_2019","361","2","8","3",-0.041040563024942,-0.0160073980898355,-0.0501489748978168,0.00552575147327793,-0.0950511106572059,-0.0298130538773604,0.0177470980141342,-0.0338093133746141,-0.0947363061650386,-0.0145447386375112,-0.0178256725223401,-0.815918346565645,-0.0248490464420198,-0.0500016223880951,-0.0339750885529943,-0.557811960784377,-0.124323451185066,-0.0548331779624101,-0.0381249103701807,-0.00124452347820839,-0.0477839951452633,-0.0153184068555957,-0.0027353468559716,-0.123107409575975
"NUMEX_BILL_MELTON_CA_2019","362","1","8","2",-0.0485631087994832,-0.0221152630918697,-0.0584848614649509,-0.00628414999184038,-0.0928900305498022,-0.00865650178979305,0.0105339936970445,-0.0376124638239258,-0.0981310328384341,-0.0197188560752748,-0.0384831779643371,-0.840878914708232,-0.0376039771171507,-0.0575168370705102,-0.0139365673593887,-0.543650663216622,-0.155498110208133,-0.06695481644643,-0.0210083045733342,0.00332700099477965,-0.0367502409310004,-0.0222512395436483,-0.0167506951429146,-0.0090259135698979
"NUMEX_BILL_MELTON_CA_2019","363","1","8","1",-0.0460899428643539,-0.0125681713847943,-0.0552992021994431,-0.0111809583496916,-0.0840203710901784,0.00711691337195258,0.0184954802722381,-0.034099469998761,-0.0864304852204554,-0.026366845515413,-0.0631237095792427,-1.35894750143308,-0.0385063312405301,-0.0632767105390272,0.00511886309566756,-1.18430535559279,-0.306579638556633,-0.0730819782213187,-0.0347697599742503,-0.0151883504360262,-0.0483041399786471,-0.0240637469121858,0.0093598203842524,-0.382684334439974
"SW_9720","364","1","9","1",-0.0389487479206745,-0.0286357752896824,-0.0381457330317949,0.0082686511767327,-0.0836373993268829,-0.0533817126198663,0.0120527765305934,-0.00901148402111229,-0.0468957905694218,-0.00649029352163574,0.0238705632727568,0.0454482170536909,-0.0119266983127955,-0.00726655358561912,-0.00259561661867708,0.160936553874034,-0.0587579684108075,-0.00425619742819103,0.0277329861660847,0.0570854853581344,-0.0075125515337569,-0.00891180147183479,0.00591001301156271,0.975052282016064
"NUMEX_BILL_MELTON_FG2011","365","1","9","2",-0.0207309884948029,-0.00460771941682736,-0.0516524917569939,0.0169518479380569,-0.0915947781513034,-0.0487890837606407,0.0062820440054986,0.0156817323503455,-0.06234455792677,0.0246165047663098,0.0545356233057106,0.435808736867858,0.0106577519230012,-0.00260517323272063,-0.0230433364533696,0.807894865581208,0.0404859884035338,-0.0130848343704393,0.018711544826822,0.0706733539965703,-0.030058512723416,-0.0118274277136194,-0.0130142676207766,0.881287407391352
"NM1702PAR","366","2","9","3",-0.0242434299406053,-0.0158703430260827,-0.0410980533362749,0.0304028451178869,-0.0824394448133801,-0.0438777300778945,0.00158968736355953,0.00151993079558641,-0.0796121816231712,0.00421021749516118,0.00299614775809334,-0.159638246858791,-0.0167865993670936,-0.0104143275367922,-0.0291657880469016,0.516569059286509,0.0226495628185843,-0.0160235044177346,0.00447131562601906,0.0197052451033068,-0.033588577415974,-0.0079882463988688,-0.0153391967373714,0.744097901197458
"AFX_779","367","2","9","4",-0.032736518647858,-0.020894664223315,-0.0480945174923122,0.0205391450416445,-0.0923064079427965,-0.0694875864800409,0.0161525502398795,-0.00709331377271094,-0.086240041788284,-0.00260852851442555,-0.029911320912253,-0.504946093530579,-0.0317442235109894,-0.0251233475877741,-0.0401972597900085,-0.311779472081802,-0.0571338271014671,-0.0444961141909918,-0.0278463055266927,-0.0308326866152816,-0.0449757363576658,-0.0118095798146684,-0.0107129734523282,0.138022696548322
"NM1712PAR","368","3","9","5",-0.0425216190315059,-0.0235328114503295,-0.0536631951430494,0.0175141616507976,-0.0916430241381857,-0.0817362287908759,0.021040371287811,-0.00755604076250882,-0.0986498749355158,-0.0227339051376632,-0.0331383662888333,-0.840203511607212,-0.0333132598756108,-0.0398575533674975,-0.0450993807862445,-0.536828945800562,-0.273433439506124,-0.0524573043801799,-0.0401486889432639,-0.046438303724464,-0.0616011295114449,-0.0142316353907043,-0.0122893693247467,-0.139701118339402
"NUMEX_BILL_MELTON_FG2012","369","3","9","6",-0.0398398482091685,-0.0126964363192478,-0.0611025056590283,0.010843061792054,-0.110319095866456,-0.0381052672460461,0.0138768390295492,-0.00954121270103169,-0.083021316204823,-0.00923994709401437,-0.01860227310987,-0.49884858995029,-0.0188321345326198,-0.0289205200745067,-0.0411779797134335,-0.0242314669435582,-0.0640140666285085,-0.0399432458864968,-0.0221086999822689,-0.00946836501489521,-0.0584166198414149,-0.0161498021196457,-0.00972219286496128,-0.0050223055432083
"SW_8888","370","4","9","7",-0.0422807073500061,-0.0191059028041462,-0.0722731711991376,-0.00540837988020714,-0.115797522953613,-0.00753557248523584,0.000357567536181312,-0.0234686906619287,-0.0880887631481714,-0.0169030620861952,-0.0302934659703314,-0.490901019903473,-0.0169667780906718,-0.0399828761533836,-0.037156708242092,-0.102523450587413,-0.178807048992732,-0.0466513651029302,-0.0126942749823409,-0.00752086949422589,-0.0467217094455174,-0.019641624522296,-0.017491124255823,0.121931441420279
"SW_8421S","371","4","9","8",-0.0523501678661535,-0.0209739539571845,-0.0706623004970511,-0.014409682840394,-0.108474117652892,0.0165157829134658,0.000914522720310972,-0.0429889910784036,-0.0789189357696537,-0.0325235747844633,-0.0531280833723535,-0.976967765365341,-0.0331222805720301,-0.0568229759601832,-0.0230795453618567,-0.914210343088672,-0.32196508340833,-0.051202876517028,-0.0319870253698428,-0.0157889229546199,-0.0603733664953952,-0.0243658293723494,0.00112391108945669,-0.327005000032658
"SW_9813","372","4","10","8",-0.0223622318197451,-0.0027493178146779,-0.0306253184236326,0.0161741341904855,-0.0576863612282427,-0.074589428378335,0.00557024652798574,0.00392078011328584,-0.0314265861557377,0.00321174816110017,0.0425763347127142,0.475807253661108,0.00668721801264055,0.0022251389042019,6.14039620568571e-05,0.425772850901259,-0.0112759272916253,0.00815013232562075,0.0359652756528311,0.0609798472893657,-0.0200055408542219,0.00324008988477786,0.00671498092512356,1.08799045991982
"NM1703PAR","373","4","10","7",-0.00781626700526573,0.0163080752899003,-0.0498684003695919,0.0206728830857518,-0.0679896358005727,-0.0602666850370018,-0.0068058754345598,0.0261514221466475,-0.0441813751099088,0.0305200337429393,0.0663973538942113,0.927518695290417,0.0294189791343791,0.00554841652555204,-0.0357117348548967,1.06620921932524,0.0704135023274508,-0.00564437961201096,0.0283008668458904,0.0770151552381626,-0.0431924699156463,0.0015836485999469,-0.0195140525817222,1.00262515312092
"MESQUITE","374","3","10","6",-0.00866836257957228,0.00584873134134229,-0.0372563329623651,0.0407526794937149,-0.0516332911013686,-0.046971381137782,-0.00329680561470853,0.0303743445558782,-0.0541715153878425,0.0169179479863159,0.0243432951001466,0.58783389595563,0.00390953330736459,0.00126123722988494,-0.0335605648471894,0.976910837211543,0.0420421927275312,-0.00777954157145806,0.0207358375387388,0.0316442152908694,-0.042584958211401,0.00881986591143794,-0.0197305677798769,1.07635379804078
"TMA_990","375","3","10","5",-0.0182369457080493,-0.00200372186132467,-0.0378785698565659,0.0408853462809264,-0.0519252832216185,-0.0591151232970645,0.0173439017595774,0.0224749136097604,-0.0610861405489307,0.00924555868157374,-0.0152827786440255,-0.0336093018628058,-0.0195051534297598,-0.0102944365743148,-0.040176713010079,0.188621054512281,-0.0375122573847549,-0.0407746010923659,-0.0163330988771303,-0.00942012420067402,-0.0522396956804412,0.0075582520597597,-0.0186760424727249,0.361130670531701
"TMA_990","376","2","10","4",-0.0289308173483933,-0.00196786009953889,-0.0414531510970827,0.038721990284608,-0.0472946533439795,-0.0466306423756145,0.0248745810499197,0.0151345041961502,-0.0703655799992034,-0.00923030444707414,-0.0357648362677816,-0.396942694691525,-0.0203166095244883,-0.0280809153944705,-0.0487628888681463,0.0507529397165751,-0.257140876683613,-0.0598087276754549,-0.038003323812048,-0.051482997611193,-0.0639944033774457,0.00701669883137202,-0.0231858072671089,0.0520418236735151
"NM1704PAR","377","2","10","3",-0.0172178111231371,0.0107018540525886,-0.0472974902269118,0.0361963310087151,-0.0669909476113213,0.0142567146108496,0.0222937615781808,0.0314287744429981,-0.0421573056511007,0.0186145085352927,0.00306489002190757,0.158048030769315,0.00108100989577499,-0.00827980121525701,-0.0347321584189956,0.814346544996985,0.00521829286673429,-0.0314270839447042,0.00462299473551719,0.0038089891090266,-0.0572655666311855,0.00876856931166671,-0.0127864621521742,0.414123862979373
"NUMEX_BILL_MELTON_FG2012","378","1","10","2",-0.0133110731175883,0.00546802827962723,-0.0568816342609553,0.0181509865824999,-0.0780391856447633,0.0433158317850714,0.0118160014231822,0.00702726804745871,-0.0529489063021779,0.0112619167607968,0.0031175482639749,0.196145329055924,0.0109911849823109,-0.0200585997845054,-0.0391806105597956,0.666256509906443,-0.120121663963106,-0.0331030144761689,0.017727796549508,0.0113629094904492,-0.0522706056139776,0.00534125222923135,-0.0195263152910351,0.422178597893934
"AMERISTAND_803T","379","1","10","1",-0.0358497677020807,-0.0110328236893868,-0.0587171186458448,0.00505945296205208,-0.0792363573107051,0.0535127662807222,0.0125363627643376,-0.0250397457428626,-0.0461135033669135,-0.0172502013026971,-0.0370322965978169,-0.407783169261531,-0.0233408401799603,-0.0452401815733715,-0.0268859251064245,-0.41059365244336,-0.254620016759229,-0.0497253750347695,-0.0227657409774513,-0.0166496241860505,-0.0626649534811201,0.00241393584187718,0.00674977877384218,-0.0244733869473033
"NUMEX_BILL_MELTON_CA_2019","380","1","11","1",-0.00212311188482919,0.0155619779549422,-0.0394839615206111,-0.0034956887051901,-0.0526537712638107,-0.0521866572796048,0.00106046844898214,0.0121851341176487,-0.014555884446969,0.0143954943393727,0.0624326719030352,0.536545805678376,0.030022051712006,0.00567332071261386,0.0113590065049058,0.524925008997962,0.0657677049943455,0.0384127208701186,0.0539052850342411,0.0831086964412762,-0.0253822011017703,0.0046406312193242,0.00319712268297606,1.13477146882497
"NUMEX_BILL_MELTON_CA_2019","381","1","11","2",-0.00511012493914394,0.0179648786630595,-0.0708112864231595,-0.0188561705463843,-0.0752669106126502,-0.0436245145897717,-0.0127109333206851,0.00786471397620544,-0.0386325061351094,0.0148247946059839,0.0616871623846558,0.647660518438374,0.0464112957553423,0.00140869670180758,-0.03137589154948,0.920786305634139,0.100354965256289,0.011749133948131,0.0346894131911852,0.0788245127622856,-0.0497915259950051,0.00221382371170979,-0.0253087051307796,0.672277364517761
"NUMEX_BILL_MELTON_CA_2019","382","2","11","3",-0.00583878565111399,0.00684103023459676,-0.0584112183432315,0.000762261730692203,-0.0614679091652618,-0.0436337572582797,-0.00442092379206897,0.0150282447621692,-0.0498928110567506,0.00406909978308915,0.0175941828496091,0.512757431350892,0.0174692256224521,-0.00898004817568978,-0.0350278724889786,0.839069284709977,-0.00136281309566662,-0.00821077725485732,0.0198992559677398,0.0205839765314462,-0.04952741507594,0.00958770391429783,-0.0195391720278286,0.679284364335266
"NUMEX_BILL_MELTON_CA_2019","383","2","11","4",-0.031442280772229,-0.00940440864659093,-0.0548347370035592,0.00574363353591946,-0.0616860305918477,-0.0580379622097616,0.0155000562711678,-0.00958303858644242,-0.068740605644198,-0.00972034198025851,-0.0397838084461593,-0.552888079490939,-0.0302261640127581,-0.0243767862961661,-0.0429123281813764,-0.13144285321549,-0.135141625323112,-0.0548389511048705,-0.0184331228371248,-0.0323211596043936,-0.0625358832389884,0.0107542561398264,-0.0156494260153662,-0.0254125527446576
"NUMEX_BILL_MELTON_CA_2019","384","3","11","5",-0.0416180148469343,-0.00674275602386277,-0.0540365493617615,0.00553245870652729,-0.0615212060067511,-0.0382756538496756,0.0128967520067897,-0.0104959655861953,-0.0785235798130277,-0.0233327276764805,-0.0525112602830738,-0.794945782843468,-0.0333936158809001,-0.0360700868424797,-0.0451757626972775,-0.00837339560951379,-0.26684602940972,-0.0685848538909116,-0.0442892946980094,-0.0682491948942316,-0.0751790624092328,0.00920012258926742,-0.0311631554876837,-0.139071260610958
"NUMEX_BILL_MELTON_CA_2019","385","3","11","6",-0.0277191806674368,0.00354366929663673,-0.0524052639422326,0.0109546170353437,-0.0826921780282581,0.0167579649296755,0.00981113068884331,0.0256187384171243,-0.0449685778387005,0.00589167998941505,-0.0155525575610327,-0.234136051036089,-0.0115998827154452,-0.0141691607158079,-0.0322282134261935,0.901490324452299,0.0203143627532333,-0.0358843863797714,-0.0175907727229105,-0.0233018768851787,-0.0701763950195613,0.00920064987796746,-0.0277766355342847,0.211897262875918
"NUMEX_BILL_MELTON_CA_2019","386","4","11","7",-0.0108162111800472,-0.00337644203284529,-0.0518236499170691,0.0169545308144966,-0.0852617365363546,0.0338113972299207,0.0103889860201394,0.00404098161937112,-0.0541037806004453,0.00504620655143696,-0.0229916802445889,-0.239645391373368,-0.0159391486158717,-0.0316964768164451,-0.0408543800681103,0.716323222950731,-0.0872746709521856,-0.0307183164362448,-0.000909111206352491,0.00423121070219954,-0.0694759782372559,0.00513002354657335,-0.0264751749007949,0.305912724600138
"NUMEX_BILL_MELTON_CA_2019","387","4","11","8",-0.0240474795077187,-0.022883883045887,-0.0497007913586435,0.0182686461632818,-0.0846678498783635,0.0250356977965376,0.0171930555962604,-0.0164676749630014,-0.0429522455900222,-0.00969154070996224,-0.0496922246940524,-0.793758279086025,-0.027761103607842,-0.0498134407156326,-0.0188109983170899,-0.350851516254061,-0.268854057498781,-0.0357383474185893,-0.0150876360724536,0.00037578331456282,-0.0777219328050498,0.00219676490799342,0.00282579150262625,-0.0103472853993466
"NUMEX_BILL_MELTON_FG2012","388","4","12","8",0.0217136976282146,0.0359783283652666,-0.0361731053369261,-0.0258601189448341,-0.0676542365377524,-0.0454351988892792,-0.00265387040737978,0.0256444533937937,-0.00755075624281719,0.0247524822297788,0.0790638306764865,0.745941405352073,0.0444873045109764,-0.00140509688629734,0.0136256535503048,0.688312825754031,0.12950282080642,0.00787557441292828,0.0335341265408219,0.0749321739582104,-0.0304462806797919,0.00780976565646148,0.0122275514548943,0.851445024676312
"NM170506PAR","389","4","12","7",0.00742635662516345,0.0307792165241735,-0.071711868206839,-0.0428395425479191,-0.0839793561540757,-0.0468585073639058,-0.0178691653448871,0.015978679420441,-0.0281924233678498,0.0201113610104748,0.0824928494186141,0.748728051560336,0.0582593608747581,-0.00508913286634093,-0.0155891293235605,0.86537659517659,0.140775165723511,-0.0193980124999895,0.00608580219539467,0.0495053754104078,-0.0554542494859357,0.00400574865037368,-0.0146514886895324,0.39492372577461
"NM170506PAR","390","3","12","6",-0.00983024120065589,0.0146925494157476,-0.0620518440008774,-0.032174615532658,-0.0770871308269161,-0.0485322219235493,-0.00705648665733035,0.0131457842191838,-0.0431455719510982,0.00865936387386382,0.0476045999127434,0.703223763259643,0.0356038459615626,-0.0191766684188215,-0.0160373252396602,0.820076022482568,-0.00229831214683981,-0.0333611732316201,-0.0114887506413148,0.000157206644503778,-0.0585803027389213,0.00536169717308539,-0.0198818512561285,0.349922857050306
"NM1702PAR","391","3","12","5",-0.0333601731529699,0.000946890209222751,-0.0572000194461053,-0.0276609420062973,-0.0686995171192744,-0.0476519676637872,0.0155590445598282,0.000983405569427182,-0.0550096773612773,-0.00395395248933082,-0.00899093120692972,-0.17126128800307,-0.0170786648347943,-0.0315129902665744,-0.0211041510921425,0.00210607791927716,-0.132497103306409,-0.0675733640113341,-0.0378073344429968,-0.0446322703526734,-0.0722378649669259,0.00456362965012346,-0.0272008088093725,-0.236583415221547
"AMERISTAND_803T","392","2","12","4",-0.0397370073987852,0.00557947856005465,-0.055165866308822,-0.0213584240413496,-0.0690836802120198,-0.0269368103823235,0.0135416684641995,0.00463235843118505,-0.0594661457590949,-0.0122960763936829,-0.0142930766160634,-0.330483974224655,-0.0093220211460287,-0.0402506253522317,-0.0172114255369761,0.132969633104075,-0.257698415067453,-0.0561028545530911,-0.031223194393845,-0.0502666007938286,-0.0776253783274565,0.00590283488847804,-0.0269521318789511,-0.217006125351811
"NM1701PAR","393","2","12","3",-0.0304590010159699,0.00653361310089646,-0.0537010548352626,-0.0156211151676706,-0.097655298222841,0.0283231300984621,0.0161843470511832,0.013796572090838,-0.0344512385150239,0.0108976952456443,0.0191947703366555,0.0873395611141983,0.0140644602963994,-0.0191572001970775,0.00356421265572163,0.910429190336003,0.0173244372447601,-0.0237605101363027,-0.00987809925487417,0.00141140433522685,-0.0720211412856009,0.00711233551512523,-0.0195278747111221,0.21795366712888
"NM1705PAR","394","1","12","2",-0.00748855633439529,-0.0112947796842092,-0.0504129491807655,-0.00193931565923582,-0.102435461480266,0.034907920508867,0.0238732107276366,-0.00697471316112328,-0.0551351676298959,0.00198946850921077,-0.0199341529915355,-0.301169879236988,-0.0284686982830208,-0.0464081975823942,-0.0137583433954489,0.667195852188055,-0.11325202536176,-0.0474404108526872,-0.0234048040244966,-0.00963100021395271,-0.075967735027044,0.00437365992673718,-0.0115761194978256,0.266790243470744
"NM1713PAR","395","1","12","1",-0.0215949668743603,-0.0394576770530274,-0.0481964882588153,0.00709004238291147,-0.104147158854833,0.0184209668639883,0.0287793865098188,-0.0404268699531954,-0.0556406395157594,-0.0237111131053705,-0.0605158454865562,-1.05985512302634,-0.0479317732535698,-0.0696384147968434,-0.0103758177536084,-0.527138191363666,-0.301728549875005,-0.038904477544499,-0.023699036838605,-0.00174903771616674,-0.0822101108476676,0.00547903226314167,0.0158066822700108,0.129683239509141
"NM1712PAR","396","1","13","1",0.0260720693067969,0.0359378240727599,-0.0204028363548077,-0.0264393048863341,-0.0506962532693352,-0.0252212786669626,0.000920444024201214,0.0361541145014195,-0.0100884877202336,0.0343747579977166,0.0683618058563664,0.729577329817602,0.0464969410352917,-0.00566204973577383,0.023749119480602,0.960811207991072,0.140116806523829,-0.0204412002143568,-0.000940839164965786,0.0474595409939134,-0.0367357201677803,-0.0102724276790464,-0.00998070514345539,0.365690600928278
"SW_9812","397","1","13","2",0.0108284474460458,0.0295403233666838,-0.056722712811908,-0.0431265044614884,-0.0590067232919039,-0.00840105307611995,-0.0135556510823854,0.0248907219183022,-0.0318060323170916,0.0231595987763658,0.0712456661167633,0.61060812385294,0.0559784992228802,-0.0134463481442854,0.0108337658057869,0.773716208463523,0.121475568677489,-0.0300616264095235,-0.00555096211734062,0.0458002735792974,-0.0560779867904451,-0.0123016091214251,-0.025097565010122,-0.0123341832845052
"SW_1011","398","2","13","3",-0.0134205675290386,0.0116341019068178,-0.0475770815766691,-0.0346162585665789,-0.0596605119261899,-0.0028247639271389,-0.00981305169391686,0.00727774294668359,-0.0517742986764702,0.00717664639508819,0.0528862232553206,0.64462280518115,0.0322543453044544,-0.0298980578536725,0.0114559280809288,0.714596753087204,0.0148866104110934,-0.0389977760521872,-0.0262321964245479,-0.0100986690397797,-0.0621829735532121,-0.0138169531184119,-0.0314449301350844,0.0336556941990691
"SW_9813","399","2","13","4",-0.0309091154514214,0.00490383380301798,-0.0421089678116163,-0.0304319555707191,-0.048535646897789,-0.00802847473118296,0.0163737237393975,0.010194299474309,-0.0544409938560157,0.00551527680986437,0.00934100562459248,0.0240921200028239,-0.00926345456326886,-0.0335486745607652,0.0120045747646671,0.0840962907692228,-0.0887958228458105,-0.0536748267921791,-0.0294901047762023,-0.0269343096693364,-0.070764162441131,-0.0100394598164734,-0.0331084628495434,-0.261857211268223
"AFX_779","400","3","13","5",-0.0399763752323801,0.00660821594190422,-0.0410577599145158,-0.0253567894903782,-0.0510435825072228,0.00355370652871805,0.0152327810827678,0.0156514758743853,-0.0507839831550108,0.00278368698303822,0.0086913091641429,-0.137756798452607,0.00277425254950373,-0.0396542188961651,0.0122461930966313,0.0964253917036202,-0.215554774457065,-0.041350146407692,-0.0222714502739283,-0.0152690739015628,-0.0715932906124769,-0.00693879614998853,-0.0253124308649015,-0.176701192049213
"SW_8421S","401","3","13","6",-0.0288274668693295,0.0039671525181681,-0.043058983299028,-0.0231170372443288,-0.0886465300916914,0.0558070004358901,0.017907199550183,0.0190289734701928,-0.0340546701588205,0.0204577788382233,0.0374500912831494,0.338741515471729,0.0273297784738182,-0.027526040547256,0.0324750157598865,0.794743551735884,0.0552453178776365,-0.0204494541491457,-0.0124754989607315,0.0101143040167552,-0.0684525420366605,-0.0070374371300643,-0.0235758737015957,0.237741669454115
"DONA_ANA","402","4","13","7",0.00258678574311781,-0.00880527653146151,-0.0357973700998461,-0.0040673252396666,-0.0905503419192605,0.0650864801131513,0.0327308023233903,0.00792694088491538,-0.0554926877970721,0.0123965378116879,-0.00892014193305782,-0.125826894077047,-0.0208807090869453,-0.0507099399054497,0.0192710527957599,0.72337997154492,-0.056474584553162,-0.0563516419604944,-0.0311935313666765,-0.00918661172182448,-0.0745423492021038,-0.00801199545463276,-0.00762578363401189,0.083130109850465
"SW_9812","403","4","13","8",-0.00865663177635518,-0.0364887480212808,-0.0324109529085827,0.0176779080243895,-0.0907317093380498,0.0485815596587046,0.0453209112313788,-0.0207831925753682,-0.0542726102718877,-0.00555103774916531,-0.0481683398562434,-0.732999971918266,-0.0395893771128527,-0.0710793184358854,0.0218665723586755,-0.243398925576417,-0.244744831823018,-0.0425427480256597,-0.0213585330921615,-0.000157710961753423,-0.0773667529991314,-0.00120146966929179,0.0258704801651962,0.0592425571188513
"NUMEX_BILL_MELTON_CA_2019","404","4","14","8",0.0251619815475795,0.0142247884938464,-0.0311793673279929,-0.0297781578696563,-0.0707457145393836,-0.0121998929279272,-0.00114579352670368,0.0290803943979527,-0.00157909577591662,0.0280186181941388,0.0696983478552811,0.836622896053055,0.0485976608041536,-0.00690143661703415,0.0162665889727742,0.864952105699177,0.140461720296858,-0.00572035655687248,0.00259967582787239,0.0583080442042186,-0.0459395401243566,-0.0298798917036419,-0.0315174815182082,0.239910375007818
"NUMEX_BILL_MELTON_CA_2019","405","4","14","7",0.00275832427991221,0.0019138718100798,-0.0696477479861865,-0.0473750865452779,-0.0763403756429082,-0.00436073306243305,-0.0205764384913935,0.0093376299825085,-0.0380620883779924,0.00454647225982906,0.0407716185893378,0.438891898941848,0.0375723441821054,-0.0324215162444704,0.00103917369364998,0.442087588154492,0.0817404332224674,-0.0284061365630396,-0.0182214735315095,0.0326593742114496,-0.0659903223359381,-0.0327933973164396,-0.0403983077967035,-0.180193591713415
"NUMEX_BILL_MELTON_CA_2019","406","3","14","6",-0.0266305412658973,-0.00912643040040804,-0.0602551966176024,-0.0463498337191812,-0.0764883409407652,0.00236676549196843,-0.0262420214961087,-0.0196522154162071,-0.0620421439445317,-0.0138651709125819,0.0394538673244346,0.551378994208812,0.0205616596487078,-0.0477091391491113,-0.000942811837355226,0.256198813127925,0.0128356104590853,-0.0468743357092644,-0.038954947343631,-0.0214464025781851,-0.0758128045028472,-0.034465415094621,-0.0464848706514653,-0.325035263673004
"NUMEX_BILL_MELTON_CA_2019","407","3","14","5",-0.0433749336521356,-0.0107336397606007,-0.0536380269950469,-0.0455360723794292,-0.0621698333448795,-0.0146952067368599,-0.00136230421544715,-0.0152087220904711,-0.056185114255843,-0.00714038391616879,0.000581666762442697,0.0452322152625746,-0.00969475016697376,-0.0410153784859091,0.00479359431931329,-0.091473806569792,-0.0621401866355173,-0.0576557505147766,-0.0445204260164076,-0.0406339665597347,-0.0776615443436152,-0.0242184170128476,-0.0375813530203374,-0.314116903947213
"NUMEX_BILL_MELTON_CA_2019","408","2","14","4",-0.0466026183452878,-0.00317649967790979,-0.050149405061329,-0.0391925281377104,-0.0589075642047458,-0.0112779103267671,-0.00187320227813701,0.000365545832680738,-0.0397191929314687,0.00127906661159999,0.0165229222307072,0.0914729841816663,0.0216252551529247,-0.0377891568188607,0.00678475481303453,-0.048666009381491,-0.087235303392531,-0.0250950121117836,-0.0137618394854954,0.00589714504102397,-0.0789417897762044,-0.0221908943195681,-0.0363709017590614,-0.0874420145413421
"NUMEX_BILL_MELTON_CA_2019","409","2","14","3",-0.0454996953288044,-0.0124062051841206,-0.0583742584016663,-0.0459109266377472,-0.098935983935486,0.0257814626232656,-0.0046556456613176,-0.0125269707267895,-0.0430076635679876,-0.00177651860754145,0.0147742183674165,0.282188388506307,0.0204049604663973,-0.0533460268305181,0.0160319041089437,0.248226639187788,0.0659586378168698,-0.0293899412831496,-0.0330712169183779,-0.0141004394539759,-0.0836533050701285,-0.0256855490524725,-0.0406498564698233,-0.0920531064874257
"NUMEX_BILL_MELTON_CA_2019","410","1","14","2",-0.00860294496717151,-0.0140232658151937,-0.0495761016446963,-0.0231343635565659,-0.0949969412915616,0.00884887916799488,0.0132748893506624,-0.00488688322061438,-0.0570418924928583,-0.00807701388079547,-0.031894317769857,-0.322013401142548,-0.0333035369515035,-0.0723298836502256,0.0033143727625564,0.172660858953354,-0.00123987199190522,-0.0696071515371898,-0.0581176230977026,-0.0504253400771103,-0.0891721527174496,-0.0253945242307633,-0.0160954614834255,-0.278279712529362
"NUMEX_BILL_MELTON_CA_2019","411","1","14","1",-0.0133747406248857,-0.0371215446073763,-0.0464257261684565,-0.00720592213957478,-0.0937478227708408,-0.0143917482577095,0.0270896520950166,-0.0220222151514541,-0.0474632276331339,-0.0121581775620549,-0.05315925240412,-0.718662497599273,-0.0271664846762858,-0.0752912095988995,0.0150494146401151,-0.455084081089081,-0.198559733614827,-0.0231102179593751,-0.0181567338576502,-0.00393218982777391,-0.0860167172341429,-0.0158887075492201,0.0101093313118413,-0.222461649796992
"NM1715PAR","412","1","15","1",0.0370315022542057,0.00703224590598655,-0.0358994488498686,-0.0277874450929679,-0.0899108086044385,-0.0111379035081204,-0.00331593570563939,0.0154416220421766,0.00609331129241474,0.0197500984123123,0.0450448709481945,0.486903340408448,0.044262885155854,-0.0165542935360268,0.0066591012919272,0.61216238751339,0.0953501256060132,-0.0163796034906828,-0.00542857359198391,0.0325749958665113,-0.0402616826194564,-0.0204274418314703,-0.016159884444654,0.137501508293086
"NM1701PAR","413","1","15","2",0.0250346628688913,0.00169395555324602,-0.0743423059235307,-0.0445525440336689,-0.0774116089333187,-0.00827855928477806,-0.022898364884409,0.00140119201629865,-0.0231042215345905,0.00126889542078672,0.0220768641117148,0.131232564888257,0.0354732884671856,-0.0373028572322582,-0.00961841958448326,0.245970472933516,0.0643055541019952,-0.0292427122641256,-0.0188354150296595,0.0258982104198514,-0.0608954336391323,-0.0273266439866356,-0.0244221207525505,-0.266588235574372
"MESQUITE","414","2","15","3",-0.00390984202416974,-0.00750269028493169,-0.0666194675248022,-0.0537141849106889,-0.0710025039894899,0.00813800059502492,-0.0285823403139891,-0.0253281274421613,-0.0407358992174114,-0.0263987975686042,0.0277412128909203,0.381920580359654,0.0255799335175242,-0.044423767088299,-0.00984699427089122,-0.00629940963475611,0.00942243633597614,-0.0390388049118387,-0.0374873977366982,-0.0269679207484509,-0.0691708950904173,-0.0305541540668819,-0.0386488760711545,-0.383868413026123
"SW_8888","415","2","15","4",-0.00644670052950027,0.00297740543764937,-0.0564880914958234,-0.0430353652001873,-0.0452478454025343,-0.00576453404190257,-0.00608547861066028,-0.00180953035620357,-0.0183780857837138,0.000455609616749359,0.0229856156379766,0.110920111133007,0.0256554119784595,-0.0263547824495924,0.00348118594571356,0.0809558419246426,-0.0359352781193186,-0.0285005508955773,-0.00159619220847655,0.0107095642541225,-0.0627415976662023,-0.017512188276544,-0.0332790780959611,-0.113594513394284
"NM1703PAR","416","3","15","5",0.00134556976593167,0.0133683732417793,-0.0493755999258855,-0.0424179513140498,-0.0401065924064805,-0.0062820276192207,-0.00480914020158592,-0.00081313591361267,-0.00706113563336899,0.00838128041000208,0.0325416634379701,0.338611984122206,0.0310257305407728,-0.0219476310695073,0.00652814175821525,0.129034367086992,0.0341381872743016,-0.00652349145521679,0.0113697775725436,0.0149690148166014,-0.062653289905702,-0.0130764753558557,-0.0278276897970878,0.152887701682992
"SW_9812","417","3","15","6",-0.00859778204536224,0.0049739953686159,-0.0584553042805913,-0.0515025269788091,-0.0680359773265086,0.0100045742484626,-0.00791614825711714,-0.0173639730115916,-0.0186866773088414,0.00292063338568984,0.0395718474110232,0.792150213181963,0.0512646220748662,-0.042053848346825,0.0152730889833571,0.423891231878076,0.16883513723861,-0.00238192806517193,-0.00644769383647177,0.000205086907243894,-0.068431804459703,-0.0200325159013505,-0.0367408817068783,0.0179261002390566
"SW_1011","418","4","15","7",0.00684451999152209,0.007753342275291,-0.0481833186511306,-0.028112766310571,-0.0597168409028019,-0.0116673188313504,0.00582783309741525,0.002030855833227,-0.0205062653542669,-0.00666640747607861,-0.0145535349452281,-0.0690257145264712,0.00300009164353844,-0.0551679111741277,-0.00446452627150278,0.101049303814536,0.0242029289422877,-0.0386758905924102,-0.0353593577788608,-0.0340986578499726,-0.0732423689077753,-0.0214979936241997,-0.023796378706543,-0.161137234739932
"NM1705PAR","419","4","15","8",-0.00562861893669548,-0.015678700595629,-0.0464860494372527,-0.0268802292586859,-0.0662239304728053,-0.0189397135615596,0.0148154597671805,-0.00642471334232943,-0.0100817462365023,-0.00620028495133213,-0.0351305572970979,-0.30826254336864,0.0114329546729893,-0.0533281072010871,-5.63914048963933e-05,-0.459709510463709,-0.0996063596827264,0.0140682778038245,-0.0042501693740994,0.00364759451802453,-0.0651658331954835,-0.00935171045251141,-0.00101382911132715,-0.169704968836866
"MESQUITE","420","4","16","8",0.0397640744941354,0.00125865185394142,-0.0207016919957642,0.000926316545558306,-0.0545165809062866,0.0137928658763396,0.0170889275489705,0.0167524180157504,0.0390139716231839,0.0165466490081426,0.0189370605810037,0.23495554991985,0.0353138550645999,-0.0263657261755268,-0.012974384996158,0.206621538469938,0.048253020504649,-0.0255559651797258,-0.0218367855876931,-0.00819161266022614,-0.0257080999079652,-0.012114601606423,-0.021241649603054,-0.2397731025302
"NM1715PAR","421","4","16","7",0.041086633388366,8.21966228292897e-05,-0.0597242600995585,-0.016918958568847,-0.0354384473151723,0.00943054091202124,0.00124959073740323,0.0105488209500579,0.0163618541033141,0.00699530092283278,-0.00218204860375112,-0.141688740182337,0.0361327338719225,-0.0476870817035904,-0.020779239575346,-0.0651640149762806,0.0138744474817637,-0.0313197210765103,-0.0256119564239456,-0.00044781194855962,-0.0382056708751802,-0.0153518253559278,-0.0106900664420209,-0.440255476095139
"NM1704PAR","422","3","16","6",0.015807789476908,-0.00664208227714315,-0.0553752138412043,-0.0312575765032714,-0.0217905986258813,0.0133453402298211,0.0030422232013211,-0.00363330469025588,0.015317826978078,-0.0168646927150693,0.00347743411479579,0.157699578174291,0.0164949679992117,-0.0471126600026069,-0.0150292536881286,0.00638154868494301,0.0423182059605116,-0.0351660248003418,-0.0237223814760658,-0.0173927179253101,-0.0386009671756943,-0.0148015170924107,-0.012417752092606,-0.279837799276047
"NM1701PAR","423","3","16","5",0.00469291796056911,-0.00202521844785517,-0.0511049473670263,-0.0250802506799102,0.00103234437325721,-0.00574039858105646,0.00884008628819686,-0.00508149768440321,0.0279894926158321,-0.00162231176752527,-0.00740043130800511,-0.191075556879528,0.0134108913503526,-0.0330907126511266,-0.0150319048928721,0.0125645245358129,-0.0342280653734952,-0.032639411866251,-0.011640603796678,-0.00559054086590058,-0.0281401437255883,-0.00106986792259618,-0.0112201665074209,-0.189233377338946
"NM1712PAR","424","2","16","4",0.0256496298848396,0.0105103662178744,-0.0463642818236032,-0.0287991996541092,0.00629411220010074,-0.00599850976466634,0.00712297103800173,-0.0076902773745877,0.0288849109779362,0.00396016519790305,0.0186287865385577,0.352619853681155,0.0220489257028664,-0.0310513505303954,-0.00572105464833395,0.00487963563637903,0.0418509762007513,-0.0179132931661158,-0.00648039963724069,-0.012037524983142,-0.0350038126670505,-0.00293109693538726,-0.0234065663789796,-0.0376549768028349
"NUMEX_BILL_MELTON_CA_2019","425","2","16","3",0.0192838441971725,0.0103399018677585,-0.0561549623920727,-0.0356981724855942,-0.0107585303556453,-0.0126652886322704,0.00373979783057351,-0.0253792267537704,0.0132877971029872,0.00980399703953605,0.0543528639881783,1.04309902562218,0.0576241908811256,-0.0448375323346371,0.00795307517685662,0.300762024881726,0.186854463958523,-0.00478070172153137,-0.00155230756978919,0.00190541878262462,-0.0428770419739609,-0.011697783982549,-0.0255912770168235,-0.297877975975704
"SW_9813","426","1","16","2",0.00488728226055127,0.00660475618114111,-0.052305133348928,-0.0262302608510828,-0.012306821756209,-0.0446735536540374,0.00138588635971532,-0.0169711876562375,0.00837543372588676,-0.0143202069853579,-0.0168557541351476,-0.0737681094030975,0.00819279791792512,-0.0597532943014901,-0.0248755400821195,-0.148367273939086,0.0522511800781456,-0.0254508068441431,-0.0286787933519603,-0.0399476400829217,-0.0460637318034426,-0.0145071035163266,-0.033001962441109,-0.505100030090036
"NM1702PAR","427","1","16","1",0.00235455849727964,-0.00782897115422959,-0.0497661192889289,-0.0316031989510475,-0.0239323663751439,-0.0648550043241261,0.0089992091776544,-0.00670197325870359,0.0314930033482718,-0.00254382104476773,-0.00777441091199654,0.104075858370832,0.0326492120910454,-0.0446516155477168,-0.00958658297419783,-0.391219725055703,0.0127059733194019,0.033730971441333,0.0175185275433208,0.0173539874865359,-0.0350688918590525,0.000120458082896308,-0.00838513390111138,-0.326224989132398
"NUMEX_BILL_MELTON_CA_2019","428","1","17","1",0.0181303330227723,-0.0051457235973803,0.00579221694292472,0.0131020595464839,0.0133019102154135,0.0566774827900514,0.0384666651878023,-0.00357745749254247,0.0276041154775002,0.00171083009152575,-0.0259304210873492,-0.464799656437284,0.0209475590727423,-0.0480643413336184,-0.0133520323094245,-0.239059613481035,-0.0258804079796424,-0.0365222405899962,-0.0415287312902271,-0.0487879177294314,-0.0146521725831096,0.000945488242516392,0.0013846099797637,-0.4667047057342
"NUMEX_BILL_MELTON_CA_2019","429","1","17","2",0.0397996922861772,0.00321055565366454,-0.0331958204119555,-0.00146221889537766,0.0305874433837362,0.0571657332582171,0.0299013203787497,0.00971199437661485,0.0241340843470273,0.0111984932804179,-0.0179939430411847,-0.299629375883244,0.0291405490419212,-0.054182679565434,-0.0182580166917828,-0.00935562695910062,-0.000974021612613107,-0.0420022568399687,-0.0444742774701848,-0.0352225107792624,-0.0254951842228412,-0.00403135594649172,0.00702586381427424,-0.466575071796349
"NUMEX_BILL_MELTON_CA_2019","430","2","17","3",0.0325690496644825,0.00911888825365711,-0.0282485652150991,-0.0083575417729463,0.0487449094727312,0.0576236988808708,0.0429018718610606,0.0106870866386042,0.0411035559333386,0.00734492448116307,-0.000596679606254749,0.421514363101387,0.0133436990578361,-0.0386934511125603,-0.000992148226295845,0.501692344160749,0.0741472746854945,-0.0287046183652479,-0.026250499917794,-0.0221195653795467,-0.0235963998126459,-0.00528723478511404,0.00575196346306127,0.023657139212161
"NUMEX_BILL_MELTON_CA_2019","431","2","17","4",0.0249654488923282,0.0158182935893062,-0.0294106760441753,-0.00745602453996248,0.0604408126434524,0.0450550364811829,0.0394347003329029,0.0133759236978987,0.0529947085499145,0.025543463609179,0.00315275100377733,0.371974744361061,0.0163134737377279,-0.0253653453256675,-0.0088218041689537,0.627490615067197,-0.018466337519907,-0.0287467878711341,-0.0244506440564733,-0.015761075028402,-0.00968318196629228,0.00785918345589901,0.00665249425639427,0.0664626534688671
"NUMEX_BILL_MELTON_CA_2019","432","3","17","5",0.0492007417554102,0.0309164487192225,-0.0250572940434822,-0.0158951834223365,0.0629235525684043,0.0586312070804396,0.0298595636928124,0.0241192200513916,0.0589787102427686,0.0332568690580992,0.0517317487562546,1.31135378610218,0.0473197878673389,-0.0127844462788055,0.00736864555713734,0.789183569311243,0.120779875601371,-0.010085657901176,0.00339755350460687,0.0123931480939431,-0.0162317390766017,0.00441875056604203,-0.00779748167984747,0.385394529727823
"NUMEX_BILL_MELTON_CA_2019","433","3","17","6",0.039026104215003,0.0282550099220778,-0.0369214534181849,-0.0289136123175915,0.0446298665640917,0.0453702442077388,0.0192933703829344,-0.0132851049627598,0.0364203591332105,0.0326914914128232,0.0724738077306915,1.72659706590472,0.0570901604776473,-0.0270233651429338,0.0183954452758172,0.647930139181379,0.217403580047443,-0.00721839266010718,-0.00275929080749411,-0.00590153738902728,-0.0326166185772855,-0.0128745028702688,-0.0242156595863586,-0.182022670636668
"NUMEX_BILL_MELTON_CA_2019","434","4","17","7",0.0241904538384951,0.0315167607120868,-0.0325549434821991,-0.0178527836765084,0.0443363825934354,-0.00015625412582623,0.0162682541998327,-0.00155385104544989,0.0461301557158101,0.0182872217792104,0.0363804212222482,1.01464893700579,0.0257234806264519,-0.0344854576967332,0.00339324298074373,0.418232948454607,0.142966844639081,-0.00932751176593229,-0.00902923124383759,-0.0187150281946509,-0.0284013067800071,-0.0137519411646243,-0.0247318560432343,-0.224885534611048
"NUMEX_BILL_MELTON_CA_2019","435","4","17","8",0.0169602768457306,0.0147437491122175,-0.0283398813714691,-0.0213240352813874,0.0305740050320647,-0.0177643112596751,0.023942847092476,-0.00682599333176514,0.0642166503385917,0.0225265250115757,0.0474985065409272,1.26634829669651,0.046273191759364,-0.0192602925049398,0.0133207865270463,-0.0454831520212658,0.0904648829680386,0.0458191707251107,0.0327327284654156,0.0281107536535711,-0.0176082582663658,0.00593018474168215,0.00468280852827611,0.011604125640808
"NM1701PAR","436","4","18","8",-0.00284041428714379,-0.0137799790301745,0.0243121882437308,0.0149189133343975,0.0696212801249096,0.0784621667000247,0.0252170837408167,-0.0234395154302847,0.0125317015342391,-2.96358573932298e-05,-0.0409231126100914,-0.422156931921134,0.00162967435321167,-0.0581650973369972,-0.0158267180496518,-0.341772416434388,-0.0435137880066399,-0.0545240618896994,-0.0594162599233217,-0.0824710317275666,-0.0310499068746006,-0.00317973209684419,-0.00736970016758073,-0.611264638094803
"SW_9720","437","4","18","7",0.0241241855139817,0.0026378489977062,-0.0139469649950456,0.002273762784226,0.0865070178444482,0.0789051491575813,0.0266601869440956,-0.000697189582063109,0.023464374353755,0.021054634916979,-0.0315556156663035,-0.245205021996531,0.00750559456100724,-0.0552878116645368,-0.00538447234185736,0.0175639338532208,-0.0301774815121715,-0.0540385717047698,-0.0594276191488977,-0.0524152260254962,-0.0379937235099097,-0.00770125658856399,0.00378600110965277,-0.372060042968642
"NM1705PAR","438","3","18","6",0.0256857763535625,0.010989025297132,-0.0156971606893233,-0.00558190523381223,0.102826834385667,0.0778610840525387,0.0442473930432651,0.0105950607379227,0.0487488153074619,0.0232647057727302,-0.0143137477415876,0.270231945659684,0.000647046774588611,-0.0348968075198962,0.0204617358621166,0.422458951881201,0.00690935543788916,-0.0300027903840585,-0.0336630245726822,-0.0298947250582627,-0.0324927452450402,-0.0104402148927044,0.00487909084987516,0.00656492134027483
"NM1713PAR","439","3","18","5",0.0113094105386968,0.0113276530939837,-0.0283246115507756,-0.0133112704570001,0.103165799556252,0.0771764495912637,0.0378626412390444,0.0128118644445838,0.0524466617725358,0.0315048082630128,-0.0192354726402569,0.242932838867397,0.00929816362004942,-0.0295715203828745,0.0206740238069957,0.605541122557489,-0.0134442190332073,-0.0314248664528216,-0.0222080389563184,-0.0139250694306104,-0.0134735766420309,0.00335302498206078,0.0121731551382524,0.0527828530395157
"NUMEX_BILL_MELTON_FG2012","440","2","18","4",0.0261620419033624,0.0217699419359073,-0.0300540378767686,-0.0241842604993082,0.101533866784141,0.0951729891368996,0.0270936699468337,0.0160829599757103,0.0532269788718244,0.0353769714676818,0.0137432733449281,0.69972104992506,0.0312126476944596,-0.0188830044939782,0.0251458837422245,0.630124176197571,0.053978421048774,-0.0103598673670461,0.0182898192513162,0.0321376654118569,-0.0153512979864453,0.0045243178172526,0.00665191609174173,0.389455201287919
"SW_9812","441","2","18","3",0.0236747890678343,0.0191810662826766,-0.0442289284582195,-0.0462002647699231,0.0806300378437029,0.0854969503010576,0.0122487493031186,-0.0241377302482684,0.0319784878381318,0.033128177674153,0.0275937488452849,0.874956763541436,0.0229958313699394,-0.031482220873665,0.0263321673750159,0.396683686155754,0.17206983817692,-0.0311136289567121,-0.0171780798406128,-0.0197809277422718,-0.0351059917382108,-0.0125405396408292,-0.00977286101750139,-0.293411096464043
"MESQUITE","442","1","18","2",0.0104543315221705,0.0224835316479742,-0.0372662399012714,-0.039651385728169,0.0777442287054605,0.0449945893196325,0.00611350834704119,-0.0147690315925421,0.0395240421861068,0.0219764816411014,0.0167263140640956,0.666098124692864,0.0124202980848401,-0.029991197411006,0.0164302760979882,0.505122193267263,0.158210854625191,-0.0267914770619547,-0.0225758235919301,-0.0285669271662348,-0.0298173130043328,-0.0127345514916013,-0.0179262429767393,-0.216212768131989
"SW_8888","443","1","18","1",0.00863258852687493,0.0136447427186527,-0.0248917763579131,-0.0268956643286127,0.071421166618216,0.0304039569018837,0.0171271958869532,-0.000195629187253836,0.0624792666809027,0.0328717535814781,0.0668515352256427,1.55782583926358,0.0597744266170483,-0.0115541261531274,0.0290057040478318,0.353856856915186,0.17890850389458,0.0431136450006083,0.0465141787470296,0.0511495836861899,-0.0136827138537427,0.0113151269256113,0.0187513253852023,0.327356712022195
