"Germplasm","Plot","Rep","Row","Range","ndvi_62","ndvi_76","ndvi_90","ndvi_104","ndvi_114","yld1","ndvi_124","ndvi_130","ndvi_138","ndvi_144","ndvi_150","yld2","ndvi_166","ndvi_174","yld3","ndvi_194","ndvi_200","ndvi_206","yld4","ndvi_222","ndvi_236","ndvi_240","yld5","ndvi_256","ndvi_264","ndvi_270","ndvi_284","ndvi_292","yld6"
"SW_8421S","100","1","1","1",1.17872352380163,1.80253712436979,-1.82300254380068,0.616358117164142,0.655227295744644,0.408641053282265,-0.302696066601185,0.0389382714919602,0.949793319227957,-0.376688710296805,-1.12005972172019,-0.601903945420403,-0.761143357352163,0.758789779466135,-0.725430765453502,-0.544184264815442,0.3347579776156,0.0752166924026923,-1.42985630461357,0.185819964610046,0.909534996682392,0.922556830326849,-0.9094044668019,-1.6761777885167,-0.19445121907085,-0.695232363574972,0.964313554360771,0.435004895970678,-1.09298353400178
"SW_1011","101","1","1","2",2.38310708139846,2.38778316896647,-2.12387775373362,-0.129573489620472,0.128292811886132,-0.220340067322245,-0.860084751461633,-0.48317143729942,0.0940025919356122,-1.08857322256861,-1.29234911424374,-0.89636270896031,-0.612736200621473,-0.942090022565495,-1.2758843342524,-1.59849995804062,-0.230614567022354,-0.688101076389645,-1.72826132585451,-1.08470762715602,0.780156215506599,0.415601950335345,-1.33888159761311,-1.66448829217101,-0.498779871379728,-1.35246885167115,0.713297774440168,-0.282658606976588,-1.55413593493422
"SW_9813","102","2","1","3",2.85935052407384,3.7369860532561,-2.28793261433956,-0.454741134368862,0.143912898193407,-0.0676465444207487,-0.868351098484622,-0.746083352200863,-0.0300502577687263,-1.06624374384704,-0.579277134261178,-0.233083404999605,-1.36740871109635,-0.363452478515699,-1.32217316067046,-2.05717269488433,-0.206180675724447,-0.677332814629577,-1.51169090373446,-1.0672814153086,0.778243732826781,0.343070721939112,-1.2332202348756,-1.71757281188789,-0.567912198381319,-0.930119598432528,0.757764381972043,-0.155274872984977,-1.54627922085644
"DONA_ANA","103","2","1","4",2.71219338472821,3.99658775927703,-2.36315052204362,-0.779433663602978,-0.383351566781676,-0.456693329323827,-0.0998946117689129,-1.03248289259047,-0.398622267124092,-1.17188964109835,-0.390447406262887,-0.223897149705252,-1.57618218616094,-0.393111567883099,-1.24798969851899,-2.30452258902933,-0.126536900693413,-0.854393569672314,-1.63520250895819,-0.833789661465984,0.749658733142567,0.498072166964255,-1.53257546296474,-1.59577657463577,-0.497155611705971,-1.17299574371829,0.702936678484875,-0.190691904953869,-1.60516639415187
"NM1715PAR","104","3","1","5",2.70655603416646,3.61606603786019,-2.94008733896155,-1.8265319619923,-0.808445122062671,-0.814011656419222,-0.0540000158738259,-1.17368484440201,-0.868945682098332,-1.38691753029098,-1.08027880142289,-0.893452996262197,-1.83404887163391,-0.937567523621022,-1.4746959133072,-2.53739285199909,-0.100012968442701,-0.942898955936426,-1.8128283376254,-1.37445835216162,0.741745341796557,0.509448188648141,-1.50132932168587,-1.67585935971011,-0.643452683005666,-1.31092560107823,0.657404315660015,-0.320145117005436,-1.77883921431494
"NM170506PAR","105","3","1","6",1.63551125938799,1.46237584104982,-2.96827702514504,-2.34745301867394,-1.08471986585662,-1.4634234390651,-0.333763317214619,-1.48372994384472,-1.20092282066995,-1.65120943387827,-1.1596075916412,-1.21030391534313,-3.53471403463275,-0.405579337248083,-1.54070075507824,-3.70973130715667,-0.359438533334367,-1.48464071005299,-2.01119112171348,-1.07899397136139,0.729126902425476,0.382679297045075,-1.7538022168049,-1.71851079596508,-0.760373068635537,-1.73669971777701,0.64965528084684,-0.143775433696893,-1.95351147444479
"NM1704PAR","106","4","1","7",1.51402143008213,-1.13930276727487,-3.02509282331628,-2.03842110576262,-0.745941472030419,-1.09081841270762,-0.0248369510805206,-1.40390696979841,-1.09714995511891,-1.34868824034683,-1.04568427294303,-1.10618758130814,-3.16388336093805,-0.386333895979264,-1.431422674999,-3.50411390404671,-0.339743317788859,-1.3177704441487,-2.04270786225162,-0.949482881003681,0.788232680190872,0.621067244445222,-1.61012112030018,-1.85179201831626,-0.77272778810381,-1.31605033819159,0.935704813301088,0.552360874907247,-1.66014192494843
"NM1712PAR","107","4","1","8",1.93272382503909,0.0691378575141233,-3.0166896461136,-1.90909176039116,-0.606130033412026,-1.09983772046848,-0.103522896804688,-1.4909003348848,-1.2158451717774,-1.49416405147667,-1.16995571211196,-1.20728277934525,-2.68679909382446,-0.994461641710274,-1.49503499596412,-3.10386479855655,-0.476694777980796,-1.14493420212648,-1.88962364269266,-0.813124357811686,0.889853877767445,0.814157309213938,-1.52115368621883,-2.0209533933888,-0.86684827085119,-1.74821835661444,0.797299324391662,0.0998371273081976,-1.82841617603091
"NUMEX_BILL_MELTON_CA_2019","108","4","2","8",1.79204998867028,0.231504628794749,-1.75720638277163,0.711235320329887,-0.00165295944894669,0.521030294126626,-0.086447088359302,0.270172069673944,0.645258506207293,-0.195771910745492,-1.32380435905288,-0.542866187079304,0.384368496706948,0.517217969270326,-0.480213317077628,0.119685804195517,-0.0538399094316772,-0.175937607302234,-0.839637643796793,-0.467024967697841,0.662600975925375,-0.130572230523252,-0.726237842368209,-2.22807587311512,-0.712342360691854,-0.385121449213945,1.04484151707019,1.18565465554644,-0.694028268544947
"NUMEX_BILL_MELTON_CA_2019","109","4","2","7",3.23299614332818,0.432054241841158,-1.98291532081033,-0.180102599289977,-0.642106961521693,-0.161059439553285,-0.558850182152517,-0.244694427373811,-0.360788415583046,-0.951502810856234,-1.55808953708251,-0.965421284126696,0.814909664669064,-1.48280482443619,-1.09923795767959,-0.797973808902646,-0.71239773516623,-0.934736641641307,-1.17183290884403,-1.66047987392699,0.451280862530196,-0.795852272843814,-1.24030483843059,-2.2031298430927,-1.095808330736,-1.37811121852568,0.634169725778933,0.30892453861708,-1.18593642648643
"NUMEX_BILL_MELTON_CA_2019","110","3","2","6",3.87247449305634,1.48535601971955,-2.28034827265991,0.0757700116935824,-0.620768819629006,0.127173032370845,-0.62549702368024,-0.445395405306376,-0.449023957211433,-0.897174004183767,-0.860644625865831,-0.305673162653818,0.379211992287112,-1.12366606767234,-1.13920271690918,-1.11591258816911,-0.731539978280965,-0.920959589768511,-0.958239795721244,-1.14384622510712,0.442254722549415,-0.922406099500791,-1.10773419944618,-2.30771004213304,-1.17184702280145,-1.03396388725661,0.65272116301253,0.34891521213729,-1.16257117851875
"NUMEX_BILL_MELTON_CA_2019","111","3","2","5",3.50189727831196,0.927840329199285,-2.21437862658924,-0.470484979503691,-1.14374994144142,-0.208821669277404,0.141092827656885,-0.684221644445236,-0.759307969855942,-1.0206154410597,-0.594268729470897,-0.19023601555433,0.224284628950464,-1.34875257501891,-1.0773020050377,-1.22229492430716,-0.711415700930368,-1.06125464441861,-1.12873489102188,-0.519851062293885,0.390559447881176,-0.840743608403119,-1.38718909538908,-2.17156074946866,-1.13191341113444,-1.31302953541411,0.604804608742643,0.283058880393266,-1.16754281527005
"NUMEX_BILL_MELTON_CA_2019","112","2","2","4",3.3230259096449,1.27540420990339,-2.4236927157048,-0.860884418471892,-1.45784489434815,-0.469608029797128,0.226803791573647,-0.761028657167222,-0.937491077999081,-1.23613409035095,-1.27841432351278,-0.895926729915376,-0.0864611593510556,-1.74309479966409,-1.34235918607327,-1.26814685213451,-0.712563624164897,-1.09206619376302,-1.4006031293557,-0.492410510647407,0.403384944812915,-0.884481333426582,-1.39639519591709,-2.19855772907343,-1.31105935823258,-1.43113288872215,0.554682396843211,-0.140707947061352,-1.33398777008348
"NUMEX_BILL_MELTON_CA_2019","113","2","2","3",1.92042301016721,0.116029209017088,-2.33925984424413,-2.00434176385534,-1.88347853647913,-1.29644119562897,-0.0542327402441473,-1.05102677456026,-1.24888257754763,-1.52516781445558,-1.27931305212822,-1.19479132311216,-1.90478437025109,-1.33719223711791,-1.44200430702585,-2.34030044544037,-1.04474277524656,-1.54639285363594,-1.64504058853221,-0.731207557363254,0.368076700065739,-1.07295559302585,-1.64615252280742,-2.27717244512433,-1.44745200833529,-1.80214946711772,0.521645167787697,-0.0539237291018035,-1.49735076074767
"NUMEX_BILL_MELTON_CA_2019","114","1","2","2",1.68420574913229,-1.48777704553649,-2.67867356336213,-2.0684523573771,-1.47509693009152,-0.929146707017646,0.227362910179993,-0.868619817189754,-1.02901111609736,-1.2465123843155,-1.01801673630711,-1.0203149813033,-1.69225974028376,-1.12356747714814,-1.28390705581476,-2.06422550815231,-0.914154078597734,-1.24841160949227,-1.66223076171747,-0.858744287982683,0.435179449129193,-0.824008883028628,-1.43184899026228,-2.29965523647245,-1.43617385573295,-1.24288442726439,0.845398554323869,0.700584363001581,-1.12513778333129
"NUMEX_BILL_MELTON_CA_2019","115","1","2","1",2.09315157045354,-0.30578602361083,-2.5796279261305,-1.44530154948247,-1.05670523236522,-0.735139391434366,0.118273803214238,-0.896121520478158,-0.984080361961146,-1.30605341820858,-0.823936519352724,-0.831638289808187,-1.26001659036242,-1.40017065997115,-1.18468133320006,-1.77121935811429,-0.97574689264997,-0.954457273195251,-1.42579836029256,-0.758440123369548,0.571520048150915,-0.578057523365418,-1.28620780754517,-2.4458709660077,-1.52870459726522,-1.58728807375373,0.725859508083922,0.122729202516045,-1.26025660480904
"AFX_779","116","1","3","1",0.542578967610455,0.399641937577832,0.0531037958559856,-1.10675460119264,0.175074178516,0.573042121560704,0.187217990131095,0.00347101610198307,0.511412187575468,-0.0015603097617537,-0.659435606099697,-0.462556103578662,0.648812357986592,0.693556635725527,-0.141766163358582,0.37297593706256,-0.126197955008483,0.116940973396658,-0.568297867271171,-0.570399141272303,-0.37638533970189,-0.426623651150642,-0.424016243669118,-1.74129450456586,-1.88077875173484,0.0330920012227543,0.335797533819104,0.923603854827781,-0.687356436696146
"NM1703PAR","117","1","3","2",1.68580600966352,0.139366903391329,-0.0258788072580168,-1.92372130959877,-0.338701305341055,-0.171806557249107,-0.0239525907257503,-0.499067958404951,-0.717337578289939,-0.795845897017289,-0.944617069327449,-1.07651065392446,1.14100083627067,-1.58406748233311,-0.898773481147744,-0.460900297974009,-0.78865990635327,-0.562898072008099,-0.945107262279375,-1.58831099803503,-0.741884289767924,-1.234148453747,-1.05093804594612,-1.65332344354559,-2.303169414375,-1.18378952714601,-0.295813320693601,-0.302707751324971,-1.26180872949516
"SW_1011","118","2","3","3",1.86712631581738,0.104763446331233,-0.216370481256697,-1.1968545094486,-0.257314480119269,-0.0448355111656583,-0.101559703681408,-0.763148458681705,-0.953648095346242,-0.745625669394684,-0.320816980214318,-0.515923416215164,0.763373960566544,-1.44838929792877,-0.962527028782894,-0.657236638068896,-0.871186216616299,-0.523598639724352,-0.804350701849263,-1.10160111905884,-0.812709139375791,-1.39078850300107,-1.03985018574324,-1.75210448467454,-2.37756340110025,-1.06176370428656,-0.353413751773537,-0.559118232241863,-1.30567155434038
"NM1715PAR","119","2","3","4",1.00526357867279,-0.704911192460799,-0.061198158907069,-1.43939358447781,-0.630840129925396,-0.354932747667371,0.542537092118911,-0.998366770790908,-1.24523755193747,-0.90196547556132,-0.000315417332474956,-0.313681456570339,0.646689714480112,-1.58408259497145,-0.916921413732916,-0.666286240135533,-0.932712750972867,-0.66216322670761,-0.978188451152575,-0.108485367343373,-0.880248281719152,-1.29539394165723,-1.28458604951764,-1.54554774459713,-2.32103958188471,-1.47289045976362,-0.326302421303214,-0.533302865143914,-1.28362647227903
"NM1703PAR","120","3","3","5",0.765172102781048,-0.852345235582912,-0.351041186400766,-0.759407187340622,-0.703397598644839,-0.454962847079165,0.49369659391243,-1.0259619858427,-1.25613897132049,-1.16182881514177,-0.919266377355092,-1.09882989238412,0.423295961306973,-1.98087540976816,-1.28608545070644,-0.603412771671924,-1.11517057358139,-0.869112214022049,-1.325213813194,-0.664740238320763,-0.820230438108159,-1.3441005335841,-1.37344052634496,-1.4877874236827,-2.4208447270166,-1.5574702279367,-0.136633576327539,-0.671391631242404,-1.38435504444614
"SW_9720","121","3","3","6",-0.101343183037775,-1.43787564018568,-0.0225563971828514,-1.39195195811347,-1.15277874101086,-1.16942982825915,0.0232157000387193,-1.14017358191371,-1.38502608387841,-1.38515265214922,-0.800940837252403,-1.28301121706471,-1.21190767594275,-1.56789670812147,-1.38091692907278,-1.42471927566351,-1.55058821055995,-1.3082304568972,-1.5434723358016,-1.53057402548587,-0.906525634542233,-1.55291345322246,-1.62471901443408,-1.44455753145217,-2.45430071678112,-1.96055646969259,-0.170486203027502,-0.443200852993559,-1.44293325815349
"NUMEX_BILL_MELTON_CA_2019","122","4","3","7",-0.0254723539156035,-0.134103410182943,-0.419769554830389,-0.766426872455325,-0.79239779553225,-0.740244306029901,0.289890491385999,-0.729254686860177,-0.922270731172516,-1.05684764940257,-0.367194595248125,-0.944503129841799,-0.9918031000367,-0.982586351893888,-1.12564924226909,-1.0882987900486,-1.31585150044738,-0.94691383130817,-1.47342088168302,-1.47087683912073,-0.826492051920294,-1.28981646522321,-1.28916201663089,-1.25049161609576,-2.33729328066809,-1.42498056821149,0.161890128402854,0.379305889174559,-0.936622885730675
"AMERISTAND_803T","123","4","3","8",0.590057670731867,-0.0150605880193056,-0.490603951615385,-0.0448146681571353,-0.553590472327255,-0.536787848421873,0.210979283938958,-0.675850516728384,-0.901468510978892,-1.10698834398377,-0.155452155698296,-0.635210268390597,-0.717119235780447,-1.16486147913928,-0.935768977727431,-0.995543072236969,-1.37524442804228,-0.657155226462327,-1.17342121306882,-1.26268922385395,-0.663452713362176,-1.03028031779795,-1.12363975722934,-1.36837104832078,-2.37026394325001,-1.63492453083137,0.0628301202129222,-0.0138817183690619,-0.997264723752268
"NM1702PAR","124","4","4","8",-0.318537836710638,0.0375219051942156,-0.147746791219156,0.751923584868333,0.515459005342661,0.579604625308758,0.675321767911698,0.400593352988004,0.214839091647578,0.409611381164807,-0.0517788384206734,-0.299766717754334,0.269119460395798,1.32583835184705,0.114735055677028,0.64841400518537,-0.206432069190153,0.2117728159032,-0.114201799009874,-0.0580963943576652,-0.256986188811347,-0.0613445672298302,0.205943598300947,-1.16791381742397,-1.07104661481213,0.802525355853873,-0.558071939061382,0.100649718236261,-0.204238996609533
"AFX_779","125","4","4","7",0.556575650202516,0.367503992264527,-0.272941081929265,0.111659189514465,0.249037202131497,0.0400778083632038,0.633874164101773,0.0444253828671891,-1.07534110194745,-0.244156662046194,-0.251565061683518,-0.862713341882087,0.639831803263619,-0.89139497390141,-0.532872738492504,-0.133876957686231,-0.785551134339211,-0.311653349535269,-0.433416802951323,-1.07694492942245,-0.67035782465625,-0.933674622002899,-0.446829672703938,-0.989386564357096,-1.42921848247389,-0.516936492432684,-1.26917586468602,-1.39271207474402,-0.762661097354817
"AFX_149092","126","3","4","6",0.524712386598035,0.105353390915591,-0.414330357915717,0.318203362031122,0.340829146326306,-0.0317931875183536,0.456980704495446,-0.32533854020646,-1.52087493034812,-0.251146318292649,0.265419400198419,-0.499751142258702,0.371216331137605,-0.799763766397534,-0.612270358799911,-0.355595070874001,-0.870853221715609,-0.203048853375436,-0.401213256366697,-0.906021449493153,-0.734783931667003,-1.06118486486958,-0.618278474355076,-1.03020880364298,-1.44880112710299,-0.557653654036842,-1.29129190884362,-1.70284524718291,-0.890722980783653
"NUMEX_BILL_MELTON_FG2011","127","3","4","5",-0.0503936841696564,-0.318075176453341,-0.269614250088278,-0.547284155890848,-0.00972530059606473,-0.414885196395958,1.01026797613841,-0.674324866933619,-1.96437340636444,-0.513807739295287,0.676051104329177,-0.259894676784242,0.285683928617714,-0.984528841087757,-0.680867348876415,-0.476386933488997,-0.914987675289746,-0.235686401370784,-0.595834980115673,-0.0308821897802045,-0.80810252385647,-0.922808190507468,-0.858118571239055,-0.742907245543684,-1.31069550445077,-0.929897155532181,-1.06211323728905,-1.18673839107902,-0.885994484784646
"NUMEX_BILL_MELTON_CA_2019","128","2","4","4",-0.253945928447834,-0.836708518243923,-0.409198149486452,-0.724482439342727,-0.117757199067777,-0.544876387663644,0.94602291601242,-0.741357919770874,-2.03435898880298,-0.932449329328084,-0.538188922611648,-1.18385816231011,0.381088472789351,-1.54457823982148,-1.25312039373151,-0.50151517336983,-1.31937684188142,-0.744648511674447,-1.08830066968507,-0.760494273066752,-0.81207991728613,-1.00818289120571,-1.10455237532348,-0.675308682713017,-1.34738936559805,-1.03289650059877,-0.682264997615637,-1.12166226572512,-1.05643973681159
"AFX_149092","129","2","4","3",-0.853930408845195,-0.635266364999262,0.0136540166129886,-0.123596999358344,-0.306452969941615,-0.991088667809556,0.479233755606024,-0.657175286253594,-1.73616052917243,-1.00453200701784,-0.374975601666887,-1.17452323387346,-0.838650454148801,-0.962555957883454,-1.28840751465878,-1.18200131850087,-1.66584904331205,-1.13184716559452,-1.28145521455519,-1.49919449405199,-0.89910369999441,-1.19372302888891,-1.32147492136463,-0.443482376306015,-1.22291841905658,-1.40597784208951,-0.70044230442776,-0.906558887111088,-1.06246436075439
"TMA_990","130","1","4","2",-0.605780639657378,0.514413132231753,0.0802342195276954,0.688303868287128,-0.139604617940726,-0.566125819984802,0.595883386872267,-0.180155520454063,-1.10338537546459,-0.779263037615493,-0.17349940816713,-0.836648406595431,-0.599389192238547,-0.0492007651779688,-1.09079167166448,-0.875542765574868,-1.29632677638733,-0.809480522138647,-1.17105655026774,-1.34908660182825,-0.828037886870923,-1.00788493550397,-0.936631586833512,-0.165634110302419,-1.04249201600436,-1.00905185321969,-0.516999218489401,-0.419481529459113,-0.566820071993343
"NM1704PAR","131","1","4","1",-0.0240416298070199,0.54577467844299,0.134937274597646,1.08339853019083,-0.0704491936395045,-0.441382804749221,0.492079316054032,-0.156077664058555,-1.23117115279665,-0.863274045922236,-0.00560394318071451,-0.533080969040856,-0.629766779892922,-0.372882793956391,-0.81677623628675,-0.882334376423479,-1.3893186840982,-0.574686520477562,-0.853941479176753,-1.26934338320479,-0.657676882953891,-0.799832105159791,-0.770057910249344,-0.273135051072138,-1.03791351687762,-1.18814844790744,-0.669325476986392,-0.689885968386517,-0.615127855106734
"NUMEX_BILL_MELTON_CA_2019","132","1","5","1",-0.350248395351902,-0.390827885352351,0.0721685238929926,0.647722081857011,-0.765381334184325,-0.0346939578264242,0.807034591501842,0.0321104677240476,-0.105092410737718,0.0252933895324509,-0.673314782468281,-0.409124206672,-0.354215262189341,1.29335003695731,0.0763407647155541,-0.129010661163912,-0.267188209490858,-0.591644651579998,-0.0864252648458485,1.19460165912986,-0.0106905876988096,-0.104086542702886,0.451759368007443,-0.0967127330190638,-0.0895655988806814,1.18069735178951,-0.369283049188769,0.161048399605814,-0.150762143610161
"NUMEX_BILL_MELTON_CA_2019","133","1","5","2",0.196844174651524,0.882427274087623,0.138536171044911,0.193778048157848,-1.12845509922984,-0.654353127373898,0.849897536119776,-0.207587464616245,-1.38830911457309,-0.60623855410543,-1.19639039720481,-1.19073956934357,-0.260264693011122,-1.06099315391732,-0.62890832883346,-0.978649687167821,-0.840191842891289,-1.1624617630512,-0.474071833556941,-0.34085895314369,-0.475097309510253,-1.04847525057167,-0.349491949468085,0.18133747549728,-0.386802711068356,-0.251625758500434,-1.07373842662808,-1.34408310752016,-0.757236743389155
"NUMEX_BILL_MELTON_CA_2019","134","2","5","3",0.225968019800544,-0.148343655475761,0.145030187391223,-0.0242660668041389,-1.290989686994,-0.91586838617638,0.479694025134863,-0.562148451860222,-1.51420250045073,-0.666471817150624,-0.939157398102388,-1.00183853888592,-0.930853996017588,-0.710146532990515,-0.757214095238781,-1.19692164210245,-0.908093918772045,-1.0517793600309,-0.570859299474464,-0.516404894146224,-0.535682051871675,-1.19301923878664,-0.799356995686618,0.256334116527589,-0.397301721653109,-0.536749738809003,-1.03943102390257,-1.6573941600253,-0.995848456870933
"NUMEX_BILL_MELTON_CA_2019","135","2","5","4",-0.119458018853479,-0.37314318121263,0.317519140815871,-1.11215047429166,-1.76215910464699,-1.35879536462839,0.986634961205419,-0.864322442109809,-1.82867708342552,-0.981853678659525,-0.50418589095945,-0.839574183803285,-1.14089598141062,-0.849815453683921,-0.889768718354684,-1.20347405495117,-0.916969660485087,-0.924355369702028,-0.820379179416519,0.196526433208266,-0.614483666122754,-1.09413166133201,-1.17012276783486,0.579479203332909,-0.291881394139766,-0.930982367364857,-0.781483065666043,-1.14601213153801,-1.0428912490234
"NUMEX_BILL_MELTON_CA_2019","136","3","5","5",-0.289529798861206,-1.0509635067976,0.469258982130055,-0.953866741350729,-1.75920814743557,-1.56691895103888,0.919077532894239,-0.901783736374351,-1.8715061164662,-1.41916860476217,-1.54172646055078,-1.80810654121369,-0.944214971225134,-1.3496009990777,-1.62465070513267,-1.04926561089361,-1.25244888859027,-1.44453917786264,-1.47082143982283,-0.478189671127268,-0.67895571542548,-1.2105541362485,-1.6137243260215,0.702347487822593,-0.368087565234364,-1.1004310808687,-0.35374235834237,-1.18103563769518,-1.30875226963585
"NUMEX_BILL_MELTON_CA_2019","137","3","5","6",-0.73447469355496,-0.786552228678631,0.853129143759846,-0.201224213061375,-1.51965068396265,-1.68228512609695,0.530984056640126,-0.628918810712329,-1.23819585769484,-1.2710295728695,-1.12882412967199,-1.57188949914505,-1.89935370130411,-0.740088210440895,-1.56317977396714,-1.44383739827293,-1.43172289152428,-1.64856772993789,-1.62955405720694,-0.886920541709071,-0.745489998643345,-1.34715586706314,-1.79408553355549,0.898552792482538,-0.286650867576667,-1.51130832209312,-0.366204132817355,-0.930044195707911,-1.29375419270489
"NUMEX_BILL_MELTON_CA_2019","138","4","5","7",-0.516250130830929,0.346490381689237,1.1377402471359,0.335737019454314,-1.07866752488515,-1.08666295060469,0.598441300522081,0.0014380681778096,-0.278541572070356,-1.00069286872207,-0.858745860350264,-1.17603482705351,-1.3386519064174,0.454092261883182,-1.31834981345536,-1.06073029922303,-0.779624814194219,-1.21396483425007,-1.47725028031285,-0.135990393121986,-0.608860053202387,-1.15157295512721,-1.3398487012772,1.04291175420455,-0.136800899717549,-1.15953042957738,-0.25232789779773,-0.587875848674459,-0.835476032167826
"NUMEX_BILL_MELTON_CA_2019","139","4","5","8",-0.0872900749203558,0.71319674644026,1.21726182315471,0.335454743004119,-0.820409707759186,-0.843360403161874,0.467482259188321,0.128530741670358,-0.603976193931984,-1.00186381688737,-0.338289292209465,-0.725986267075542,-1.50227035223089,0.0582801838363154,-0.887636793072243,-1.10783686343564,-0.830711899693202,-0.964719321292746,-1.13347936190269,-0.28155483042323,-0.404102503186021,-0.971007210260768,-1.13881043572462,0.855971273917994,-0.122778762407973,-1.28614565791108,-0.479707037992233,-0.934347410235552,-0.867562345950083
"NM1713PAR","140","4","6","8",-0.0378073139445438,-0.683185838052247,0.0327266479860653,0.218293055965854,-0.330566293092945,-0.0700258401321032,0.381440163317843,-0.18651733107158,0.299831064784413,0.143889402474635,-0.124888511161452,-0.130633582654161,0.48834590305421,0.944453293151876,0.163945605089043,0.416177849784589,0.62103164669418,-0.268157305524242,0.193205866714293,1.84329079799999,0.122762525516096,0.172261160346027,0.650535459931121,-0.119900219558531,-0.276882984810124,1.09256136322825,-0.436556247373514,-0.110028138370606,0.0509898759921833
"AFX_149092","141","4","6","7",0.160130767990986,0.964520203553969,0.151098941020528,-0.0690485268570878,-0.466626589069649,-0.536581450320493,0.581802805454029,-0.296364760101097,-0.844891383822882,-0.311705481710748,-0.64964439243436,-0.867252934029443,0.708587454878725,-1.50618705427872,-0.434980757279988,-0.200054122442591,0.127285948944337,-0.723980420624767,-0.143221194039641,0.733120204840857,-0.295397513784012,-0.714837475110075,-0.0312683582299685,0.204414809167521,-0.510306287561992,-0.282378399697292,-1.12882708796738,-1.47706978605444,-0.459191324747464
"NM1705PAR","142","3","6","6",0.107420021606082,-0.10769436468938,0.195807628087295,-0.323949766116756,-0.567196823576304,-0.687018872249012,0.254651788804264,-0.658031707271937,-0.706390314284302,-0.270189718690123,-0.238299473690941,-0.540187171683033,0.301722504219703,-1.0782103045325,-0.452590371568378,-0.389540777396834,0.0361575799701993,-0.54332613820114,-0.204042694208966,0.631188635622867,-0.295923691842455,-0.779370122432681,-0.435448866013184,0.395789025835364,-0.503796768013679,-0.570494928957547,-1.07146007546401,-1.46748632713185,-0.667179879091742
"DONA_ANA","143","3","6","5",-0.239862395892185,0.307863744436642,0.392900191486628,-0.649707793936221,-1.05154348595887,-1.07105785969977,0.706388395424907,-0.993445293244903,-0.762174421689652,-0.585925863674843,0.107704492537691,-0.495519010432915,0.321615936729568,-1.22206442687591,-0.686565230122563,-0.440825448289155,-0.154729521245259,-0.477622162851398,-0.475738538509671,1.43582781043579,-0.37396362950237,-0.706871612569496,-0.89951402096293,0.743589421020412,-0.438130502698297,-1.08951539785595,-0.904748235311367,-1.03695355563466,-0.752623213157531
"NUMEX_BILL_MELTON_FG2011","144","2","6","4",-0.437562549271027,-0.0166107636900831,0.642160179038575,-0.423295503205751,-1.2050543245047,-1.48206840342202,0.712570903008139,-1.07025184315721,-0.814038774393585,-1.11275572939788,-0.853544967413055,-1.42348494710557,0.592978455095273,-1.41496479833843,-1.46300740102626,-0.277422194627433,-0.588352951742179,-1.10064641163219,-1.184363256461,0.453332620384493,-0.492671904252837,-0.819848796826281,-1.40063100782775,0.894371650590649,-0.514323472911404,-1.37264045507374,-0.575867964770856,-1.11747532793672,-1.01092429879722
"SW_8888","145","2","6","3",-0.785016463161464,-0.175933630925344,0.845268174261237,-0.545152336500228,-1.07698700566824,-1.53917042594502,0.300278854337246,-0.7061599270101,-0.354157838473655,-0.962223036574892,-0.480986475077757,-1.1415196418762,-0.11040254615327,-0.698315469391962,-1.3517249363805,-0.604472060711954,-0.91671098724327,-1.36565767214168,-1.34133332630073,0.154388241147601,-0.502011440204353,-0.928365612961661,-1.48476850952712,1.02909523262638,-0.455999441586286,-1.8695890464541,-0.603233904414418,-0.78972682191785,-0.903956423967385
"DONA_ANA","146","1","6","2",-0.590425536716492,-0.312256217647251,1.22504660987933,0.0829923371551995,-0.821415180527649,-1.00395264608087,0.320549531341952,-0.123202279313508,0.270645840701617,-0.802486223490483,-0.358821172650469,-0.822990341404941,0.136016044323795,0.549797576788005,-1.18375187301854,-0.465700237664508,-0.32123311922193,-1.09697690842209,-1.23669053384739,0.780402488511477,-0.310194385745099,-0.735281229657394,-1.09099015960436,1.07112221229896,-0.33446254750698,-1.62463063293713,-0.534150762190307,-0.444448983494008,-0.566562873129372
"AFX_149092","147","1","6","1",-0.267490191971308,-0.277421768722225,1.34420905508494,0.178360797034521,-0.652962465329483,-0.744175437442501,0.209335739721794,-0.0126642909417254,-0.262961530138038,-0.886319150287197,0.127846442305333,-0.500376493633622,-0.359069817016441,0.0659470620398163,-0.843216274488846,-0.694966189830277,-0.445402911745424,-0.964241243980028,-0.982564554953705,-0.0126642723153504,-0.116341361804611,-0.635917155877909,-1.01102637439237,0.888333779360802,-0.315883645824046,-1.77621725566975,-0.79527753842893,-0.903061922987134,-0.71803829567064
"NUMEX_BILL_MELTON_CA_2019","148","1","7","1",0.089968221211007,-0.614643239248077,-0.139280468064308,0.662758743016499,0.310326660052701,0.17963686461429,0.244991393873242,0.323004757339774,0.405455258778914,0.267416018710715,-0.17347823492239,0.00884551210900599,0.430565646947086,1.44929275347904,0.462289293256697,0.0654135463786553,0.416248962370964,-0.0638711246301382,0.620636945633517,2.52691654253757,0.194889780623494,0.449200153458283,1.06926823317204,-0.427883448941702,-0.213051574128304,1.72981594355109,-0.216320050084873,0.513238805995977,0.296479445769375
"NM170506PAR","149","1","7","2",0.174485749422413,0.943097316812328,0.0351336935124576,0.593057786769963,0.239320584853859,-0.151945669509016,0.517582893735945,0.343424359086677,-0.568511349993443,-0.0292078967830707,-0.647314324263441,-0.603756665897012,0.649465818868611,-1.08386945768731,0.0874124995832666,-0.376678999398388,-0.0847409941693133,-0.396494510147121,0.43022454993261,0.379154934732523,-0.222737120459021,-0.389991264470064,0.590672644614177,-0.11533987217877,-0.352605041821638,0.580145208761427,-0.824374904354157,-0.570159631591826,-0.0990130958089602
"SW_9720","150","2","7","3",0.155371637582821,-0.261954185147343,0.0919470727626608,0.528710298155333,0.262672620774576,0.0233733770073414,0.232178345862228,0.091444729785259,-0.125293503008777,0.159795253618515,0.0658208768970426,-0.0641600419588325,0.22281045815625,-0.483746871990853,0.388083072821421,-0.441855443578746,-0.223631872109054,-0.116299794215022,0.542360249701078,-0.00472554411819661,-0.189856058990889,-0.441257029044473,0.362384691596089,0.109885997047452,-0.286738915703178,0.426450850028556,-0.756127007166906,-0.283370160024911,-0.193656007282004
"AMERISTAND_803T","151","2","7","4",-0.228718019770273,-0.184867712863635,0.301069497704942,0.260751454786489,-0.229000903477297,-0.33609572471665,0.444180768398586,-0.259128450949795,-0.0910802431058288,-0.16866631026869,0.233755077571648,-0.222279135463753,0.247270595107457,-0.880237416143002,0.0886961303567576,-0.500445917568349,-0.498827019833104,-0.0855580344969441,0.303255588908768,0.243955563652304,-0.274402450369073,-0.433900367069171,-0.137692649369362,0.392412068209937,-0.196796407834968,-0.134670239517823,-0.707166731549785,-0.131575673892901,-0.2508545465078
"SW_8421S","152","3","7","5",-0.271406561101752,-0.416650974302099,0.697083465368374,0.349043203612779,-0.560820794305184,-0.999339626468367,0.411899788790706,-0.431075057896273,-0.214763735893953,-0.725764088164986,-0.545791028723766,-1.09981927606466,0.124551383710307,-1.0477548377486,-0.658447998178417,-0.301906889003509,-0.891549111517116,-0.694424704739506,-0.354700030334501,-0.287257339909802,-0.428007248743199,-0.586152375203985,-0.713188570375949,0.558936029146213,-0.214487325407985,-0.436284116064234,-0.511306146505467,-0.389199683510516,-0.483233565799574
"NM1713PAR","153","3","7","6",-0.517197718983903,-0.762016232044098,0.764632943703626,-0.0089085998804528,-0.440823191319817,-1.02521477135636,-0.0908086483505859,-0.0808273656031728,0.17762418066611,-0.537316318478274,-0.156135774148934,-0.784463248078758,-0.568049982491214,-0.402665200392926,-0.474760370320534,-0.511517053483741,-1.17236325207799,-0.871039165632273,-0.456923659007647,0.0252023829271365,-0.432882221559147,-0.692596038469971,-0.692276190126174,0.696984333897661,-0.0859776608267575,-0.931516179946872,-0.531461601066321,-0.208408828612189,-0.321478078942881
"NUMEX_BILL_MELTON_FG2011","154","4","7","7",-0.27235722635898,-0.372516941188428,1.08615305920462,0.290729813971472,-0.312364030244229,-0.637475654408839,0.0728209199278584,0.32055157768073,0.5865899509918,-0.450812276851545,-0.113892667134769,-0.519272049556767,-0.304215740530467,0.603056743478535,-0.383159607269339,-0.512374284259041,-0.652274078205186,-0.664144731641057,-0.402339103575439,0.411244415375826,-0.267686056382135,-0.538567406956756,-0.41752582493503,0.723765077264059,0.0360446193151963,-0.820972460423167,-0.491538850673368,-0.114868412942705,-0.0785511209755908
"TMA_990","155","4","7","8",-0.0200394669476875,-0.689447572395431,0.987649385483185,0.232814798614421,-0.158529355503739,-0.417374530524638,0.10784999720037,0.36845490837711,0.0326291405481898,-0.548458111308397,0.333715151221968,-0.237073392046159,-0.733701797265026,0.18964282335935,-0.182475367567992,-0.874955137691169,-0.854314690743953,-0.636500217042416,-0.22057923661241,-0.124832279691883,-0.107089043415342,-0.501130104659767,-0.441284012015664,0.5905363774246,0.0706309738822647,-1.13749531673674,-0.755662781423571,-0.598000174423187,-0.274993969624645
"NUMEX_BILL_MELTON_CA_2019","156","4","8","8",-0.194551357445195,-1.39608222770929,-0.0920844762840376,0.37997617580444,-0.00117766207670693,-0.416941978291205,0.385462617724481,0.229201115791547,-0.105763627145024,-0.268414212762478,-0.801258956614888,-0.377462674447938,0.57151775312533,1.07131310283138,-0.0108681733082474,0.304430414136101,0.271839609005118,0.0357823764992978,0.329067260097807,2.11157207683022,-0.0516302513707678,0.311690259276585,0.788801132632718,0.268869067505265,-0.280115327179584,1.26125712840848,-0.228999679001402,0.572032961144264,0.423676926461944
"NUMEX_BILL_MELTON_CA_2019","157","4","8","7",-0.0743610530106401,-0.704813156938939,0.00705496090580607,0.185566438589244,0.065718118304311,-0.503319801164854,0.551824724944887,0.340322613798392,-0.877287840084423,-0.391331401646773,-1.0399666558126,-0.685300649235394,0.749061247073384,-1.04008334012425,-0.111017457575315,0.00494120550868383,-0.0980214678742462,-0.0535816653119723,0.347446237928538,-0.415208596135306,-0.447096429356822,-0.418474858286464,0.56908205199034,0.421669258284012,-0.370103920664528,0.280673353689982,-0.759612556742261,-0.46044552744746,0.173507462285273
"NUMEX_BILL_MELTON_CA_2019","158","3","8","6",-0.0640968029720821,-1.42322534274707,0.0596372203391131,0.1307735133759,0.300037221412691,0.0714124849253837,0.442942112722661,0.271621259240728,-0.0990940225159451,0.0323020272428993,0.142203485282641,0.254808200760931,0.431161066026075,-0.167269409981638,0.591827458406999,0.053371341719173,-0.247578608659591,0.358741573646498,0.705377713638531,-0.621689687352358,-0.394573250807229,-0.419771912358277,0.614214291518665,0.450726427800998,-0.30266623352447,0.297756326495599,-0.586495796738385,0.155605672777653,0.249000592683953
"NUMEX_BILL_MELTON_CA_2019","159","3","8","5",-0.401731156770934,-0.642645345257027,0.291943340410953,-0.0321848870477106,-0.128957453566771,-0.238284116605083,0.606106170924911,-0.0224267122867899,0.0790811412425953,-0.261913208134694,0.160107108515154,0.0246710999563279,0.489649722838039,-0.584338516236904,0.259854879831826,-0.0612437318466207,-0.594660462258218,0.388515048381436,0.508357273579908,-0.392448043475691,-0.477082367561481,-0.470590871946456,0.0314981576566771,0.524174956139825,-0.216761980229104,-0.232200166142757,-0.607852777409688,0.0467163972529625,0.235300816548712
"NUMEX_BILL_MELTON_CA_2019","160","2","8","4",-0.349093209901422,-0.385116194424054,0.676170080228093,-0.133740382312357,-0.241462807858053,-0.749146164051991,0.637706165428759,-0.139735853957418,-0.0229068017072563,-0.630632717254924,-0.299308707009172,-0.591707049133102,0.364337199394516,-0.458402747778955,-0.257975918842559,0.264266951413291,-0.81244736601182,-0.0543020311955243,0.0275540370099707,-0.303291837640462,-0.603785353895133,-0.632351857678674,-0.471101199399616,0.614354723689081,-0.175508724001819,-0.432010706207481,-0.53477369555085,-0.322841798296107,0.0888226616264153
"NUMEX_BILL_MELTON_CA_2019","161","2","8","3",-0.507566223673091,-1.19443880223714,0.617033732998044,-0.262175766848633,0.213596900073072,-0.514510606362153,0.151857697281143,0.336512573794981,0.295486482861735,-0.233381983129516,0.177886682632566,-0.211199775332951,0.104514617741293,0.303594044082739,0.0876606143185576,0.295947406599689,-0.920004656067887,-0.0980786221006825,0.0279832719697504,0.631982284240257,-0.537714445634649,-0.689249186584983,-0.240163635673794,0.766796689057344,-0.0220930502343933,-0.815290120360983,-0.535515605918446,-0.221613400854241,0.303440205016472
"NUMEX_BILL_MELTON_CA_2019","162","1","8","2",-0.14182781050714,0.944018297474274,0.992477388556178,0.229276404934103,0.567372286144493,0.106406270469866,0.425967988308712,0.728336206905425,0.790512282159447,0.0172357228569044,0.352834055835912,0.229869080911828,0.224568294762426,1.22177389782176,0.332770594474352,0.223513821020527,-0.468569304480393,0.107110025519425,0.199517786721476,0.651643733297355,-0.395229510016714,-0.600589117233784,0.109986327436621,0.813011088422994,0.0942960133593113,-0.654034188973585,-0.500960882798075,-0.188948536341822,0.473135359847893
"NUMEX_BILL_MELTON_CA_2019","163","1","8","1",0.103272076792676,0.558609814940269,1.06549316273507,0.477010021481094,0.762992200267093,0.368460119427604,0.516603306026966,0.841216268240165,0.519246621813017,0.0019834979248708,0.760937592451925,0.463892110387191,-0.384274800395335,0.972768516895037,0.441651909015249,-0.194031082253486,-0.717304164118618,0.0653503829276014,0.308997442617025,-0.23055112467014,-0.273182766735248,-0.618282683141976,-0.00143301992061651,0.705779606029542,0.145047826603861,-0.865825921407252,-0.72893970952642,-0.571010150161998,0.184310980161741
"NUMEX_BILL_MELTON_FG2011","164","1","9","1",-0.380968044069313,-1.24869358718504,0.351238474288008,0.23344082624212,-0.374823583528323,-0.663919384114385,-0.0938078907239849,-0.530253149968915,-0.44258752680103,-0.378974410293883,-0.542460508497429,-0.195062732159232,-0.0563372733069324,0.850677177705968,-0.340088455641858,0.298858288508814,0.366125273394337,0.129666196847921,0.0301676442532595,2.54241485138551,-0.335502484537388,0.844785430493354,0.278001323285178,0.851845625098113,-0.234890194978978,0.997418890615614,-0.37845025113814,0.175116957098241,0.0388460929163095
"SW_9720","165","1","9","2",-0.167721907338853,-1.20956206375293,0.349983987061151,0.0172279272077786,-0.390538935163356,-0.77465513860271,0.0996861655194188,-0.472577150463966,-0.954512812894725,-0.468900699908933,-0.755028276731261,-0.443937022683335,-0.0241197402844648,-0.955620679697658,-0.350347931677521,0.154074422764019,0.140940279141326,0.206032203304288,0.166894303674332,0.597318186965282,-0.686093615483142,0.247237514818586,0.187500605791011,0.9013548751529,-0.291951658413629,0.243025821218301,-0.829515043267716,-0.817161648553204,-0.126110804957309
"NM1712PAR","166","2","9","3",-0.109810378495506,-2.08442660485119,0.435058670357122,-0.216326161232399,-0.332762890708245,-0.360548823867314,0.320548279839631,-0.52030343942056,-0.174549660932823,-0.17933858476543,-0.0211108961155405,0.203793449507698,-0.139881020685058,-0.113222179027669,0.237550952706688,0.36955376682742,0.00800044099501636,0.516868873328305,0.509806499287278,0.5961263805995,-0.601490701292476,0.278281182176645,0.235552101880996,0.804175770841975,-0.296230536128636,0.354870262624288,-0.653645900894906,-0.0323807031627093,-0.0580710558475844
"NUMEX_BILL_MELTON_FG2012","167","2","9","4",-0.458802714718209,-0.367944631133108,0.665882025025163,-0.448538873364613,-0.767314293936961,-0.682220941222283,0.747457000751913,-0.816653806510989,-0.00784800217252806,-0.546037851594178,-0.212247674291533,-0.207417980690252,0.0541802864921648,-0.455298359265074,-0.186975191927738,0.25474052168868,-0.311930744769074,0.536858258784328,0.344248088995498,1.16001222648368,-0.654212065815484,0.21601665527863,-0.263215936314285,0.733559335697479,-0.24236552069147,-0.0691305183351133,-0.687729082525003,-0.0596622483417221,0.0778781268393281
"NM1702PAR","168","3","9","5",-0.362736298209917,0.365660989666393,1.14957382505308,-0.463853945347833,-0.774432024996861,-1.10364203584446,0.911618867431497,-0.963631861231427,-0.162018136713687,-0.85385412515833,-0.568990340384287,-0.782487254021266,-0.0758319104123693,-0.32311180277881,-0.601987760945165,0.622515707368799,-0.351605358818983,0.205928906672329,0.0516882209971204,1.54420978761523,-0.760723910505521,0.0832410100946939,-0.587075604094093,0.787089544954537,-0.227653099057201,-0.1100424828948,-0.646738896191593,-0.191536350820888,0.118385473235739
"AFX_779","169","3","9","6",-0.451316829586388,-0.914952987994004,0.876885449212988,0.00523525588135355,-0.0944131007284809,-0.610699293004413,0.501379525846842,-0.369956264117091,0.0954348193073799,-0.282486961447934,-0.170644242789833,-0.318773414478111,-0.121335251602645,0.118385011088063,-0.00454463887588186,0.82031841321932,-0.294270835500469,0.254895368638077,0.275152408405559,2.25852169234694,-0.65928619508198,0.0759310325636453,0.00218846565415053,0.945643376212089,-0.0774750987247483,-0.160163270938032,-0.632918019881671,-0.124599896088866,0.509532927587624
"SW_8421S","170","4","9","7",0.114123042193211,0.69825837672012,1.08302364141358,0.549499428130664,0.308693866313653,0.143445726264909,0.6765233269663,-0.00462059542542894,0.569635921305935,0.0762808458631099,0.0897720262805584,0.359242269807744,-0.149508061759149,0.908503171259845,0.57396222047288,0.730932376823772,0.108298137545568,0.513832748780941,0.674585171155897,1.69786469841239,-0.526809180563434,0.13634072331195,0.56736086645444,0.994518438828764,0.0237129900963076,0.161815415233913,-0.649732361996909,-0.280446466871023,0.774829782780795
"SW_8888","171","4","9","8",0.437755903010553,-0.17684467304091,1.104905557583,0.760581864725841,0.545096065163036,0.352960310582737,0.747722631003838,0.123696593768174,0.444470045586503,0.104392566990808,0.522130746914737,0.531834561349402,-0.944594961196014,0.814803720374564,0.683140063437544,0.312859177568796,-0.173665028504578,0.519386340327518,0.740308807021345,0.602329442360991,-0.469401242685546,0.0532699756946896,0.428763584072124,0.903782018760846,0.0533657225493565,-0.169102268902486,-0.928416897782783,-0.740066908649032,0.443739793641054
"NM1703PAR","172","4","10","8",-0.163252067525841,-1.75338636983955,0.23450167816693,-0.517163946252489,-0.887085250199107,-0.935130893946595,0.0019115573404582,-1.39313028279926,-0.93924522637877,-0.361564155410564,-0.213833739218573,-0.165790049268543,-0.626046625942259,0.447500632847665,-0.513234249731594,0.215846027132629,-0.296154177930518,-0.468494215375959,-0.275836033982647,1.42129750747622,-0.705234542214784,0.473977515319407,-0.366599689524561,0.645758919518873,0.31853285615655,0.882784074777036,-0.385806417050647,-0.260045338083396,-0.436765537210886
"SW_9813","173","4","10","7",0.0632670584895047,-1.96045589354366,0.0248332495810013,-0.37478944324966,-0.885361332308801,-0.927113848674727,0.0797955209708332,-1.30367849950585,-1.18103657109057,-0.368690576574009,-0.426329685479856,-0.287039239619923,-0.705370854961744,-0.75815882812891,-0.38315669195147,0.24280337718753,-0.357944564273233,-0.279608957967789,-0.0253530496684848,0.165261141162597,-1.04486134667931,-0.0957094606762148,-0.270223703467316,0.639928723974458,0.354014018576396,0.213873468066744,-0.865147014396447,-1.42875829537707,-0.480847692892975
"TMA_990","174","3","10","6",0.155326339238641,-2.87767249784382,0.00941655279388528,-0.311999797478822,-0.737409943425808,-0.53150077141131,0.378512412770417,-1.26528244267321,-0.420291286089573,-0.113981892265337,0.0392735731048041,0.133276889038106,-0.546042613923465,0.0822178743494937,0.150121669718495,0.602008575148434,-0.349071436517967,0.00306000888470194,0.270682517592604,0.55376792755961,-0.898423073319634,0.0158124210261819,-0.0883630408280698,0.551810852667696,0.419938172813492,0.393923601686159,-0.682926800292915,-0.738954839608223,-0.364367086119332
"NM1704PAR","175","3","10","5",-0.313593858084572,-1.11078028231871,0.116475842705526,-0.685186603077805,-0.931799370536083,-0.75493501742285,0.870595759681297,-1.48503232774299,-0.267606131630441,-0.494323689907648,-0.19038428941486,-0.300777946502027,-0.0913107156188148,-0.16502797924154,-0.342984794992143,0.430804862709459,-0.572811700492708,-0.0405999755934959,0.0725129425032345,0.804772891712312,-0.91599752996836,-0.012890312757335,-0.521700025983141,0.435062269476667,0.550316863315605,0.000711225776944626,-0.685211481361699,-0.483385433447606,-0.0644023065047773
"MESQUITE","176","2","10","4",-0.338758796735121,0.258522785225528,0.481636917019761,-0.506187160982709,-0.555079683362145,-0.881372337449645,1.10500957655377,-1.50928660886721,-0.321702133207878,-0.611031814697479,-0.272207046069173,-0.666979986239574,0.178097588372954,-0.0442247864136584,-0.592229874370686,0.805980945138575,-0.405693961105477,-0.231735818036147,-0.0407064612798131,1.10200402942975,-0.974241579679908,-0.083707593224969,-0.602456640495733,0.470807501221635,0.680895571200296,0.0992593012139637,-0.575859698879073,-0.211666546565561,0.178963207105192
"TMA_990","177","2","10","3",-0.497743531351665,-1.47167060321437,0.0430801156891858,0.0944362559374384,0.345620525284924,-0.0897003486014345,0.809586965346136,-0.719741553595641,0.0139214628754178,0.105275035203889,0.051248045553402,-0.123487856870427,0.468238727961959,0.25000031732073,0.18025017591598,1.09381567989678,-0.131132963169585,-0.10377932636113,0.364558839719255,2.07676232868745,-0.830566535246728,-0.018314497771353,0.254470722683999,0.615268837294699,0.927126549459127,0.336924261546661,-0.459119930234888,-0.0883413345130818,0.764858563219796
"AMERISTAND_803T","178","1","10","2",-0.00287097757002518,0.856385647865364,0.248207673592653,0.695958950017334,0.723028261103576,0.740579966909476,0.746875910976632,-0.394683838267683,0.437111116737459,0.502039577447758,0.436982040717337,0.695073728264278,0.586045144629015,0.863463411773461,0.946253457634917,0.985402668739318,0.211368225285253,0.154752882481126,0.893670404387292,1.4910060869957,-0.718753402753876,0.0470390472441087,0.95759202450108,0.657576933539879,1.05506651311967,0.743341593444556,-0.446302957290577,-0.256760030122623,1.14440408472833
"NUMEX_BILL_MELTON_FG2012","179","1","10","1",0.362839022265745,0.364560480422493,0.357144613773976,0.747867276668527,0.732126515809752,0.758228072082991,0.753996273992065,-0.248506605901835,0.295615932709451,0.497687422053245,0.803535416964778,0.835673423600261,-0.124882234910258,0.816800871900503,1.08637348857278,0.599863255348565,-0.0712208960871957,0.234934554326969,0.999810195841852,0.394027302349723,-0.691552510383702,-0.041810951000601,0.869605822128089,0.612679286777697,1.03385528913723,0.454354940761789,-0.68303769121456,-0.676511023998791,0.884624363485829
"NUMEX_BILL_MELTON_CA_2019","180","1","11","1",-0.289205910198269,-1.40257890132072,0.261905029705991,-0.166385386324061,-0.749522231301922,-0.477985656314397,0.618322757583515,-0.762831700598562,-0.865004829432252,-0.202665610816222,0.000962980004446654,0.0266459201751229,-1.58160501646242,-0.285270920171302,-0.45692504761345,0.0876028914437824,-0.626199600673167,-0.962541048688647,-0.437229457965959,-0.311541591881848,-0.818383492964709,0.249514723950042,-0.338034446540276,0.357496865604921,-0.190389330539771,0.929755925835405,-0.191737653059468,0.108411520919048,-0.507958272574908
"NUMEX_BILL_MELTON_CA_2019","181","1","11","2",-0.290274601679728,-0.81110251606772,0.166017736581283,0.134688057201862,-0.813931310632595,-0.443509146609695,0.595274679603675,-0.554278474743121,-0.950942908394326,-0.168516473600299,-0.324262497957941,-0.0135367938932512,-1.97459748722724,-1.0485629888661,-0.304186516875084,0.183378793180542,-0.606911954748414,-0.721876789479062,-0.128421450112799,-0.551946504927597,-1.16988914916631,-0.33006277699845,-0.171196184873811,0.3435746020473,-0.107297934434385,0.257648814937558,-0.70124412960202,-1.22533369826601,-0.508336671819875
"NUMEX_BILL_MELTON_CA_2019","182","2","11","3",-0.244827652660064,-1.42364737280817,0.279774936296108,0.0388975699662151,-0.753903412688265,-0.394739864050996,0.889141849462415,-0.57368708765077,-0.3042771491428,-0.0712541623342104,-0.303350837648176,-0.0299031251306292,-1.79806122542321,-0.409091073020178,-0.110964483324874,0.569194236997082,-0.578735085015995,-0.58183903246997,-0.0399760402202776,-0.0597107292919529,-1.0438735569945,-0.24666063620215,-0.117030014923748,0.273954669260855,-0.00603761186404514,0.326553887410128,-0.625026501156428,-0.914529215915157,-0.536528074942909
"NUMEX_BILL_MELTON_CA_2019","183","2","11","4",-0.592548150124125,-0.422867035808034,0.297254184179558,-0.6243894985802,-0.958540950458829,-0.713503868859298,1.33005779096541,-0.898403339774056,-0.218516965989544,-0.561945393816714,-0.665084897316086,-0.521557574051864,-1.12114360448631,-0.695260908525676,-0.698489695301583,0.407614394715465,-0.781788479027289,-0.71639753344671,-0.323387419689152,0.127758633476669,-1.07752708256686,-0.30336294456103,-0.54615221470165,0.159603780052689,0.128684358215165,-0.00798063149559636,-0.701318909006031,-0.778165152624722,-0.222025928377271
"NUMEX_BILL_MELTON_CA_2019","184","3","11","5",-0.65158514499582,1.05194641717908,0.68673496355231,-0.4463463260995,-0.468683071955267,-0.776985078090169,1.53234506654201,-0.952397333100296,-0.212552823324206,-0.523915440763946,-0.546173721236149,-0.734382449850925,-0.546624505307469,-0.412343036279215,-0.749028130253285,0.806233746816588,-0.450567412059037,-0.726489030401262,-0.348616053351685,0.868050816810712,-1.04216523038958,-0.323743283809175,-0.47542998039926,0.20586100761304,0.284866640681358,0.231041094743129,-0.443501371838928,0.0336898010806947,0.0836275644789385
"NUMEX_BILL_MELTON_CA_2019","185","3","11","6",-0.853525685710803,-0.181823810508689,0.589331141510853,0.115784039644464,0.421178316818172,0.0582082707558518,1.32241568021715,-0.120012109745157,0.197117669908625,0.252674350196282,-0.134658440656717,-0.181455386945913,0.0859578633120264,0.266391294476033,0.193715175332933,1.21243302081411,0.0613488486380982,-0.395784961268748,0.165079494898099,2.00202189326042,-0.812422027070368,-0.190604778201639,0.501459124470979,0.364322807590691,0.535593696331424,0.719996006923588,-0.213951374244583,0.250089362198229,0.746468814003875
"NUMEX_BILL_MELTON_CA_2019","186","4","11","7",-0.49932208496367,1.27636184070518,0.883835617155062,0.467578541398132,0.62482685882668,0.704535377367721,1.06184359008466,0.00518355928595217,0.436263776465898,0.611849786055323,0.349118956758479,0.633738037110438,0.221776540004292,0.878888892473535,0.965109962777341,1.11932198922963,0.424781027657886,-0.0770093330184795,0.688832058251653,1.39223266998782,-0.676895197788688,-0.129024812189737,1.18022445553918,0.40985059872035,0.687644491274226,1.2927305857869,-0.182852424707565,0.0889681217759166,1.09296761521304
"NUMEX_BILL_MELTON_CA_2019","187","4","11","8",-0.146133065072602,0.604152491332124,0.898196978586325,0.395946487301954,0.293078304068958,0.415602214424475,1.05800623418066,0.00274301821430651,0.181151466767372,0.539237481608105,0.60688543063945,0.661317380340907,-0.550435972896338,0.994018338324611,1.02919907438534,0.769994013409856,0.21333977464955,0.127850618782781,0.76000313445791,0.620185716107034,-0.610975882615271,-0.211597889479648,1.01261716655991,0.411890698426638,0.670679619901211,0.938936560001234,-0.434470911679284,-0.425452241135614,0.810720321078093
"NM170506PAR","188","4","12","8",-0.246006043404106,-0.92203831431517,0.162621681967141,0.0536898119203918,-0.325346796038931,-0.196189925963181,1.13378880888612,-0.377370756751318,-0.460551048358179,-0.0157976660294726,0.313314428741333,0.26924803963598,0.176330940047912,-0.0604533524316985,-0.119555613864987,0.00416698087332629,-0.206248701774405,-0.759331720056663,-0.111829804135972,0.713340869313967,-0.600373434029467,0.397841219920633,-0.137541777989443,0.492919495712154,-0.223108764912047,0.952984909651647,-0.0416831549510251,0.70264452640898,-0.375912898552283
"NUMEX_BILL_MELTON_FG2012","189","4","12","7",-0.358052728690982,-1.28256839788496,-0.0897215123115574,-0.182103202697097,-0.37928825377006,-0.0588885740742555,0.969136662577023,-0.0722249313536335,-0.455661735584362,0.0766218995410337,-0.0633783310875214,0.377111597392826,-0.0360577008415908,-0.567282638612984,0.0865470942703999,0.173425503897153,-0.15031380302663,-0.455439118648313,0.260543908251004,0.920635727590901,-0.954868079149139,-0.195102777946427,0.0815109702042382,0.47298778679675,-0.101655032253405,0.249218183895917,-0.641477770846181,-0.864725178128785,-0.269807961768827
"AMERISTAND_803T","190","3","12","6",-0.299527303475336,-1.34924917483552,0.043950359735964,-0.268458213075072,-0.460174524600465,-0.210527193451266,1.06277409394488,-0.15209037596276,-0.0225853947584904,0.055931418878251,-0.350487293698084,0.0519338893454917,0.0457041318197272,-0.0969020993350695,0.0509714047396332,0.595022116411344,-0.164746502509688,-0.462797920902759,0.177822327960925,1.65958563403178,-0.893034142663295,-0.182588151493175,0.0402738706866409,0.421198067111002,0.0185571940272536,0.210550294044578,-0.648239066705258,-0.854119798268509,-0.367404342840311
"NM1701PAR","191","3","12","5",-0.500164593724614,-1.11960460945374,-0.0578714572254816,-0.586689887568909,-0.681523478374079,-0.576145538798686,1.3936547344533,-0.497920787647358,-0.140118719991296,-0.406672769311797,-0.698582356226017,-0.440836559329835,0.526464042167868,-0.428456471013833,-0.513804906652805,0.467182927536272,-0.458219495063802,-0.69957068743234,-0.140153593639977,1.6661790175132,-0.938100310105424,-0.273632782949823,-0.330717458090232,0.325311331654612,0.160986452211745,-0.133533310400215,-0.739247056546249,-0.856087820747161,-0.0264707277003675
"NM170506PAR","192","2","12","4",-0.516646584648872,-0.0526940688193496,0.241046745829188,-0.719465908540583,-0.370319430671469,-0.684317668960006,1.57759152007093,-0.539877975540645,-0.196750843041288,-0.351816186191088,-0.465211622836083,-0.557247041901967,0.853939203910774,-0.284678195205922,-0.496373120838928,0.784802858974404,-0.214875918222274,-0.710877299997688,-0.109882325176512,2.10418133815816,-0.918143961245815,-0.328154143168257,-0.284928519697885,0.404253270458772,0.253032267195156,0.0394699933766236,-0.491295300182342,0.0550390046801417,0.295925503921166
"NM1702PAR","193","2","12","3",-0.656688414244055,0.0792556261709984,0.42606438751854,0.189084262468755,0.474200453463174,0.24372263568648,1.48039493608667,0.41802264784437,0.258223801992841,0.419289240400403,0.246854346475122,0.0744814166848808,1.36092906796596,0.480653074312279,0.536185235599077,1.24471513639663,0.372950912587677,-0.277730008904559,0.484812031033073,2.76842293357597,-0.681466073858605,-0.236560079656937,0.785762481069188,0.58316712291335,0.450795539241528,0.608055047109994,-0.151079379770078,0.506528349009582,1.03726350381151
"NM1713PAR","194","1","12","2",-0.367228670886542,0.718413648991784,0.790557883396219,0.526043060008735,0.572649249126937,0.729138284313776,1.14635613187791,0.408684342560838,0.466933175877877,0.701231878690289,0.744907564687851,0.783967225304018,1.48913786760236,1.06688135695878,1.17645623541184,1.11649156338476,0.638909175516482,0.0286188362810853,0.979755974979995,1.85001517508952,-0.593283496456595,-0.222182913245357,1.33605340816214,0.60180219913052,0.551722511874531,1.14888956592591,-0.147474091304794,0.331021073003414,1.31382252000089
"NM1705PAR","195","1","12","1",0.0478205635658545,0.483919604371875,0.645336639702722,0.103929195423159,0.132886919112913,0.32250244420348,1.21067016030513,0.257241604067318,0.246479419609653,0.589075393704227,1.00948689956129,0.80549246167019,0.795140392691339,1.31347515196729,1.21832329372847,0.785372137149252,0.362531060259908,0.311004278990901,1.07263384608462,0.814769106575711,-0.524426626817905,-0.312199688764024,1.1485776583681,0.589546084935326,0.502216746463346,0.798391853306178,-0.341519582680965,0.0104582736292498,1.04727118722209
"SW_9812","196","1","13","1",-0.162671477928696,-1.78572690238538,0.272352132226044,-0.641396894375662,-0.471769874319213,-0.527495456530949,0.889977839362728,-0.524256844223427,-0.752267178614428,-0.175976227987616,-0.246226156404582,-0.209228806393993,0.337540455019404,-0.61708358180997,-0.392738501026723,-0.259848918978648,-0.54555193219451,-0.691098519996191,-0.372354749841896,-1.18223299496034,-0.839019190458499,0.389966695597239,-0.187732204955905,0.580050291607737,-0.515691994848006,0.668453941745054,-0.353253360890632,0.771143831676019,-0.353196450918499
"NM1712PAR","197","1","13","2",-0.345770574906294,-0.492460656575142,0.131042357772651,0.103577455539404,-0.0200289800383023,0.265078053298916,0.653997049299723,0.0919165126344744,-0.321996668692296,0.175519405203802,-0.241186067242475,0.361373476387676,0.524909199914233,-0.737161670600828,0.217790682340719,0.139249286975698,-0.33556505757984,-0.114314055455076,0.281516920726455,-1.05060879989276,-1.15705139193296,-0.174866007693748,0.36012737520867,0.601430359555532,-0.324598934247282,0.187751514200317,-0.944197440511325,-0.974433888741184,-0.0571828437540876
"AFX_779","198","2","13","3",-0.42204673334246,-0.156118213026759,0.307355120235806,0.276172084586449,0.0643047579247814,0.173991744120781,0.711786975624561,0.142656467956598,0.169948834890254,0.170878130923888,-0.652200486462434,-0.108213340701839,0.817706094625259,-0.468708183470795,0.0986694209067948,0.670118388416386,-0.292308732627824,-0.105052519968709,0.165991146855403,-0.730057556621214,-1.13914320438637,-0.147301359002247,0.272465420184009,0.599613615825338,-0.16231897573979,0.181896683144477,-0.95857732654462,-1.04282379366628,-0.179106690360852
"SW_8421S","199","2","13","4",-0.659241295019676,-0.0388716346323263,0.217003067255366,0.0703151832762292,-0.130890170619293,-0.173616059722723,1.03500769994927,-0.092761924902618,0.146079280525047,-0.217083605756998,-0.990329704036813,-0.572256003167872,1.32968370322728,-0.833070290583691,-0.359828666776586,0.595574877101516,-0.488740950148738,-0.412452010112981,-0.128694529648771,-0.773582024558685,-1.14982013173643,-0.213300824766701,-0.0663574225051424,0.534366587908484,0.0187071997046878,-0.195298392729923,-1.0586177845607,-1.31234236330347,0.104216388045723
"SW_1011","200","3","13","5",-0.745034061177537,-0.103069317640652,0.44621615165144,-0.19225184006534,0.0952498819643739,-0.220330309677335,1.25440906520314,-0.026943904934153,0.138365485959906,-0.103706470518201,-0.717668254930082,-0.608602379371507,1.54691039036383,-0.691587698008525,-0.194526878880547,0.923873899806119,-0.176700408777859,-0.327226434959278,0.0015644327920476,-0.422934211739255,-1.09481079075271,-0.256978202273704,-0.0532950785832775,0.635483904040492,0.0733479413944329,-0.113788023129124,-0.971178674132016,-0.754256275864856,0.314696537362839
"SW_9813","201","3","13","6",-0.841954054077225,0.0709674822244809,0.702764042158769,0.78523557193174,1.01881722692194,0.821025297169372,1.25539528335533,1.0569945107552,0.576305845331531,0.673350741217689,0.265852602933543,0.160550675146195,2.03735883836607,0.0797705943207875,0.950115024356498,1.49122949307247,0.503722186194133,0.269326246047358,0.691938867894567,0.0732386270975948,-0.845991551997899,-0.219283008190878,1.07967610217245,0.796709086094695,0.244779317059856,0.500558199994908,-0.628883111556726,-0.227786507136848,1.05939049953562
"SW_9812","202","4","13","7",-0.739665221377963,0.892127650883394,0.959778114954746,1.02703633694343,1.0941084719396,1.11930285012262,0.887395655358052,0.991107891388275,0.648141028930294,0.849899840816058,0.792727038937804,0.818418316396664,2.15249170085188,0.625188268247827,1.4723714890254,1.43481519314278,0.680557544948885,0.551911671072282,1.1931049700261,0.205455366869634,-0.777032555621472,-0.275514826976814,1.538283295005,0.757178178932407,0.332725919725883,1.0386000700459,-0.667347116309689,-0.425157652665007,1.29286463480064
"DONA_ANA","203","4","13","8",-0.29452189869987,0.916208930813024,0.640984815444523,0.390457879294048,0.653219389686908,0.677835330064671,1.07728152541752,0.790048009396306,0.489088828490409,0.752843832289259,1.22938653565129,1.02640780611223,1.63900568273076,1.23796633978007,1.62764448401331,1.12128817675918,0.413058362098132,0.846429292154084,1.37454146309508,0.191527685305733,-0.705729030679493,-0.401141480674314,1.39604888710816,0.692753716893704,0.248518928399679,0.733677636774538,-0.799597673871085,-0.360161404542014,1.07806286892274
"NUMEX_BILL_MELTON_CA_2019","204","4","14","8",-0.390980083252327,-0.298026821947891,-0.0093763191043434,-0.421445853744223,-0.214584421470944,-0.190309863198054,-0.0527733239203904,-0.690504452342907,-0.399952573410184,-0.0460029498158774,-0.0785074419711321,0.128005783134661,0.331863339381481,0.00210203697755616,0.00997106954513134,0.0266364338702278,-0.362617879655746,-0.2815001623978,-0.0761446790844579,-0.897847017680739,-0.31378757153277,0.31807053411775,0.169285616430676,0.774950437246455,0.0274650782279552,0.622651368795474,-0.469845597343548,0.250605428049455,-0.109130882087289
"NUMEX_BILL_MELTON_CA_2019","205","4","14","7",-0.550338622132647,-0.260594881431878,0.00957504002994283,-0.293550269738032,-0.0223150393474827,0.365057666462092,-0.366952679530509,-0.0620425568604902,-0.211376293126067,0.154777269286892,-0.337975929026457,0.408592813909889,0.494762321387644,-0.321098132575391,0.349083620074132,0.251770377015947,-0.306052468397775,0.183188669459321,0.407190461123971,-0.877431367228841,-0.669378312803064,-0.206912298602222,0.485956532207066,0.79714885852486,0.171401912457459,0.0238221742277783,-0.96671886859233,-0.952161056902648,0.0918457081542
"NUMEX_BILL_MELTON_CA_2019","206","3","14","6",-0.680733101596646,0.357962698943885,0.219332955664175,-0.221071512472236,-0.051792592631698,0.240792997363941,-0.385611139824693,-0.0200385618654421,0.0651655202580123,0.0423136342938711,-0.946919461453238,-0.187506266302714,0.838188690276028,-0.38763635012736,0.116069382835213,0.730449487577224,-0.324885630973052,0.168721413228022,0.184066737721968,-1.12548931138358,-0.740004173131299,-0.147919950697235,0.349993573508446,0.77547951312686,0.324868748883262,0.0748540683747772,-0.969441314377461,-1.11682915620424,-0.0717760752160961
"NUMEX_BILL_MELTON_CA_2019","207","3","14","5",-0.903252696582559,-0.0895406825215011,0.27502679187612,-0.356916123587545,-0.490766476086385,-0.35092731585243,-0.16200363622916,-0.321750175829262,0.0307686994020505,-0.46615118265081,-1.5873944707175,-0.811249126186757,1.41059545555382,-1.00995990613232,-0.447602386735612,0.576813835754867,-0.557052037013379,-0.2646780248475,-0.21847116312563,-1.46525067463676,-0.793796656691556,-0.201146007314781,-0.0426358446942298,0.710469678803044,0.450880899164893,-0.301389719271509,-1.05562549618182,-1.44693884990475,0.0889615376408607
"NUMEX_BILL_MELTON_CA_2019","208","2","14","4",-0.937167874983419,-0.278658018815091,0.602488433215992,-0.448983928609775,-0.500254293104997,-0.40242274805133,0.0730372518417172,-0.339424348621691,0.0679616547695677,-0.393317977778678,-1.28617015460619,-0.696102752510326,1.33255254557201,-0.805745013888603,-0.266274905661785,0.729753309722713,-0.410967101153469,-0.193334820181574,-0.111764307771492,-1.35552992695845,-0.796474033426959,-0.266541597628072,-0.12144722140551,0.819665460997737,0.484652468987883,-0.215457714676187,-1.02351404567821,-0.903414848944317,0.114216981183232
"NUMEX_BILL_MELTON_CA_2019","209","2","14","3",-0.888160726080697,0.169532475922249,0.943600629493259,0.0247471545299975,0.105224355972874,0.41720504322442,0.152957116162383,0.586377599340588,0.366569195751652,0.140460912975971,-0.397459952555071,-0.0568706621892792,1.53069047765167,-0.164412243433272,0.666872254232351,1.25522330809823,0.176800704235037,0.416511738498017,0.401375774341496,-1.37772863573199,-0.617269559991166,-0.348159079638589,0.791687196512923,1.01061391551099,0.610373377748837,0.282638982311985,-0.761701535990648,-0.403316420193524,0.723234901793287
"NUMEX_BILL_MELTON_CA_2019","210","1","14","2",-0.847582385925888,0.366192993838908,1.13107678650778,0.127689629576608,-0.298710102767362,0.247274863380211,-0.109761908650032,0.266672922700149,0.149646928381566,0.0101611980136036,-0.157687675420688,0.25250739101495,1.28058740381845,0.181787296295695,0.792791888828351,1.15003136400187,0.157529858484472,0.53983375358732,0.664208888108471,-1.14905288360809,-0.641547165400525,-0.547148296012871,0.913860030406654,0.958112918387735,0.636253768691389,0.578638233779946,-0.943492749505976,-0.754088853302188,0.716065300237439
"NUMEX_BILL_MELTON_CA_2019","211","1","14","1",-0.335173511705153,0.812556017623394,0.838170255865169,-0.146210835504336,-0.794241968165688,-0.175503980733205,0.316537386944996,-0.0199569272175444,0.0481404673984922,-0.117788956513459,0.231490335407162,0.40947883329531,0.788219753868748,0.905682803961708,0.945861873531345,0.824301945796078,-0.111999005314552,0.776700860234268,0.773042292107694,-1.06055687847768,-0.626883304386963,-0.768630350701818,0.737461651033676,0.895820701205367,0.503830787637092,0.178801962266023,-1.10790014316473,-0.770619718112001,0.463056052475009
"NM1701PAR","212","1","15","1",-0.615749469303224,0.247203308795739,0.0422357302485974,-0.258192302203044,-0.0846441070486494,-0.1317348106235,-1.54873033379783,-0.561920385178509,-0.0234967573796381,0.390388024845026,0.198726173223646,0.441523566391328,0.0567545330160957,0.895141496762926,0.0813624338323217,0.386078269646784,0.202397254230848,0.0838325437995684,0.0762623037632452,-0.201165525587502,1.06470429876298,0.789958207823141,0.388001688324695,0.70018373594175,0.644826788560166,0.992785283059177,0.592560976221504,1.01451677009812,-0.0335952593526914
"NM1715PAR","213","1","15","2",-0.781369013356951,-0.478540305838801,0.115574256352048,-0.501216704484442,0.055222281786613,0.27683971332627,-1.72787043583718,0.131289673300899,-0.0278078135361018,0.626021347374377,0.0172393336336781,0.600421492831979,0.13774567910523,0.475048231539316,0.36526866284869,0.537911277666347,0.303892285815556,0.565562777639082,0.462463965969128,-0.268770387372483,0.790908786386463,0.314293787944476,0.562227319094193,0.756951882566369,0.749766594904293,0.386684728172852,0.173132599652826,0.148494053406464,0.171681269479535
"NM1703PAR","214","2","15","3",-0.955989261824095,0.181725661036644,0.209996414354845,-0.345669925532131,-0.0353008369766319,0.206767688099349,-1.63532005523814,0.233335226157678,0.079035853735084,0.555859231254438,-0.563089555302598,0.0433558299179269,0.663330154643796,0.367443731316158,0.26930194546944,1.04128870377139,0.379091905541551,0.539098157636833,0.288465013576425,-0.497459189325618,0.708686857996703,0.383743746472173,0.501785866139784,0.759536726800949,0.845675515046309,0.439490701937304,0.108335378266019,-0.155697454873422,0.111169194037535
"SW_9812","215","2","15","4",-1.11789299478241,0.391495784811658,0.273548659162237,-0.471116977083331,-0.426957725315448,-0.306616259573845,-1.50684810742872,-0.0296781402372323,0.0176228235325847,0.199283061687462,-1.09853163977215,-0.407963352916744,1.41671200118631,-0.203543746559613,-0.0856360426940459,0.966740536420796,0.270851141727237,0.207461991150814,0.0113429307513923,-0.831473660315768,0.645732442235573,0.328679526482943,0.290711386069857,0.70635526691998,0.919373785561605,0.166663776943369,0.028085743790323,-0.556819101468128,0.351831748995669
"MESQUITE","216","3","15","5",-1.0987848050961,-0.192220779960098,0.573930119431192,-0.34852603011335,-0.510794381824096,-0.28582146327103,-1.41891559317692,-0.0792964652169701,0.145169467729716,0.318046145378082,-0.682910237867672,-0.0921102411554995,1.41524855143479,-0.0115014341968967,0.120606812868808,0.947487260590154,0.293797203022828,0.224745249479255,0.183111440229268,-0.774434786893805,0.579978159442248,0.264477105114594,0.218328089655501,0.772243379554685,0.93674897437957,0.351779062083001,-0.0851480230806257,-0.296475285930735,0.360764680182069
"SW_8888","217","3","15","6",-0.926102847062328,0.448988620566731,1.10737751805119,0.109646035454891,-0.0296891564666913,0.281453880487374,-1.24959226768505,0.829788298332525,0.416191311325201,0.693499128230469,-0.0323286852652195,0.24530316084703,1.70630522085531,0.392318575485529,0.846405470567898,1.43325760562061,0.755663528501945,0.703501616353443,0.570616487620082,-0.60606565578631,0.75462174674755,0.191830160545128,0.995447367107816,0.947893424790729,1.04018697927829,0.762380765115316,0.119664626133294,0.302375994483867,0.941961269162147
"NM1705PAR","218","4","15","7",-0.835223390806147,-0.0185544432131222,1.35237054700974,0.167011062173104,-0.392434628113725,0.0443508988573735,-1.47393856611855,0.475775058415647,0.174979382526653,0.452663750930733,0.073794414200986,0.419993012778169,1.29592259714166,0.650872868849656,0.866268985771129,1.35847924038622,0.615043842775863,0.721865028923943,0.753259876103533,0.255933559819142,0.706765250556317,-0.0169891590829024,0.968671402208965,0.896398254657861,1.05418346542091,0.830812451004425,-0.131125359593177,-0.0351030069629732,0.781313855472677
"SW_1011","219","4","15","8",-0.203990445095829,0.850609835140434,1.12918480802136,-0.00145731936094377,-0.573973064512365,-0.147850633342701,-0.948425198718116,0.240616353183396,0.338731080093282,0.428216648572613,0.582206214452614,0.666796071422228,0.84544283527401,1.49889433262722,1.12078361896812,1.02612352644518,0.305985630152264,0.916290146838778,0.896355014535661,0.24283344069328,0.72180736479755,-0.255757848850374,0.88045469505471,0.880721142368812,0.913820003773445,0.363660897511434,-0.150143399818453,0.143301592241767,0.553279324663694
"NM1715PAR","220","4","16","8",-0.498815683282952,0.299714999837094,-0.052792040747176,-0.0143562451662987,0.942920922720936,0.531454996379963,-1.75846586013803,-0.288058592518323,1.05974811031628,0.881814893320062,1.15519526618243,1.03975944678343,-0.36645849223071,1.3114237226391,0.552068444605569,0.0930070954350379,0.713920338338848,0.521556083539343,0.334580269912386,0.911161255449365,1.5878959511149,1.04973035002833,0.560574448891121,0.641685877660279,0.660884035645262,1.60970712612893,1.89884146921254,1.93086233788272,0.223422057197184
"MESQUITE","221","4","16","7",-0.591937448082341,-0.67345575834154,0.198317802740835,-0.417190077134669,1.12750148812697,1.01919442203298,-1.74967752169503,0.502822742101858,0.99865213454601,1.17459827905229,1.15114588887605,1.26307073233399,-0.36742871363759,0.601172857644479,0.891452642766867,0.129414541806305,0.836868166751427,1.0030728490837,0.704609337600035,-0.584575298309598,1.4258781138181,0.640498572819041,0.80344855976371,0.718828910114444,0.698998971898733,1.00657463233017,1.59434295743198,1.34496075777047,0.448178346820254
"NM1712PAR","222","3","16","6",-0.774924974617203,-0.222832393082354,0.277235471189086,-0.306005786426203,0.956989413125181,0.899288915088317,-1.49373931841301,0.681722793829088,0.942091747265754,1.04826034780138,0.298535369617134,0.584554866872245,0.266103501649784,0.381784499938201,0.768552911691255,0.54421019144355,0.943402888077343,0.89949985360194,0.517287356599808,-0.898268487724482,1.39346559334511,0.714289876047381,0.786850180039288,0.76128547132222,0.722135980933381,0.989807231317012,1.53560270939572,1.14887420355821,0.443361926275005
"NUMEX_BILL_MELTON_CA_2019","223","3","16","5",-0.803685837982425,0.226393066296431,0.427669637148169,-0.634974632193918,0.556009398843824,0.450817048172876,-1.36041239150904,0.555079458564831,0.709306822548255,0.831728523568549,0.0512464205884709,0.365291731611885,0.948984446680931,-0.0278500658969141,0.511005655196275,0.504376967308216,0.953032671362717,0.669931332435097,0.348865102760096,-0.851437831470078,1.40368020895734,0.673445720814764,0.730868158601058,0.710401381841042,0.776221769976597,0.72033346674707,1.5657876837691,0.992456736938979,0.714490578026166
"NM1704PAR","224","2","16","4",-0.612761781615498,-0.0941716870053118,0.611789654274221,-0.838446505799494,0.487576170278145,0.626007073164344,-1.30017049293825,0.52034640565679,0.935377442050481,1.03106750320789,0.676299746508355,0.872237799976964,0.912977412106558,0.525370497289263,0.726588977184672,0.405523582973459,0.934168089564669,0.762647794832663,0.614280788855298,-0.504273176391261,1.37092426888136,0.616271803146664,0.661070933982299,0.685089730354338,0.812652148805854,0.988417757216423,1.41433033481819,1.06665902688186,0.725968711184865
"NM1701PAR","225","2","16","3",-0.306100821537317,0.138063282728123,1.12354140195574,-0.557536361723829,0.724712479535219,0.768239491956268,-1.04746805003364,1.2869181145913,0.93213063868446,1.17013703377749,0.733734988104633,0.649543960834227,1.11020189191027,0.4886466261594,0.99857566187928,0.817290217660361,1.23830666015319,1.08863191339656,0.719358976065749,-0.863989665396553,1.54716507498425,0.561683731837781,1.20506634164564,0.796637443108764,0.878568643664286,1.24692207780542,1.6066824732015,1.54659153025674,1.22853659272298
"NM1702PAR","226","1","16","2",-0.366058597860461,-0.166386591067291,1.300461282077,-0.960805489646171,0.181034777495221,0.300062236156259,-1.33004731579276,0.89936923555206,0.548624912476685,0.756925380376901,0.530544570977554,0.54084060030825,0.556378249309,0.434990799972046,0.772049096242882,0.78195466997356,0.943508894053885,0.920016471764345,0.699970769571364,-0.278152817275775,1.47545223758684,0.337434860821257,0.999884521292372,0.748108962451867,0.824722945617448,1.18292722181093,1.33925211231633,1.0348274642022,0.908470137746851
"SW_9813","227","1","16","1",0.223423161393835,0.601973965229159,1.08795117647774,-0.866175342816292,-0.163177135189912,-0.123534774540889,-1.09216839479881,0.529641778134819,0.656679997680601,0.62364714235835,0.733062153934231,0.510709298817161,-0.0249671755469915,1.04778379919355,0.815728515415229,0.447782373579951,0.555030146196734,0.975963202791573,0.694974918565242,-0.336886796508868,1.48418221984276,0.0736147726334806,0.782063054783307,0.710904436002661,0.665141165759705,0.67719718017753,1.37582327642147,1.10067500072062,0.596847720872014
"NUMEX_BILL_MELTON_CA_2019","228","1","17","1",-0.419668770366478,0.616150366639722,-0.553705137071736,0.319214526552813,1.64484951810635,1.46010561049422,-1.85578001956375,-0.172514241627451,1.94500323159658,1.43572228902387,2.12153149295014,1.81602039304344,-1.84750553268065,1.82078144009403,1.09818181978616,-0.0844796985915706,1.74073873078666,1.53108448298227,1.19619552777222,-0.0523625411726932,1.91858346312814,1.71647235046071,0.944947849232162,0.0913668587343604,1.12528866278533,1.78421295146834,2.20190401632502,2.24677679590959,0.794932122087948
"NUMEX_BILL_MELTON_CA_2019","229","1","17","2",-0.48733601877286,-0.0284054642553258,-0.151673621930941,0.540278127055966,1.93480752896577,2.08860877787358,-1.87590367850172,0.747396517553753,1.95398546548198,1.79812590169896,2.26235411556592,2.14227438221091,-1.66966224801307,1.23971872108313,1.54950946567182,-0.0201500056749469,1.94484297069225,2.02466037159035,1.58414671903586,-0.685350836336383,1.84317615399134,1.40499759088672,1.26932727218496,0.172088123895806,1.14923047028984,1.27894204761147,2.04670230421401,2.03419404747149,1.08248676981591
"NUMEX_BILL_MELTON_CA_2019","230","2","17","3",-0.815308834636559,-0.157330681477965,-0.19804705918704,1.07221376817173,1.93507137846181,2.04495196803737,-1.76060616193013,1.09987203489006,1.85563786129415,1.737362996726,1.32573069174595,1.41635147976721,-0.792522235464467,0.839330934508322,1.43829377023236,0.351091158104031,2.05687346685555,1.88011807791946,1.35080081878586,-0.616242360055577,1.83403257447581,1.49915384205816,1.29413442620361,0.217905537658806,1.13343583578341,1.22548048913721,2.00041401372566,2.03744899049166,1.1338532216921
"NUMEX_BILL_MELTON_CA_2019","231","2","17","4",-0.769962018340254,0.501514049831768,-0.197595180094335,1.11146292578522,1.69109281005989,1.77848081268535,-1.77612791903269,1.22611210164343,1.73260711467284,1.76095334063143,1.51821242174345,1.51054096121669,-0.155606791050506,0.649257130560811,1.35447365447719,0.409151500788148,2.24457818245113,1.84325807546225,1.28914008747497,-0.351233930670466,1.92411833879304,1.49662334525663,1.32700085033522,0.113531157305023,1.2331525110524,1.05641811828628,2.10443209317104,2.02586833660996,1.42647897609713
"NUMEX_BILL_MELTON_CA_2019","232","3","17","5",-0.562981315547189,0.683956234588558,-0.47195416153918,1.52650612725471,1.89018630679881,2.32115532441292,-1.95986832523248,1.31834402597773,2.25830967205796,2.19292971387955,2.4779804895586,2.43324982006288,-0.16214219855215,1.48376735811905,1.76455687280939,0.423415539902361,2.35766333852278,2.21590267751131,1.74069275427767,0.536941313514816,1.9710493950087,1.52770183917853,1.44619001283295,-0.0811148245377734,1.37121285969055,1.53109668552314,1.9812052575664,2.05204758458928,1.52145658758902
"NUMEX_BILL_MELTON_CA_2019","233","3","17","6",-0.0227021031655673,0.647833692244123,-0.261536739641504,1.90948743576103,2.14512976823065,2.29364844108186,-1.75968603990799,2.03544492478186,2.13490751468568,2.23762190026437,2.00916943219357,1.91562455179069,0.179969726831622,1.08552936906126,1.76243554338685,0.845303757862829,2.5922055304859,2.39028249811969,1.6549911707889,0.141835016063959,2.11378675880471,1.51597085672669,1.9003657641781,-0.097282162557304,1.39929830013635,1.59289559920938,2.05955177831402,2.19174730155918,1.98728043819274
"NUMEX_BILL_MELTON_CA_2019","234","4","17","7",-0.254455813008335,0.0044279804393185,-0.671426242680833,-0.00179747419876909,1.45314043576773,1.37387975675871,-2.06361750186404,1.60903086429866,1.57702895919753,1.70794104342848,1.42358940447429,1.38785831898366,-0.267468657403518,0.674008369119667,1.16088712955174,0.800916213569567,2.13381606965518,1.95185882294184,1.31238525654827,0.283733367694932,1.96358436876855,1.26151437366355,1.31558353171912,-0.099564939660977,1.26174129541884,1.22476770711289,1.74169619423255,1.47684503310191,1.41178294356948
"NUMEX_BILL_MELTON_CA_2019","235","4","17","8",0.303310157650649,0.515850674365828,-1.27818172068968,-0.883648271643752,1.00132899664969,0.602069993846334,-1.98167145715765,1.15926544242524,1.664680557708,1.45201357706399,1.41307065545135,1.12845061932169,-0.720712400686466,1.09510244790174,0.990391237403826,0.502026034556152,1.66492778008266,1.81036185790178,1.16990155430987,0.108145586802425,1.92997790679788,0.945584110005566,0.913280520010034,-0.176566261767724,1.06059426610528,0.577493327292248,1.71676967435198,1.38048088456136,0.977438200474422
"SW_9720","236","4","18","8",-0.372869788539525,2.03632643315049,-0.37677924815302,1.9885683040961,2.39616964594399,2.13322044330639,-1.6075022720027,1.57746100453065,2.2916861008488,2.07218645136393,2.78751963798861,2.40966679095521,-0.85220416258226,2.80252317025653,1.69390826699036,0.382599612084579,2.06027325654724,2.01973551900061,1.85491002107923,0.107062604743385,2.11710366400854,3.17362044368993,1.2752916437418,-1.04317664622226,2.17866083469544,1.90752497871203,2.39177010292009,2.19215924457011,1.65411848336354
"NM1701PAR","237","4","18","7",-0.515215191773484,0.44102996714635,0.0694014618200403,2.40584094318568,2.60918095064623,2.71987081207708,-1.73811531727743,2.47270942973699,2.22868883142886,2.41822229690158,2.88972510243443,2.75438223215488,-0.622717803120171,2.32248272000814,2.20211113776798,0.483789497834848,2.26590991441774,2.47518603129422,2.22149161718148,-0.0702437937043562,2.08814250656556,2.94930846342294,1.67397361749434,-0.995474626130192,2.18782430597118,1.51040920212426,2.3279687862044,2.30909838210806,2.03514305038655
"NUMEX_BILL_MELTON_FG2012","238","3","18","6",-1.08822216909187,-0.227004269412718,0.134161565435069,2.5489398036468,2.64218466905269,2.60250830923349,-1.74590784633097,2.84932597138237,2.05603172280792,2.36206629056145,1.87560926589362,2.01861807244196,0.159035607143019,1.82216095698105,2.09379407135506,0.835310867230024,2.4117191795425,2.31599106410473,1.96145787158455,0.126601729475911,2.07902999713347,3.04517050169649,1.74866854708754,-0.958610398822342,2.13933792379341,1.45104002070477,2.2493684693631,2.27501030775019,2.10928246434195
"SW_9812","239","3","18","5",-1.16120605117532,0.582070107386598,0.0682195290355506,3.07862109025298,2.5451794351595,2.64969877340163,-1.76039781230502,3.15606736196701,2.12325735335591,2.51781066231184,2.4391309103069,2.50744435433302,0.675081592230639,1.87150394066279,2.28036336123142,0.990532822219545,2.73459271765505,2.39742533347656,2.01964576413008,0.612579049323361,2.2153410872913,3.0859637379949,1.98163945815222,-1.00759950147532,2.23151297934059,1.32477998430262,2.30861661851253,2.29891528964305,2.45221115152781
"NM1705PAR","240","2","18","4",-1.12437163080279,0.142248339170431,-0.0996123609305222,4.15203262168572,2.96825481664322,3.53006676276678,-2.00583374914149,3.3573558420634,2.77956506205774,3.02757643643542,3.56599707885959,3.79664507508451,0.838733564857595,2.73201724761561,2.94390334901915,1.10031417072682,2.92228392093684,2.85877698959375,2.5921068111313,1.53904098016173,2.28658555613583,3.1664703702128,2.30848697359781,-1.14037241817798,2.34089240756207,1.7993964760648,2.16210703014693,2.33249472256265,2.62285812462258
"NM1713PAR","241","2","18","3",-0.396783503109621,0.772375665017449,-0.206405435105374,4.14055986630518,3.25537689831687,3.42202477033432,-1.93453072319051,3.88194030184619,2.537965657664,2.98492579768127,2.85552330598002,3.02437342456868,1.20369503906104,1.89891699028742,2.7180723807484,1.37536860407746,3.02534480386671,2.92230751033839,2.33505155643598,0.55808295454075,2.36131638884025,3.18364744497229,2.56885288345273,-1.26171474650403,2.24534512819802,1.66002121796147,2.21186323083017,2.5496840577536,2.99574293700532
"SW_8888","242","1","18","2",-0.749830843676163,0.399987386313046,-0.727301972508123,2.72888500467209,2.69016426568559,2.57444455264451,-2.13645920142201,3.50841032720203,2.07176311017127,2.5427522771026,2.23935722951702,2.39246351206057,0.813862507859449,1.36925541638986,2.08071277349099,1.23800945277227,2.51555684258393,2.42673399429209,1.95081148596384,0.53245121643204,2.17375713872814,2.92356149620409,1.90781772921216,-1.28763660549407,2.03259646638002,1.18158647453515,1.93892649888697,2.00283829430656,2.38043367110331
"MESQUITE","243","1","18","1",-0.335314187756755,0.657945603278198,-1.2986730037624,1.52195373578098,2.28972771219081,1.83261551060856,-2.0845449339208,3.06293766908653,2.16358008501314,2.32468290559443,2.1983343608272,2.17471535265491,0.393572177058205,1.62541766614944,1.86720633681489,0.909046616095267,2.01227702376282,2.20080164649124,1.82290276026246,0.246188844704586,2.10409760626076,2.55783482913841,1.5172186887903,-1.38485178894107,1.79149467771879,0.505699234324057,1.88971299274403,1.86207372744381,1.93575012469764
