"Germplasm","Plot","Rep","Row","Range","GNDVI_62","GNDVI_76","GNDVI_90","GNDVI_96","GNDVI_104","GNDVI_110","GNDVI_114","yld1","GNDVI_124","GNDVI_130","GNDVI_138","GNDVI_144","GNDVI_150","yld2","GNDVI_166","GNDVI_174","GNDVI_180","yld3","GNDVI_188","GNDVI_194","GNDVI_200","GNDVI_206","yld4","GNDVI_216","GNDVI_222","GNDVI_228","GNDVI_236","GNDVI_240","yld5","GNDVI_264","GNDVI_270","GNDVI_278","GNDVI_284","GNDVI_292","yld6"
"SW_8421S","100","1","1","1",2.15573423639979,-0.556912521943889,2.66199386987296,1.09820660884861,2.03738720797933,-0.410497790665052,0.0251091435439448,0.408641053282265,-2.08616745604948,0.733634089084852,2.06053473019026,0.42983083871195,-1.27185768205468,-0.601903945420403,-0.834916514611604,1.95115027777866,-0.0936137538704255,-0.725430765453502,0.536211808126727,-0.758328891024098,2.54477299359357,-0.202694986741674,-1.42985630461357,-0.624943604547668,2.37795502151159,0.72509110503142,1.45977666141125,1.1069104550809,-0.9094044668019,1.47484054326788,1.21482022782895,1.60041395603205,-0.765296563096405,1.24123021495886,-1.09298353400178
"SW_1011","101","1","1","2",2.06473968845709,-1.03575095126615,2.23705138508479,0.194755135825956,1.34248041898726,-0.237236542552839,-0.873731345458982,-0.220340067322245,-1.98358501768717,0.23884136508228,1.9429688520004,-0.0713350775481432,-1.37840031550489,-0.89636270896031,-1.05475868145002,2.2213056386685,-0.681342384566136,-1.2758843342524,1.1372279635168,-1.09575637124092,2.081424886241,-0.490466287061302,-1.72826132585451,0.633608216060115,2.7674814922595,0.872778132293081,1.22544687291011,0.936628975999651,-1.33888159761311,0.441612223024582,-0.0153219402253016,1.18406074166487,-1.10532816302559,0.564908657709279,-1.55413593493422
"SW_9813","102","2","1","3",2.45208767283852,-1.11036554304502,2.08044957811035,0.151514039447077,1.16445017806693,-0.724795157779728,-0.715009919940834,-0.0676465444207487,-1.98523681918825,0.189498975522655,1.95386644744567,-0.0514504559368832,-0.613254117231032,-0.233083404999605,0.138579179799771,2.83750873911956,-0.502714780229057,-1.32217316067046,1.21726472110334,-1.06326472467934,2.3920188556914,-0.427216810282656,-1.51169090373446,1.22840614374736,2.98134313168595,1.25094168727724,1.29823794495131,0.971033809679429,-1.2332202348756,0.659124735666878,0.480985922237891,1.18444203530074,-1.18412278322257,0.56224742418183,-1.54627922085644
"DONA_ANA","103","2","1","4",2.37281458631741,-1.42365346935217,1.37184660819038,-0.415976179973641,0.777229018763243,-0.395949923965089,-1.33802498020381,-0.456693329323827,-2.49966753417361,-0.503434690864295,1.55084751262548,-0.365430970992075,-0.656485716414898,-0.223897149705252,0.34537977281817,2.69320670291917,-0.708730552549938,-1.24798969851899,1.20655245017612,-1.33906867339823,1.76307153314373,-0.825463963734414,-1.63520250895819,1.03054915558081,2.52987415073367,1.47720143148839,1.09121408405816,0.868937074495337,-1.53257546296474,0.287703306832684,0.88273598301474,1.41462544062819,-1.20195394162318,0.41275058183629,-1.60516639415187
"NM1715PAR","104","3","1","5",1.69357211679572,-1.83839191011514,0.977469831096344,-0.493114832638674,0.673808031493947,-0.648631926681921,-1.65826565881202,-0.814011656419222,-2.60710542441719,-0.838738726900971,1.1189621747481,-0.649505061817935,-1.48582582233671,-0.893452996262197,-0.134978963172171,2.05000420727275,-0.815999894265558,-1.4746959133072,1.39033214277789,-1.23724512359424,1.76219136844968,-1.02084841435566,-1.8128283376254,0.297383781747215,2.37141758130272,1.20692451056069,0.936901095130144,0.912404409710577,-1.50132932168587,0.11711850534952,1.15539281908363,1.67784930033828,-1.45720272506477,0.756767593318988,-1.77883921431494
"NM170506PAR","105","3","1","6",0.774766512273094,-2.50259148810253,0.338250106225889,-1.24640660415308,0.239082410893697,-0.17640307886297,-1.87136291078791,-1.4634234390651,-1.97673232726721,-1.28605997854846,1.00003861221091,-0.740588286249197,-1.42051167185814,-1.21030391534313,0.129369405321896,2.42151487477502,-0.502366265832357,-1.54070075507824,1.71889601391497,-1.1461627949824,1.97643231317335,-0.735022573586076,-2.01119112171348,1.20559672305877,2.29665909114044,1.13983774152292,1.01400264325644,0.894185375708214,-1.7538022168049,0.195726669450451,1.0915876299231,1.98274718510634,-1.38540587333264,0.970537563317831,-1.95351147444479
"NM1704PAR","106","4","1","7",0.579870309771708,-2.0323205471577,0.618313673842947,-0.920426834117748,0.548499463347035,-0.799658330658079,-1.30095276687485,-1.09081841270762,-1.92312557729687,-1.30900671208834,1.0209496831184,-0.494715422281662,-1.23475884230879,-1.10618758130814,-0.428085962438913,2.18352614832303,-0.364070924526134,-1.431422674999,1.93750353807849,-1.20060944124896,2.20732635781032,-0.682696181157599,-2.04270786225162,0.731190260913028,2.16439797849735,1.80185525674823,1.03093033858306,0.88862049009037,-1.61012112030018,0.926636018008269,1.50683979551566,2.16878513665464,-0.636405895199439,1.35400404218123,-1.66014192494843
"NM1712PAR","107","4","1","8",-0.122335331086142,-2.19804453150793,0.677197462529956,-1.12538848737297,0.571586341548555,-0.460045520284378,-1.2582601349839,-1.09983772046848,-1.70829127795523,-1.47855894916257,1.27391695807341,-0.621519404414595,-1.26460861339786,-1.20728277934525,-1.89924669360637,1.28141572030917,-0.359315882944781,-1.49503499596412,1.58628188663267,-1.26975219462328,1.86961984341071,-0.556206263481566,-1.88962364269266,0.395948615589553,1.88691362365428,2.56934555420557,0.939632065131425,0.705113008029138,-1.52115368621883,0.857988282521932,0.59834766772375,1.85904034965684,-1.28774777655901,0.720292503478723,-1.82841617603091
"NUMEX_BILL_MELTON_CA_2019","108","4","2","8",2.10409821367847,0.298715208856576,2.22369462647066,1.22879687215168,1.75004283337467,0.265379627358809,1.06110430024061,0.521030294126626,-2.00703454002891,0.723812400801406,1.4914573086259,0.385046758076031,-1.1269106872749,-0.542866187079304,-1.0312691409391,1.25116588433478,0.0891631773735632,-0.480213317077628,0.198124057469153,-0.666696286188974,2.76434647532475,-0.123552444143447,-0.839637643796793,-0.388282194209816,1.74716419838315,0.444420136695443,1.39405902220608,0.96769575857348,-0.726237842368209,1.78034973440173,1.927572634433,1.64289482871503,0.1843249522271,1.52204728287773,-0.694028268544947
"NUMEX_BILL_MELTON_CA_2019","109","4","2","7",2.01580104164179,-0.093460605736161,1.82058819380176,0.362218090916169,1.09733705737048,-0.169025493572406,0.208617922322643,-0.161059439553285,-1.98022327684499,0.150144645524814,1.25388351014322,-0.200871906672129,-1.32322097205869,-0.965421284126696,-1.62640377385855,1.34831743518109,-0.647758759058283,-1.09923795767959,0.623352405427014,-1.03032851850613,2.23529453170536,-0.527174577657804,-1.17183290884403,0.328393044714993,2.06331928479726,0.478589362483272,1.04123230574445,0.450320785097065,-1.24030483843059,0.439890796351424,0.446998372309764,1.14931843912289,-0.417200289728785,0.693328598871402,-1.18593642648643
"NUMEX_BILL_MELTON_CA_2019","110","3","2","6",2.51493100631911,-0.135778024586104,1.74163095952684,0.545004810222907,1.04507303283305,-0.759186553651916,0.499518829152824,0.127173032370845,-2.06154499587329,0.256394900383534,1.2197731499186,-0.113714759004002,-0.523022721437563,-0.305673162653818,-0.18654138024261,1.7464155609623,-0.520028107272056,-1.13920271690918,0.857888343614904,-1.01127944656948,2.5651937881239,-0.494732509624467,-0.958239795721244,1.14014494902794,2.26420350047976,0.879619659154101,1.13445262158313,0.453545475913899,-1.10773419944618,0.765279744164813,1.01020907467444,1.14817395763378,-0.573303045608555,0.584111722386664,-1.16257117851875
"NUMEX_BILL_MELTON_CA_2019","111","3","2","5",2.3520406870713,-0.547605917469049,1.0588241203492,0.164460674560408,0.75000171475688,-0.770778279444964,0.203967047290985,-0.208821669277404,-2.63815811562652,-0.401486868884461,0.804857841083331,-0.384296271640032,-0.37810454795518,-0.19023601555433,0.00348477863539398,1.27410244200561,-0.81774121302953,-1.0773020050377,0.65407875579434,-1.33547621434721,1.85012990849959,-0.960527811066711,-1.12873489102188,0.692588975615395,1.64971213721873,0.938900068521224,0.903632093493421,0.194769658735065,-1.38718909538908,0.318731639069765,1.29334597954555,1.34308567224949,-0.542858632425738,0.571768578898082,-1.16754281527005
"NUMEX_BILL_MELTON_CA_2019","112","2","2","4",1.6288390399952,-0.941499169802293,0.797566978482685,0.239175532675944,0.812690616531423,-0.881520225299779,0.102617445636711,-0.469608029797128,-2.84486664806625,-0.629719807751325,0.51659938989809,-0.62950310775456,-1.11443101093135,-0.895926729915376,-0.0754451768964455,0.922979764684384,-0.916580593428771,-1.34235918607327,0.963413599569203,-1.26774856846451,1.8479605702713,-1.12219232452988,-1.4006031293557,-0.286084925853133,1.40738128876213,0.509409675149497,0.739660537658976,0.0563710305842202,-1.39639519591709,0.0437989705681732,1.36134859772908,1.55025359942589,-1.04293970857399,0.78706170287568,-1.33398777008348
"NUMEX_BILL_MELTON_CA_2019","113","2","2","3",0.458235665565827,-1.80258014888522,0.0601024021997635,-1.01235203693142,0.0650026681095115,-0.0332716842079956,-0.853027139057401,-1.29644119562897,-2.20427484263229,-1.0540551965488,0.455122299019728,-0.808392422981681,-1.15879880509581,-1.19479132311216,-0.11091935130651,1.26964842716215,-0.658655189142924,-1.44200430702585,1.35766542955815,-1.21257783351821,2.07021296473752,-0.899502747697781,-1.64504058853221,1.22177291354125,1.35037596649123,0.463860855529504,0.869036620595004,0.0382933958133289,-1.64615252280742,0.0248180467378237,1.25514895826378,1.95309003370262,-0.888430032439559,0.959252511405512,-1.49735076074767
"NUMEX_BILL_MELTON_CA_2019","114","1","2","2",0.324783947468702,-1.22795312050737,0.310978692788137,-0.765594558702784,0.310676357559604,0.230619856531866,-0.615877167569157,-0.929146707017646,-2.17774324127442,-0.949533450444486,0.509716035130579,-0.567652609791073,-0.89581405202229,-1.0203149813033,-0.751436008518739,0.961472890000034,-0.549339515698323,-1.28390705581476,1.51132469205431,-1.29053405685282,2.31415427561837,-0.869585644231548,-1.66223076171747,0.842737604071528,1.24837146217752,1.22231664271521,0.946238679559179,0.154152038827152,-1.43184899026228,0.771197006158955,1.65970172824998,2.21009950577274,0.0534271943741237,1.4703849261937,-1.12513778333129
"NUMEX_BILL_MELTON_CA_2019","115","1","2","1",-0.162348501677301,-1.22244257787375,0.505753284243637,-0.633739628483945,0.57384007073454,0.585587677813606,-0.327321476247567,-0.735139391434366,-1.93737742500691,-0.962152210774297,0.943682369613068,-0.576456897251488,-0.572531620673925,-0.831638289808187,-1.66690490514539,0.79024849649572,-0.260463228333122,-1.18468133320006,0.97250605304161,-1.3502688171578,2.01964764140028,-0.593301207794596,-1.42579836029256,0.982467237447257,1.10920374545115,2.26565217937132,0.934142224527419,0.238631733143703,-1.28620780754517,0.765177908626451,0.76638542512552,1.97388681155013,-0.500225624112561,0.896894415263591,-1.26025660480904
"AFX_779","116","1","3","1",1.36934620668991,1.14135849577058,1.25528648077658,1.10601551820803,0.650862466072029,0.603333632604855,1.34051020759517,0.573042121560704,-1.06591514760737,0.408720878130129,0.925928233603522,0.29883401293032,-0.40863572999788,-0.462556103578662,-0.922394266890664,0.868576452058158,0.116645280962274,-0.141766163358582,-0.309312897102767,-0.713386163104855,1.99865933681288,-0.0855941182013024,-0.568297867271171,-0.107352853127935,0.675802824328737,-0.296102162080814,0.88932329575532,0.612148526076826,-0.424016243669118,1.1594701780537,1.25082965819238,1.16992972740967,0.405946683000619,1.21444106688837,-0.687356436696146
"NM1703PAR","117","1","3","2",1.20861719518523,0.88855312066191,0.874381039637284,0.351420620502245,0.148442993883003,-0.267766769249438,0.422795310196106,-0.171806557249107,-1.07492564418552,-0.149524095966444,0.504679464286898,-0.414896166448995,-0.784190039826268,-1.07651065392446,-2.33881911106821,0.494206039537477,-0.813070211015725,-0.898773481147744,0.195848139865424,-1.09029485018592,1.36972900656428,-0.592854867019434,-0.945107262279375,0.529433512562847,0.953390595462216,-0.460610470075124,0.342763434243352,-0.291799112307694,-1.05093804594612,-0.364646455615602,-0.521919110824521,0.589364800490739,-0.502416716480808,0.157442687037706,-1.26180872949516
"SW_1011","118","2","3","3",1.5230878131277,0.757029832794081,0.821651319073786,0.565123563914438,0.303535157380263,-0.824098912853819,0.887560853104029,-0.0448355111656583,-1.2147691612557,-0.033204377864776,0.366253204813797,-0.29930052837709,0.043506708381135,-0.515923416215164,-0.911770088261629,0.249913170889696,-0.755787713817845,-0.962527028782894,0.633518236238833,-1.12430394673702,1.5641826343486,-0.654431390270268,-0.804350701849263,0.815305851592074,1.06882422638002,-0.280018013716404,0.348125233687811,-0.389295394559136,-1.03985018574324,-0.0439136622692211,-0.0372662687869143,0.501283449578582,-0.731218358454391,-0.00959270680872969,-1.30567155434038
"NM1715PAR","119","2","3","4",1.24665623524354,0.0902371885133155,0.15806256435875,-0.0250306669037782,0.0696969404879431,-1.10421084716093,0.433717449151568,-0.354932747667371,-1.79870203026555,-0.76768678869656,-0.0240220716503317,-0.547757318186927,0.225439414127929,-0.313681456570339,-0.538527340936369,-0.239679717718045,-1.11548865754214,-0.916921413732916,0.307245022454827,-1.50015004166668,0.729384584251825,-1.17071131291281,-0.978188451152575,0.0573472429527654,0.389740161111281,-0.43336414677864,0.0675497604092211,-0.768135119362458,-1.28458604951764,-0.615142210467692,0.113203967683167,0.526920292811172,-0.572022576266102,0.0866669742391296,-1.28362647227903
"NM1703PAR","120","3","3","5",0.570512169545817,-0.217447852702789,0.11322233485499,0.417168184189632,0.385091403830892,-0.994239549528865,0.800922672214073,-0.454962847079165,-1.98239586506722,-0.744266558042414,-0.178750586237822,-0.834882153449572,-0.763266375367471,-1.09882989238412,-0.64947429835211,-0.749308127768176,-1.18154938821737,-1.28608545070644,0.385045852624134,-1.46044333283513,0.783366223778767,-1.21654169730702,-1.325213813194,-0.804230489556289,0.152252302368263,-0.829484560784647,-0.0992739308203352,-0.90427024541707,-1.37344052634496,-0.872906228719345,0.0301130333462443,0.549989222590489,-0.96685294747944,0.247905456606796,-1.38435504444614
"SW_9720","121","3","3","6",-0.395992157417052,-0.972711830051326,-0.485618262804537,-0.81760048664325,-0.243986276914479,-0.385082268559847,-0.400182959007926,-1.16942982825915,-1.18506822958577,-0.727054138896816,-0.0447185375451177,-0.959175620246646,-0.75932858351965,-1.28301121706471,-0.990051374184505,-0.623113228018542,-0.943187837525129,-1.38091692907278,0.802224692161534,-1.4186034982365,1.03965802573661,-0.963360827027852,-1.5434723358016,0.799314203916446,0.150431525570636,-0.695794902999235,0.0728838972140772,-0.837613081629692,-1.62471901443408,-0.956216036738359,-0.0563811682088565,1.02799377128489,-0.553356750167388,0.43694743575351,-1.44293325815349
"NUMEX_BILL_MELTON_CA_2019","122","4","3","7",-0.11793094751625,-0.237804729480412,-0.188488044221081,-0.400005335861428,0.110289568944683,0.160874617677167,0.002673879883072,-0.740244306029901,-1.13415887352845,-0.233764242596429,0.192382911904,-0.606985048118074,-0.11118904224524,-0.944503129841799,-1.17758717484661,-0.460998736891608,-0.785224533941724,-1.12564924226909,0.927354366370561,-1.50746255826643,1.29750454105842,-0.93391192577139,-1.47342088168302,1.06841191346565,0.221785519068323,0.0585214401203145,0.212156375662015,-0.497284963992196,-1.28916201663089,-0.451642668273452,0.458260256606322,1.32461997550102,0.440514108292085,1.08071827259729,-0.936622885730675
"AMERISTAND_803T","123","4","3","8",-0.41982744917936,-0.332116243741931,-0.0912918343328458,-0.429420397693978,0.281135556107603,0.378574726662148,0.165540244019535,-0.536787848421873,-0.96922885903981,-0.175205867978711,0.726147693821938,-0.630740239824304,0.258118471071372,-0.635210268390597,-1.26602898053874,-0.0156269953365556,-0.189979485790796,-0.935768977727431,0.462186171702965,-1.53051906446626,1.11487024274646,-0.564980236886485,-1.17342121306882,1.5252231422992,0.235361631072472,1.08997704247756,0.241277987834797,-0.310314723380448,-1.12363975722934,-0.518639450409291,-0.39508796871158,1.19490754170828,0.09299268245341,0.754938028768078,-0.997264723752268
"NM1702PAR","124","4","4","8",0.927766612618775,1.31191679311152,0.779798834011275,1.0131686576972,-0.148987796421074,0.471497601163246,0.297120507440213,0.579604625308758,-0.391172328131182,0.481867630142767,0.181508726814825,0.287383709702741,0.0687948260909844,-0.299766717754334,-0.49674660363061,0.146515750811086,0.0335095499792621,0.114735055677028,-0.692680356428431,-0.352394225702136,1.18157280218673,0.0996148730353893,-0.114201799009874,0.372260773071623,0.901818615671558,0.148785994207311,0.901868541513511,0.794399678526053,0.205943598300947,1.29054427926637,1.20788319624785,0.986727957375245,1.00507153713108,0.616102586914293,-0.204238996609533
"AFX_779","125","4","4","7",0.845091258190964,1.38631751757406,0.557453648347498,0.601983274379811,-0.343106873279253,-0.735837378619851,-0.363570348904997,0.0400778083632038,-0.337719778969192,0.106352227162556,-0.297088939987729,-0.409462564303473,-0.343640286595833,-0.862713341882087,-1.8952540103354,0.136806941582452,-0.814473310249855,-0.532872738492504,0.342474935485963,-0.694122495134306,0.511969918551184,-0.37108237988258,-0.433416802951323,1.09600446091819,1.25300665999294,-0.0666613710417892,0.241881590400107,-0.267306047649459,-0.446829672703938,-0.419798299107057,-0.741777570576787,0.340872677250217,-0.167007544032526,-0.753696680849059,-0.762661097354817
"AFX_149092","126","3","4","6",0.974733559625013,1.19477661268261,0.480612886385926,0.702895707901836,-0.0725471867560218,-1.05055468684867,0.0368209660351921,-0.0317931875183536,-0.462992812422248,0.110266086570469,-0.539910619593142,-0.368010206333367,0.23741769082076,-0.499751142258702,-0.942778423608954,-0.310062422627281,-0.790499368982186,-0.612270358799911,1.37032384016025,-0.780793481911086,0.525337441489234,-0.567113389896184,-0.401213256366697,1.39514248777982,1.31274676388645,-0.0765083963270444,0.149191266495552,-0.420820035327999,-0.618278474355076,-0.262846013207107,-0.418883325601899,0.165430199864417,-0.393893408431499,-1.0056328432482,-0.890722980783653
"NUMEX_BILL_MELTON_FG2011","127","3","4","5",0.62014113613943,0.330081695155851,-0.241721483232324,-0.118996864873617,-0.316102536861506,-0.785293550394345,-0.379434293977942,-0.414885196395958,-1.04259084747119,-0.724954761802368,-0.836725730291936,-0.59436632864474,0.576343143039626,-0.259894676784242,-0.273838249037121,-0.655621739151232,-1.16643477738916,-0.680867348876415,0.805153217760039,-1.19013425622782,-0.412071204230111,-1.07593429175522,-0.595834980115673,0.508747105955836,0.630550376876977,-0.376718169657662,-0.193767639500625,-0.778183860091792,-0.858118571239055,-0.846580667145481,-0.371784562513826,0.0600884341836767,0.117283713001097,-0.772680840593518,-0.885994484784646
"NUMEX_BILL_MELTON_CA_2019","128","2","4","4",-0.0697539231343506,-0.0717011626259985,-0.250918202960839,0.383128509913543,0.00579466152708183,-0.261700760649065,0.238708046580823,-0.544876387663644,-1.17202032017003,-0.676236602845104,-0.846034859284801,-0.955604882666918,-0.618570815084946,-1.18385816231011,-1.41260500845369,-1.67700573263255,-1.39723004449109,-1.25312039373151,0.645556649145863,-1.19359308386265,-0.407290088598184,-1.16518823620339,-1.08830066968507,-0.720983680315269,0.252188621378748,-0.870664826565757,-0.512246880990586,-1.04863846344706,-1.10455237532348,-1.17373764844765,-0.800906609903888,-0.233692532273881,-0.281794144428872,-0.891890821270777,-1.05643973681159
"AFX_149092","129","2","4","3",-0.640678794094318,-0.514658550565601,-0.593090482098663,-0.408840215659986,-0.144917074311089,-0.197107100353208,-0.370991175497474,-0.991088667809556,-0.327092597143958,0.00618400216588787,-0.295365189892995,-0.875673737825613,-0.429864634492693,-1.17452323387346,-0.874865562152083,-1.25278887583399,-1.03497529337361,-1.28840751465878,1.35888493652957,-1.14797065979908,-0.0892333183387043,-0.862461530977419,-1.28145521455519,0.87456868137655,0.232825902304632,-0.494662090019762,-0.332235249308061,-0.919739331120328,-1.32147492136463,-1.19035381009257,-0.822297694767531,0.266291155946698,0.277589752567714,-0.902208235384434,-1.06246436075439
"TMA_990","130","1","4","2",-0.288545327372494,0.0666527444779716,-0.379820309236227,-0.172603068594409,0.134772507914017,-0.325119415248362,-0.167438297455636,-0.566125819984802,-0.242490001665277,0.659678382964245,0.062474971485349,-0.621426335642944,0.073941893401103,-0.836648406595431,-1.58645504222975,-1.46882152549639,-1.01255747630877,-1.09079167166448,1.36275871937091,-1.27164009548683,0.118385812620266,-0.903552609390523,-1.17105655026774,1.09954813253331,0.335321903994487,0.101752322328303,-0.181610858936526,-0.601920968501758,-0.936631586833512,-0.874641081212079,-0.39769751153888,0.537420345811994,0.904602877498965,-0.421619516836848,-0.566820071993343
"NM1704PAR","131","1","4","1",-0.468076732503104,-0.147921276173911,-0.366254535320501,-0.398303304456002,0.127807927102044,0.231499616743124,-0.174132379078831,-0.441382804749221,-0.158985554401256,0.725618206611808,0.71430821679067,-0.656373482032569,0.51868451230107,-0.533080969040856,-0.814274290991888,-0.593158131869721,-0.162525653381731,-0.81677623628675,1.00433876116857,-1.26994738715486,0.0467368256398413,-0.492091275086898,-0.853941479176753,1.87900221018149,0.443965106778799,0.944929367217725,-0.12594235855618,-0.383818202676837,-0.770057910249344,-0.955660595625127,-1.25523324525726,0.44460897043274,0.624813628285193,-0.544399202945061,-0.615127855106734
"NUMEX_BILL_MELTON_CA_2019","132","1","5","1",0.35795099956483,0.674345626186778,-0.172769315461956,-0.0183878400434936,-0.883179350862371,-0.503035827857039,-0.109547952346297,-0.0346939578264242,-0.344042043522054,-0.0930799299593388,-0.422074947241615,-0.237398916880529,-0.0773483838632492,-0.409124206672,0.335939628092975,0.0994042308342303,0.0326106065031789,0.0763407647155541,-0.899161614115834,-0.323878972540449,0.468403604605629,-0.119675085023799,-0.0864252648458485,0.193781344440073,0.671946193176832,0.225679392685851,0.818703354728103,0.762059810646525,0.451759368007443,1.07060957308721,1.56929679575607,0.830932301353625,1.53728722259493,0.568038755807955,-0.150762143610161
"NUMEX_BILL_MELTON_CA_2019","133","1","5","2",-0.0313386036044357,0.705540267154612,-0.472295381890779,-0.459888497644017,-1.08073654690336,-1.45124954094103,-1.05248028537841,-0.654353127373898,-0.227903724003317,-0.472753612870953,-1.03262690822744,-1.04976403233174,-0.930952657921761,-1.19073956934357,-1.73708135354569,0.071408663308024,-0.884977309785988,-0.62890832883346,0.52799420200679,-0.656665543880429,-0.27002641294306,-0.662581470537468,-0.474071833556941,0.77880029450685,1.01672315766674,-0.14870245164673,0.0423045263882903,-0.488930077773962,-0.349491949468085,-0.90157534806147,-0.613789158020215,0.160091822685347,0.15870440953399,-0.88730854542293,-0.757236743389155
"NUMEX_BILL_MELTON_CA_2019","134","2","5","3",-0.0919746055963189,0.320965176959409,-0.798382441526936,-0.862253259349736,-1.13674342300041,-1.65807170185106,-1.17579131858381,-0.91586838617638,-0.310358752263307,-0.610636614786667,-1.4031083473203,-1.18189544741249,-0.639297554675465,-1.00183853888592,-1.12706109224343,-0.625532250142418,-1.02241850537894,-0.757214095238781,1.72989385700385,-0.828637583801132,-0.480206918826323,-1.0105348733098,-0.570859299474464,1.3207648917546,0.961697910194491,-0.444507182105063,-0.169423776424945,-0.837058636970263,-0.799356995686618,-1.16246481542799,-0.654163226424322,-0.0887970209368336,-0.370368108292519,-1.34567200563739,-0.995848456870933
"NUMEX_BILL_MELTON_CA_2019","135","2","5","4",-0.568489252923565,-0.431646490057235,-1.52722185991901,-1.80745308621503,-1.54657820505879,-1.30302580728722,-1.79473028804134,-1.35879536462839,-0.818554145439019,-1.485266723297,-1.70898604630938,-1.48643952694778,-0.31772952377192,-0.839574183803285,0.0407927596097249,-0.720988770295502,-1.4377487850225,-0.889768718354684,1.43076698836392,-1.27451120716457,-1.49307753049017,-1.56680201292574,-0.820379179416519,1.0951476614231,0.350773557033208,-0.884491211423152,-0.540602600360905,-1.18341083506977,-1.17012276783486,-1.88504537632501,-0.914529336337543,-0.267994626139626,0.0138629928132486,-1.21539480399117,-1.0428912490234
"NUMEX_BILL_MELTON_CA_2019","136","3","5","5",-1.30458045768324,-0.868138820858021,-1.52759506092411,-1.36581634987761,-1.35306111754492,-0.780984376098474,-1.37515324359635,-1.56691895103888,-0.888799018021941,-1.54131346886906,-1.67582103981903,-1.91666540842848,-1.57312693911796,-1.80810654121369,-1.85763508847499,-2.31503791506321,-1.91977675717458,-1.62465070513267,1.16056743089661,-1.35454579063667,-1.64342327587379,-1.83588034959637,-1.47082143982283,-0.537180114067961,-0.130973452441154,-1.4716740932718,-0.998912086635317,-1.74042092686043,-1.6137243260215,-2.36097720397726,-1.86022892217083,-0.800093858621023,-0.82248701970421,-1.820697307417,-1.30875226963585
"NUMEX_BILL_MELTON_CA_2019","137","3","5","6",-1.62132454672366,-1.07695336169105,-1.62194977326916,-1.64101174523368,-1.14122355122297,-1.22105099243887,-1.29778229337108,-1.68228512609695,-0.122676585780314,-0.504446650582636,-0.823202258634744,-1.62368954154471,-1.05058516258165,-1.57188949914505,-0.757496752131494,-1.50327080021932,-1.40893055910988,-1.56317977396714,1.85731078176581,-1.3369477492817,-1.32553148678317,-1.50945791295279,-1.62955405720694,0.974694395375858,-0.156210363516087,-0.940503704881338,-0.806701241924678,-1.60899087764214,-1.79408553355549,-2.38394647837139,-2.09787295089253,-0.302987372092162,-0.264515107427995,-1.94454716498729,-1.29375419270489
"NUMEX_BILL_MELTON_CA_2019","138","4","5","7",-1.18418260454129,-0.480514061221347,-1.33017114125983,-1.17988743150914,-0.709210306798549,-1.29129337167243,-0.877540031542508,-1.08666295060469,0.00876783868340331,0.321341261725046,-0.33443826205259,-1.33565612229539,-0.639362939425671,-1.17603482705351,-2.0035830437506,-2.08389220398196,-1.45441680752108,-1.31834981345536,1.5238588722766,-1.50161033365809,-1.21040260971202,-1.58592144773305,-1.47725028031285,0.871159147295059,0.0125292155176887,-0.466074612106017,-0.619791426259676,-1.34217174724048,-1.3398487012772,-2.19479052134296,-1.87771446336282,-0.0507253100451988,-0.0901620882339611,-1.71872545302931,-0.835476032167826
"NUMEX_BILL_MELTON_CA_2019","139","4","5","8",-1.0601841895797,-0.563532820729061,-1.174798630754,-1.08727833429111,-0.502894026857895,-1.01040182717356,-0.705855916158977,-0.843360403161874,0.0860196529384544,0.525660816197966,0.510603639996144,-1.21921749419239,0.186089947081051,-0.725986267075542,-0.593706615442264,-0.83115289609594,-0.380153675641348,-0.887636793072243,1.12559724914472,-1.48264574622656,-1.21228726387627,-1.16176508498079,-1.13347936190269,2.08332374665885,0.255927225836747,0.305979909253997,-0.508751873211331,-1.05398177624184,-1.13881043572462,-2.15698694750052,-2.65467667477875,-0.115708815875085,-0.28086396654044,-1.7300291786649,-0.867562345950083
"NM1713PAR","140","4","6","8",0.51514242302148,0.489881138206502,-0.21026166799823,-0.204123795267129,-0.745054289628641,-0.282234535894799,0.251386353157959,-0.0700258401321032,0.0110728003911828,0.377374386008376,-0.235544109915411,-0.130147532407796,0.45391259901713,-0.130633582654161,1.08115727634012,0.445561421394034,0.0250579993613178,0.163945605089043,-0.968767928668108,-0.471036796530426,0.261132149698158,-0.246777802575928,0.193205866714293,0.00122439486720569,0.287757037516712,0.24263233425052,0.773561959079662,0.638422054698335,0.650535459931121,0.736573344671071,1.64418717262488,0.628377572557213,0.611045072869135,0.334537429766257,0.0509898759921833
"AFX_149092","141","4","6","7",0.171571430062693,0.709348459562072,-0.369608591361978,-0.240793269434247,-0.737764585558932,-1.21602520107199,-0.17372237256229,-0.536581450320493,0.243648656087561,0.221994793929466,-0.813173941090822,-0.74786965701193,-0.49025068793321,-0.867252934029443,-1.19857815363114,0.0778668569774682,-0.830326345738106,-0.434980757279988,0.33065850294123,-0.780469103448348,-0.427054563387317,-0.775443633157171,-0.143221194039641,0.318639791951579,0.64985239815164,-0.122260545029804,0.035838014786236,-0.545154536146877,-0.0312683582299685,-1.01545840528914,-0.348425163986358,0.0915777460586805,-0.480045885775421,-0.975273579530815,-0.459191324747464
"NM1705PAR","142","3","6","6",0.190785749941127,0.437269676396164,-0.716566103858587,-0.733357423652584,-0.897443142473434,-1.4371350226079,-0.635347701182101,-0.687018872249012,0.19866023778594,-0.00384568754966481,-1.14784145189363,-0.802368335353335,-0.0851372954672527,-0.540187171683033,-0.552521934879152,-0.382459229476499,-0.853134007087875,-0.452590371568378,1.27125054027702,-0.972148981235782,-0.622906647723378,-1.00712124873936,-0.204042694208966,0.867575175781851,0.527651739323104,-0.480221629476989,-0.159599757278099,-0.827427552465653,-0.435448866013184,-1.17591037612088,-0.2640438820385,-0.0218206422144589,-0.502092561838971,-1.10836375339853,-0.667179879091742
"DONA_ANA","143","3","6","5",-0.321681016183171,-0.0460607725728554,-1.37225322174779,-1.65245811715815,-1.33412647316167,-1.3639973667403,-1.31571006294694,-1.07105785969977,-0.196624280533775,-0.997302293984373,-1.52965956715545,-1.2300996242967,-0.0258770941106858,-0.495519010432915,-0.182754760664413,-0.471865787979281,-1.24466743743389,-0.686565230122563,1.05304965111899,-1.39271118710546,-1.5295115074558,-1.45228940274452,-0.475738538509671,0.398237364993783,-0.058942755261243,-1.03087480578556,-0.567358095514325,-1.35878303803991,-0.89951402096293,-1.87902889487815,-0.667555806495119,-0.139273111169667,-0.130178805862053,-0.987287234531585,-0.752623213157531
"NUMEX_BILL_MELTON_FG2011","144","2","6","4",-1.24129955748967,-0.636685796567613,-1.52857566190345,-1.68004139843097,-1.39697009823587,-1.59958368434843,-1.38750715048471,-1.48206840342202,-0.294223497769263,-1.36721046522275,-1.62574862596312,-1.82184737189872,-1.29911231516635,-1.42348494710557,-1.9114057733449,-2.00500433749579,-1.70554698654495,-1.46300740102626,1.08852817974915,-1.50522026136848,-1.72121952413108,-1.75001961440639,-1.184363256461,-0.359734108677829,-0.549170682675502,-1.55683495305972,-1.03216018959091,-1.93165303184822,-1.40063100782775,-2.29021814470457,-1.63121078984547,-0.585139094577781,-0.485378853867329,-1.49001119628229,-1.01092429879722
"SW_8888","145","2","6","3",-1.50281177601077,-0.994308555140796,-1.64085756846963,-1.96004150675424,-1.32457978400181,-2.43380099219208,-1.30196616177237,-1.53917042594502,0.3858408023498,-0.470333379040243,-0.899240983583567,-1.56066025596713,-0.773056039377615,-1.1415196418762,-0.869059931257758,-1.2606239687013,-1.18541646491808,-1.3517249363805,1.5810860703252,-1.48860502106656,-1.4539561885676,-1.44831776566844,-1.34133332630073,0.28650449945229,-0.663695525683616,-1.0775778321169,-0.842516838839622,-1.82556896868176,-1.48476850952712,-2.36486124777968,-1.92261626564061,-0.180249833205835,0.157154156605327,-1.42477908889989,-0.903956423967385
"DONA_ANA","146","1","6","2",-1.0421782495352,-0.453824404830451,-1.40095092438609,-1.47205392152945,-0.92438548112371,-2.50807078646365,-0.778618466686269,-1.00395264608087,0.532512652898408,0.281828144086251,-0.416008358619969,-1.28290155946527,-0.407693000609114,-0.822990341404941,-1.97945108707444,-1.89708070864316,-1.20077874315571,-1.18375187301854,1.20831901923524,-1.64279109385843,-1.36661585515704,-1.494471308341,-1.23669053384739,0.335634312131025,-0.481618507889224,-0.747805300916066,-0.628543180652319,-1.5818100832534,-1.09099015960436,-2.33910846129967,-1.8891977251121,0.00185544877623892,0.0851362704069395,-1.2641479902518,-0.566562873129372
"AFX_149092","147","1","6","1",-0.686850752991964,-0.436019410970586,-1.14767910753402,-1.28509224773654,-0.643767474276015,-1.92929749390239,-0.554397288896886,-0.744175437442501,0.501555773489368,0.398171216001474,0.469950606248759,-1.18347960547522,0.373362410521642,-0.500376493633622,-0.834316465095152,-0.944600264047977,-0.253692670275973,-0.843216274488846,1.01900997607314,-1.59748007106741,-1.35828753938318,-1.11945855485299,-0.982564554953705,1.666170724126,-0.162534682640898,-0.0534944857263717,-0.513899378969427,-1.40266831361203,-1.01102637439237,-2.35643874756102,-2.85163340252478,-0.116595788249465,-0.324334834083021,-1.51843268624774,-0.71803829567064
"NUMEX_BILL_MELTON_CA_2019","148","1","7","1",0.348470063654441,0.358305270358532,0.0718140465358374,0.149910564704444,-0.112535437594897,-0.507868512624293,1.00814604775471,0.17963686461429,0.268754312320569,1.86843855611315,0.0852512807406287,0.35248262316178,0.584210789339961,0.00884551210900599,1.12067732527816,0.222832955946388,0.309564651046257,0.462289293256697,-0.834911959030128,0.0180162493179386,1.00901879278238,0.47637330469288,0.620636945633517,-0.355523252017366,0.356812728609457,0.897674442545317,1.06046279377768,0.963455255729384,1.06926823317204,1.16796657878163,1.99366170721779,0.930973215994328,0.306212399576053,0.892416654753539,0.296479445769375
"NM170506PAR","149","1","7","2",0.212726607492877,0.584778592971124,-0.0185509180146522,0.088146667376391,-0.123980612504463,-1.04631624708144,0.723580114365769,-0.151945669509016,0.451558498393474,1.96829636590783,-0.372149056284415,-0.0551665142158828,-0.2765448296459,-0.603756665897012,-0.479819877235235,0.00883350667481628,-0.46096339666358,0.0874124995832666,0.489459579449718,-0.25539685240136,0.413934056274944,-0.00689543072168961,0.43022454993261,0.411878366457517,0.860667064611404,0.681509745462997,0.396844536666678,-0.152701455432424,0.590672644614177,-0.290132579697293,0.242703866308174,0.456227499506253,-0.618017529803856,-0.373018960093904,-0.0990130958089602
"SW_9720","150","2","7","3",0.541208170336488,0.705004300512632,-0.236054996801135,0.0132567556838543,-0.159241023948802,-1.20333090768591,0.723038317030453,0.0233733770073414,0.432798299234503,1.94767788908805,-0.518721721879781,0.148315810565903,0.710084571297612,-0.0641600419588325,0.757611250342985,0.17156826036067,-0.245895677896889,0.388083072821421,0.856935499341495,-0.44368677117064,0.336884437807078,-0.0710401533982764,0.542360249701078,0.771083828083487,0.763214954440448,0.39522494427324,0.298009852252919,-0.241323864525301,0.362384691596089,-0.279098706274803,0.509041979088759,0.464568896679353,-0.363210498015235,-0.288062847364484,-0.193656007282004
"AMERISTAND_803T","151","2","7","4",0.0086237963877772,0.513704812828977,-0.802454325536696,-0.705782177841583,-0.586332311983574,-0.344090484582113,0.199020188463085,-0.33609572471665,0.226766785370989,0.923128024507034,-0.931231922137003,-0.375490181680684,0.432390559270054,-0.222279135463753,0.319831724884398,-0.367988256047522,-0.665470213572792,0.0886961303567576,0.928211150635255,-0.822143412505581,-0.411067759479863,-0.423173171540811,0.303255588908768,0.381269622753,0.312671845515911,-0.0761210235443475,-0.0268369945342577,-0.775067492829112,-0.137692649369362,-0.889240977992107,0.127999118585163,0.408761849373713,-0.234502794166876,-0.295408611542336,-0.2508545465078
"SW_8421S","152","3","7","5",-0.96062653164475,-0.16871668058189,-1.11489072066282,-1.19937424528076,-0.964250979132459,0.0716218394040119,-0.46145527405408,-0.999339626468367,0.210359805695597,0.3138940100219,-1.05394633824026,-1.01612680395942,-0.566570246017023,-1.09981927606466,-0.464543040684016,-1.02753681148004,-1.02171041997823,-0.658447998178417,0.984585209423483,-0.967270095417171,-0.608925032137295,-0.740215137590553,-0.354700030334501,0.0976075009083333,-0.104918415165847,-0.443075752259031,-0.424094068492364,-1.28155371766568,-0.713188570375949,-1.28328635698731,-0.695083250402001,0.0388296490229103,-0.470031890645331,-0.769238384455895,-0.483233565799574
"NM1713PAR","153","3","7","6",-1.07677014739999,-0.529269093168969,-1.20081795416226,-1.51156802912603,-1.01375256721655,-0.292401401972759,-0.717033918738211,-1.02521477135636,0.766476171153597,1.04370264016175,-0.480661073513798,-0.786456623797223,-0.140486977528308,-0.784463248078758,0.524848584590051,-0.347208655647919,-0.537217514554309,-0.474760370320534,1.11921428324785,-0.946774312561017,-0.411619514503259,-0.565905332900373,-0.456923659007647,0.115568487852736,-0.267721949022688,-0.0454213583056361,-0.27308674358387,-1.32240660954549,-0.692276190126174,-1.41691761139708,-0.908754739632975,0.257239377020354,-0.11047782006994,-0.817649522474059,-0.321478078942881
"NUMEX_BILL_MELTON_FG2011","154","4","7","7",-0.779568096149277,-0.206521214896512,-1.03048736110872,-1.17241969649059,-0.71289285819076,0.113638083646198,-0.533254805227312,-0.637475654408839,0.747285548448369,1.54684965649554,-0.10787253831764,-0.611363907739045,-0.0489474933336809,-0.519272049556767,-0.933089448211933,-1.05479873951529,-0.556954334822224,-0.383159607269339,0.879916522711902,-1.10199483498717,-0.408913351533884,-0.67470024400957,-0.402339103575439,0.297981226917427,-0.085205676366339,0.184535851273753,-0.0791853841086879,-1.12370480155695,-0.41752582493503,-1.53275496068252,-0.951561424189112,0.290627319479571,-0.397494535167855,-0.876427021737485,-0.0785511209755908
"TMA_990","155","4","7","8",-0.489233792553601,-0.383790783489733,-0.818014681961682,-0.980696330527081,-0.419095385665591,0.00716485173531046,-0.280625874161717,-0.417374530524638,0.46182338356041,1.32661199249198,0.746728914100453,-0.54874479851503,0.653889274475803,-0.237073392046159,-0.365985601376478,-0.443247723702368,0.289759141316096,-0.182475367567992,0.615790433034536,-1.05628811883209,-0.453717373016416,-0.369847358580135,-0.22057923661241,1.23545166067204,0.147641402289531,0.691610914350236,-0.0432048049885451,-1.04932475112836,-0.441284012015664,-1.64066507062361,-1.96805963818737,0.151512232405047,-0.57109989511059,-1.03807102367608,-0.274993969624645
"NUMEX_BILL_MELTON_CA_2019","156","4","8","8",-0.646068108960941,-0.867330501203076,-0.290390182459438,-0.165267186398682,-0.525028395935257,0.020643517939319,1.36968886498822,-0.416941978291205,0.527448215844327,1.56483754389137,-0.425429507166268,-0.171363860432421,-0.230481795743698,-0.377462674447938,0.283491327582771,-0.849314340242699,0.000370307058107082,-0.0108681733082474,-0.213134339684144,0.388379676379005,0.492643644736516,0.568906754728094,0.329067260097807,-0.786467407800285,-0.133799645560121,-0.0514892238311766,0.433183561830143,0.687149740964562,0.788801132632718,0.264049183145341,1.32952314372446,0.375217180592192,-1.08443112955209,0.716187194426344,0.423676926461944
"NUMEX_BILL_MELTON_CA_2019","157","4","8","7",-0.550332408292883,-0.656251772635185,-0.271417691733506,-0.163100181837245,-0.495999604530339,0.408403736990408,1.1443696496373,-0.503319801164854,0.748616298437809,1.85217714821012,-0.698405858739241,-0.397771104016349,-0.895974879646679,-0.685300649235394,-0.986318341153838,-0.581852182458476,-0.634555980989427,-0.111017457575315,0.696928291964985,0.149565328755455,-0.029165479415375,0.205556912697424,0.347446237928538,0.22991585448888,0.515589212399291,-0.108518942630027,-0.140394167722966,-0.253510193738914,0.56908205199034,-0.91382493493389,-0.252395194275399,-0.0327028491446794,-1.92900705244624,-0.588627734901855,0.173507462285273
"NUMEX_BILL_MELTON_CA_2019","158","3","8","6",0.180239909037385,-0.0646053200884326,-0.296639368576908,0.204394975167029,-0.342389023613565,0.19301958118273,1.43566943516495,0.0714124849253837,0.655396074091318,2.11132162742224,-0.595087140241199,0.0681981953722638,0.667967086348391,0.254808200760931,1.26032353904643,0.356032124871341,-0.152059705470975,0.591827458406999,0.0355622145695503,-0.0351847423630146,0.00764414745763065,0.325519718753771,0.705377713638531,0.167427885141422,0.479506812811672,-0.298398427291281,-0.109672970560277,-0.117446491481119,0.614214291518665,-0.687473751329175,0.281216882391242,0.104591807694132,-1.31197789029991,-0.242735203465591,0.249000592683953
"NUMEX_BILL_MELTON_CA_2019","159","3","8","5",-0.217398472226751,0.243811045749472,-0.725754872563447,-0.404455948656452,-0.748513922714517,1.15490854762668,0.761635097812043,-0.238284116605083,0.404598344154214,1.19216652577361,-1.00143040163089,-0.493577192519115,0.140311370932246,0.0246710999563279,0.359449236360063,-0.401833847466048,-0.597022423115454,0.259854879831826,0.288606212662306,-0.380905244319214,-0.605917456479532,0.0579265403910036,0.508357273579908,-0.0737137467149615,0.136966390091403,-0.683138989510406,-0.376039638672006,-0.63593976176407,0.0314981576566771,-1.13095060942023,-0.0443635574860086,0.0963056578201373,-1.33738672220468,-0.349925851134895,0.235300816548712
"NUMEX_BILL_MELTON_CA_2019","160","2","8","4",-0.858535818846392,-0.00444879871792478,-0.898815357677048,-0.750541109898273,-0.918388565392795,0.999513298347318,0.170034715636692,-0.749146164051991,0.331255792761813,0.807222682103507,-0.969767446254228,-0.887379279668593,-0.392017458069291,-0.591707049133102,0.414558771968692,-0.467015382786513,-0.811286872204676,-0.257975918842559,0.245380619204657,-0.537949426469692,-0.724684711770102,-0.218745855413504,0.0275540370099707,-0.112796376045388,-0.1475785089245,-0.832697065443228,-0.669558418040335,-0.905698500870884,-0.471101199399616,-1.21684318693057,-0.647839372464271,-0.169820591640569,-1.36690774435812,-0.675700084235147,0.0888226616264153
"NUMEX_BILL_MELTON_CA_2019","161","2","8","3",-0.654103047677676,0.0212687255242008,-0.696200832510076,-0.680120083403168,-0.67867142540888,0.133739847606773,0.20508328194033,-0.514510606362153,0.727987586349102,1.63778478797714,-0.37084679505288,-0.439543940190438,-0.00710432833433228,-0.211199775332951,0.302859709208396,-0.225299866404072,-0.381653083701257,0.0876606143185576,0.314035344257571,-0.482243391429174,-0.476467120592431,-0.0954765237988875,0.0279832719697504,-0.512470313868243,-0.280692495951628,-0.408024344022135,-0.498324355397094,-0.917314369139512,-0.240163635673794,-1.24429730203872,-0.755212956784987,-0.0159709472517256,-1.08946080527014,-0.767634252156738,0.303440205016472
"NUMEX_BILL_MELTON_CA_2019","162","1","8","2",-0.163414264874273,0.496131356742815,-0.363395120354628,0.0232162424852679,-0.15682728435566,0.281584458949409,0.874099659636741,0.106406270469866,0.550119352164617,2.33434300921431,0.109156466422734,-0.056477979447754,0.327573694582559,0.229869080911828,-0.4333986695255,-0.572725944658658,-0.188872700110283,0.332770594474352,0.12577850707938,-0.586735605646913,-0.380029168717395,-0.114983530151226,0.199517786721476,-0.413830610694792,-0.0682728497616263,-0.168788061765962,-0.282173806018771,-0.634168858239827,0.109986327436621,-1.27362265274451,-0.751683135422324,-0.0400123553345726,-1.25898471687926,-0.824170818727708,0.473135359847893
"NUMEX_BILL_MELTON_CA_2019","163","1","8","1",0.0800291998418485,0.0979671903686028,-0.193543044869275,0.111486512930147,0.137976972063237,0.384761917575116,1.18562055786819,0.368460119427604,0.0784015977119741,2.05388118991839,1.08637830568711,0.0795591956697607,1.00050532835488,0.463892110387191,-0.0680906109232683,-0.14451844202908,0.640663699720926,0.441651909015249,0.0527886275379244,-0.522808790533765,-0.365367711386181,0.206925550942619,0.308997442617025,0.555200809404514,0.205908345338179,0.379794176563861,-0.261756894607127,-0.680565953809992,-0.00143301992061651,-1.21259396763136,-1.69448397286042,-0.111770714073297,-1.03132052311258,-0.879976969079062,0.184310980161741
"NUMEX_BILL_MELTON_FG2011","164","1","9","1",-1.10318063873481,-1.44593662379154,-0.796016827899266,-0.355400903263762,-0.810586177823838,-1.37819280015246,0.426994991827818,-0.663919384114385,0.917356099510599,0.0110418796397626,-0.890625404037596,-0.573029525138951,-0.504119288878165,-0.195062732159232,0.375391438759618,-1.59661924955266,-0.271734896479303,-0.340088455641858,-0.498733602729802,0.59980554807636,-0.342742200230876,0.151225887160215,0.0301676442532595,-0.785739697939564,-0.519189385959165,-0.488448195579473,-0.498644943523178,0.452000462703038,0.278001323285178,-0.120156244511972,0.935367812219076,-0.40215028158095,-1.45596855358471,0.364173281956932,0.0388460929163095
"SW_9720","165","1","9","2",-0.942985369942534,-1.32537820800047,-0.758743205141342,-0.485812170647915,-0.786459828848659,-0.648757383720353,0.146271841783943,-0.77465513860271,1.08050416794691,0.258541591107785,-1.07727607880309,-0.684799472949615,-0.923951764181628,-0.443937022683335,-0.00755482319383102,-0.764579529385502,-0.776245868419155,-0.350347931677521,-0.113653936896419,0.400550190393485,-0.79089449624061,-0.0974072852038455,0.166894303674332,0.0427031200541146,0.263510430542485,-0.334209351317764,-1.0155019605548,-0.375974636670959,0.187500605791011,-0.802087983246986,-0.457401679493246,-0.776169331605822,-2.22038096091857,-0.94428047013244,-0.126110804957309
"NM1712PAR","166","2","9","3",-0.65674287567991,-0.933514254578696,-0.849137840698747,-0.418445303380691,-0.793181932537238,-0.597284691850225,0.362965571875034,-0.360548823867314,0.813347354972963,0.341149046347756,-1.06067518241127,-0.318740186614294,0.230809441900112,0.203793449507698,0.915851460084952,0.126358346266958,-0.37036867406739,0.237550952706688,-0.532548815281882,0.226105491884557,-0.714419551108836,0.13308258798523,0.509806499287278,0.238951158764824,0.290228130776436,-0.531576974646476,-0.951349759632709,-0.207882620504649,0.235552101880996,-0.54746852448768,0.00864807779112273,-0.63853300858602,-1.5736481911504,-0.490192960068273,-0.0580710558475844
"NUMEX_BILL_MELTON_FG2012","167","2","9","4",-1.04563050441867,-0.478435651585288,-1.24941558677549,-1.0679261445152,-1.26246572371184,0.498540341259904,-0.532161663997283,-0.682220941222283,0.376761300720251,-0.474229806972982,-1.49909958793919,-0.907115984006661,-0.488394582941955,-0.207417980690252,-0.0188440846846066,-0.564020158853221,-0.852301899764924,-0.186975191927738,-0.26596675627488,-0.0657145770473501,-1.18705206875886,-0.088056078311337,0.344248088995498,0.131550130564227,0.072833587705957,-0.721487464499438,-1.14164508317206,-0.631346460138092,-0.263215936314285,-0.688291449550726,-0.186595409929275,-0.548194220419498,-1.28910032371596,-0.489792257582633,0.0778781268393281
"NM1702PAR","168","3","9","5",-1.5303050360896,-0.625389487193528,-1.39222099481711,-1.41102900734139,-1.41789655907004,0.328215192761229,-0.892868888033971,-1.10364203584446,0.206127685546021,-0.758378155070917,-1.43208479036841,-1.1182578953533,-0.839897317401198,-0.782487254021266,0.00633380890580743,-0.454676899611436,-0.951008944612106,-0.601987760945165,-0.0140435931960166,-0.188739847219208,-1.17095775281024,-0.266757151323215,0.0516882209971204,0.23455534082352,-0.0838572871303267,-0.710172737118665,-1.30153256555454,-0.720177641564438,-0.587075604094093,-0.554283107802049,-0.494434066147712,-0.71299698908091,-1.02702892099389,-0.598349864371109,0.118385473235739
"AFX_779","169","3","9","6",-0.866834494893126,-0.14529805368498,-0.884769017991658,-0.723508030339945,-0.902479171807761,-0.375194992259411,-0.100262086958826,-0.610699293004413,0.426103833473028,0.411831700670777,-0.70140988156027,-0.319020194718452,-0.200929729205732,-0.318773414478111,0.3826689386885,0.0588196339860811,-0.282760391440277,-0.00454463887588186,0.0319498835884186,-0.00193659822174674,-0.650319316191479,0.0668661005951965,0.275152408405559,-0.25957597332544,-0.0341954417072402,-0.129680175455205,-0.940582377066381,-0.326979260468171,0.00218846565415053,-0.230571736381647,-0.234186343063491,-0.467487042516594,-0.53774522347764,-0.604409349725847,0.509532927587624
"SW_8421S","170","4","9","7",-0.0893070470976927,0.433254961498996,-0.49544175212488,0.241570578517792,-0.330453329123367,-0.353534766641742,0.786027895798796,0.143445726264909,0.190061308535241,1.30092088749049,-0.150230018013684,0.244171405309557,0.318418959588212,0.359242269807744,0.489652662111077,0.332767100432288,0.172176300193167,0.57396222047288,-0.179782392751531,-0.000802720113005826,-0.3345313461055,0.242572273325424,0.674585171155897,0.554280449702878,0.374306608664262,0.211617600525551,-0.601875894913728,0.21908488003512,0.56736086645444,-0.0128596332715455,0.0435851378522114,-0.518060926465376,-0.798102035540677,-0.838785600931146,0.774829782780795
"SW_8888","171","4","9","8",0.112564057159384,-0.08956043639664,-0.331267864365833,0.422808734227603,-0.0714508723922021,-0.311577445947525,1.35894317989242,0.352960310582737,-0.444793171366267,1.10744053182893,0.876690423922008,0.496208304198945,0.958212977614886,0.531834561349402,0.569772093052034,0.702322277889514,0.940618262330517,0.683140063437544,-0.49159983721118,0.0809488293897658,-0.250966459074852,0.599510161330372,0.740308807021345,1.22244374386967,0.697696543554792,0.781285412812664,-0.537859344947044,0.222043605843965,0.428763584072124,-0.0353101331303121,-0.967605362435028,-0.628080876839183,-0.847175968763869,-0.94021582014322,0.443739793641054
"NM1703PAR","172","4","10","8",-1.2042656796809,-1.90897085300883,-1.44843615056642,-1.11630211376726,-1.20225997804268,-0.233429282419508,-1.35766017637875,-0.935130893946595,1.3213865847698,-1.4464751675922,-0.983399796429166,-0.801029088609428,-0.500239212234314,-0.165790049268543,0.797316061944897,-0.77912470251193,-0.223081213544596,-0.513234249731594,0.469995291666273,0.738356576867699,-0.367214278929697,-0.233537737170982,-0.275836033982647,0.142381373610735,-0.551007561472604,0.160029740147385,-0.708730330736111,0.231933813557898,-0.366599689524561,-0.104470305571098,0.751483135978385,-0.802829549241848,-0.786217287918223,0.239579427878143,-0.436765537210886
"SW_9813","173","4","10","7",-0.841690885257166,-1.66185089555256,-1.28124729178624,-1.1784736974667,-1.01748185860506,0.309569953177946,-1.8036712146844,-0.927113848674727,1.48772604388771,-1.06910060286065,-1.14440169771971,-0.775546341259849,-0.829734127243158,-0.287039239619923,0.919432917319717,-0.514785507648231,-0.731522061207148,-0.38315669195147,0.621901750984127,0.600075666144879,-0.713409703309228,-0.489683486058264,-0.0253530496684848,0.531719755319479,0.286508557392569,0.550684915156619,-1.18264861936801,-0.516482948948399,-0.270223703467316,-0.33498899403695,-0.492612217913857,-1.10552210822395,-1.47001414220547,-1.15139473020902,-0.480847692892975
"TMA_990","174","3","10","6",-0.614260188953495,-1.21222972051808,-1.20392223180172,-0.926147344261893,-0.876814423197244,0.860896838942231,-1.40649329365382,-0.53150077141131,1.21851659376167,-0.797192486632563,-1.14714619293764,-0.409571590944612,-0.0998813858301174,0.133276889038106,1.39764779877979,-0.183543946594767,-0.468047067948087,0.150121669718495,0.381474570081085,0.470006252508404,-0.549347981224182,-0.260854156335233,0.270682517592604,0.49489879744318,0.396653541179198,0.558899198522551,-1.10242868868573,-0.339567054276893,-0.0883630408280698,0.0430279364127505,-0.105903866063977,-0.958694140071315,-0.885100316334146,-0.805312313320722,-0.364367086119332
"NM1704PAR","175","3","10","5",-0.860560208053307,-0.6610018118666,-1.38347338419902,-1.14691861989334,-1.1728662915538,2.05473389978921,-1.93455083828137,-0.75493501742285,0.731042934237351,-1.41804393136373,-1.58579777675422,-0.996876967831677,-0.896535942592344,-0.300777946502027,0.113716488077302,-0.94583399194364,-1.01117295952776,-0.342984794992143,0.475936394383387,0.206547564694448,-0.997381387198518,-0.538154899425088,0.0725129425032345,0.119939082591994,0.115831671504247,0.343277693779137,-1.39494598235834,-0.877051696043287,-0.521700025983141,-0.0706102601398108,-0.216358681237582,-0.858660786010337,-0.414727212685085,-0.601646775941734,-0.0644023065047773
"MESQUITE","176","2","10","4",-0.999379804850001,-0.481128095486704,-1.28819066421673,-1.07433708498299,-0.960326357803911,2.03483084691939,-1.66250701101249,-0.881372337449645,0.603079447398518,-1.40966532124987,-1.41373191586918,-0.942965310010317,-0.955428040916548,-0.666979986239574,0.253553823933,-0.590475154103246,-0.981359543836086,-0.592229874370686,0.551406714181142,0.0966295747147851,-0.914048366927615,-0.676036417772504,-0.0407064612798131,-0.162249724292618,-0.0346188438970134,0.337968045032538,-1.53724099901728,-0.866439301887228,-0.602456640495733,0.0354774737126814,-0.260779543264802,-0.99041155586524,0.0243401175112432,-0.558414744771783,0.178963207105192
"TMA_990","177","2","10","3",0.065413384359519,0.472660891509966,-0.416369257245519,0.208671341515414,-0.121695564511232,1.13042206526425,-0.275341667274153,-0.0897003486014345,0.73743190275269,-0.0165663251698338,-0.608254115224215,0.088751902004792,-0.236651039510619,-0.123487856870427,0.370343457092543,0.15808450113471,-0.203519622738173,0.18025017591598,0.516900008189154,0.366026506749464,-0.254432746472658,-0.168841723701097,0.364558839719255,-0.983268082216877,0.097705293105886,0.890693354241834,-1.11307303173576,-0.256543458722914,0.254470722683999,0.503050254324258,0.299795711270266,-0.668497451993065,0.663507958104052,-0.476764706282718,0.764858563219796
"AMERISTAND_803T","178","1","10","2",0.900761426345926,0.958049819188968,0.0121981924281748,1.27055934170582,0.418312050977382,0.958199808268791,0.580468905888397,0.740579966909476,0.512515901883941,0.735877768507671,-0.105626707609956,0.67005195180909,0.428736068044269,0.695073728264278,0.660052801125263,0.690328043016167,0.287491305957359,0.946253457634917,0.0536129263405802,0.399112672671722,0.0817306847376639,0.10389477983272,0.893670404387292,-0.287887701303434,0.539400002334417,1.07548607188692,-0.802148839106657,0.294761151597077,0.95759202450108,0.752043939436283,0.67370442796235,-0.663258448804088,0.40462510650676,-0.670434213940504,1.14440408472833
"NUMEX_BILL_MELTON_FG2012","179","1","10","1",0.808676152558887,0.149112683228076,-0.0224340174162237,1.06924683573301,0.384076405454344,0.64098690181653,0.80012147359521,0.758228072082991,-0.205360338919255,0.499257666742395,0.841466185920842,0.869194985588871,0.960926733912326,0.835673423600261,0.362026509704355,0.864374862836499,0.950804805166292,1.08637348857278,-0.125751993342389,0.465488840549577,0.121845319401883,0.517100591449034,0.999810195841852,1.00577200445423,0.880236182718635,1.63160950196746,-0.726713384638998,0.363580047680101,0.869605822128089,0.743438514602931,-0.317442072385134,-0.727723121794006,0.305148448095895,-0.690112415009611,0.884624363485829
"NUMEX_BILL_MELTON_CA_2019","180","1","11","1",-0.905987127510592,-1.33759347514198,-1.14366678104262,-0.540262628659819,-0.800048479626487,-0.632617929688324,-0.636777721779637,-0.477985656314397,1.07852998420575,-1.33344046575664,-0.738520352006881,-0.592185261665933,-0.0175463627028547,0.0266459201751229,1.25042781411371,0.23844228540559,-0.000818154984328333,-0.45692504761345,0.679457663519911,0.681397825108459,-0.256990910764484,-0.424978765995418,-0.437229457965959,0.182869470494737,-0.520344205891163,0.584751462697008,-0.57202998125756,0.349517045768184,-0.338034446540276,0.0516883659935815,1.03958244444784,-0.940344092672405,0.07628117867806,0.571042616559609,-0.507958272574908
"NUMEX_BILL_MELTON_CA_2019","181","1","11","2",-0.391396191030321,-0.976789117497916,-0.985843872794182,-0.582730219912113,-0.617230222868595,-0.614856682758433,-0.969397024969164,-0.443509146609695,1.20284624139376,-0.752347777084742,-0.914043796141922,-0.463937294525576,-0.232272517059136,-0.0135367938932512,1.60724981647431,-0.0732586232845189,-0.525598313710528,-0.304186516875084,0.503220190642792,0.618283608212767,-0.519564432872135,-0.656878673176056,-0.128421450112799,-0.024525242427726,0.283888552744717,1.00645357017637,-1.06522802743018,-0.436919031817312,-0.171196184873811,0.065855766625122,-0.0575039852437896,-1.22959603428588,-0.774783405699783,-0.882509507299344,-0.508336671819875
"NUMEX_BILL_MELTON_CA_2019","182","2","11","3",-0.576033271250064,-0.893949778348323,-0.981010033584567,-0.667060633489318,-0.69914739178169,-0.181337687789194,-1.14226450064503,-0.394739864050996,0.941397511878351,-0.630158061148445,-1.03859810543266,-0.329248017804867,-0.135568531500598,-0.0299031251306292,1.41568666302396,-0.442364755517761,-0.579438170239298,-0.110964483324874,0.271334258763272,0.517584451540131,-0.434898545936429,-0.52908478347335,-0.0399760402202776,-0.51195597720428,0.303859360711114,0.866162086868614,-1.12009496749136,-0.494488130725255,-0.117030014923748,0.211110508916658,0.0423172170534529,-1.23931840749506,-0.787956145258479,-0.870237874395883,-0.536528074942909
"NUMEX_BILL_MELTON_CA_2019","183","2","11","4",-1.02995950484314,-0.774083662724237,-1.17579211440879,-0.989743815858998,-1.12995131217663,0.368474579083771,-1.88198572872869,-0.713503868859298,0.42187862344403,-1.36599719018996,-1.47908943515096,-1.04740968613993,-1.06292461106385,-0.521557574051864,0.0453352371120877,-1.27666181289176,-1.19873591081993,-0.698489695301583,0.827155382762405,0.290025930373324,-0.905138873897486,-0.905366849189202,-0.323387419689152,-0.474925198198444,-0.105873027324146,0.498417817464425,-1.51442760004187,-1.14876357936731,-0.54615221470165,0.0881224631603626,-0.0852568805933361,-1.2459103386723,-0.432012686521527,-0.716972944923977,-0.222025928377271
"NUMEX_BILL_MELTON_CA_2019","184","3","11","5",-1.08236653580867,-0.636736130095203,-1.1268264333436,-0.921000190499874,-0.825111199564403,0.131267402504148,-1.26302676243353,-0.776985078090169,0.340885772976292,-1.29068224828501,-1.21532102623888,-0.792544914521754,-0.744066491212493,-0.734382449850925,0.520381866509449,-0.548960758900715,-0.904152900833679,-0.749028130253285,0.797580348344113,0.183941112139899,-0.761104520142744,-0.955589000544462,-0.348616053351685,-0.882861278027172,-0.318199246701789,0.520926199593287,-1.61785394953028,-1.07753811449884,-0.47542998039926,0.183728053215794,-0.0784354749809144,-1.26040885444085,0.545931558083653,-0.342264840384502,0.0836275644789385
"NUMEX_BILL_MELTON_CA_2019","185","3","11","6",0.0560387692680598,0.370538789999049,-0.23758178001293,0.246783381676443,0.00533488087893649,-0.187075045281107,0.00924958601036845,0.0582082707558518,0.477531445213319,0.0187161466804487,-0.451513671621838,0.283184324406508,-0.0238016957512725,-0.181455386945913,0.388298786858505,0.159079624508451,-0.0765177066336417,0.193715175332933,0.487362985075004,0.483459059374895,-0.0699820081522537,-0.367739648933301,0.165079494898099,-1.67136124145636,-0.191045192431662,1.12699119916243,-1.13920259918912,-0.354136897094858,0.501459124470979,0.610769889919841,0.484735864750284,-0.898713027158701,1.33951803067567,-0.223626292590781,0.746468814003875
"NUMEX_BILL_MELTON_CA_2019","186","4","11","7",0.808575929769246,0.746090065230457,0.0929864905474977,1.18042726184819,0.403840893190418,0.0642864506881973,0.53784765412682,0.704535377367721,0.402216504873165,0.553332153101123,-0.0164815073587641,0.7799970919094,0.619532719473951,0.633738037110438,1.21653957660897,0.754535639460961,0.375037333721701,0.965109962777341,-0.0153576679522654,0.528131588155822,0.215422202530224,-0.0995889505853835,0.688832058251653,-1.27925660382011,0.243634907044213,1.25820974786833,-0.882226090672215,0.0998304395140188,1.18022445553918,0.955201189946024,0.885834595432093,-0.832232427902415,1.12608973842277,-0.356113215399554,1.09296761521304
"NUMEX_BILL_MELTON_CA_2019","187","4","11","8",0.378187945237986,-0.181610503460308,-0.160799805689733,0.709085900264086,0.0786802674939362,0.0377845340150892,0.301720050249843,0.415602214424475,-0.201376090643148,0.243688308489921,0.818351976868106,0.846428340390068,0.910328489200674,0.661317380340907,0.658691488907431,0.806058636593541,0.901432180912142,1.02919907438534,-0.0408831501090626,0.566608536361067,0.182575704481719,0.323286767823048,0.76000313445791,0.446428497947699,0.570818500666528,1.85494795557158,-0.797826588390354,0.150256505438844,1.01261716655991,0.858190580407894,-0.33697496929524,-0.839981700501698,0.900080245820282,-0.491840629100008,0.810720321078093
"NM170506PAR","188","4","12","8",-0.634046460333132,-0.915920132634263,-0.593039978037401,-0.323872499989168,-0.402981311308129,-1.15540620827192,-0.267107206299457,-0.196189925963181,0.704241250895292,-1.14345453244882,-0.512471805085939,-0.369769422028968,0.242254002759666,0.26924803963598,1.0119995217694,0.273347176917192,0.102655233811772,-0.119555613864987,0.309714552195329,0.386392126471742,-0.307003353575467,-0.570044113482706,-0.111829804135972,-0.489898136880732,-0.896364921788839,0.766041650194649,-0.579004929454015,0.137426102468911,-0.137541777989443,0.00822302521754519,1.79367212716384,-1.07883350400008,0.756891969902175,0.874845463626912,-0.375912898552283
"NUMEX_BILL_MELTON_FG2012","189","4","12","7",0.155168954270671,-0.347739524055467,-0.409367007775153,-0.381933860648065,-0.33926650568162,-1.1054750376867,-0.874633531972239,-0.0588885740742555,0.794242194105596,-0.365847938597409,-0.730370349697309,-0.157904552015105,-0.0592834774001483,0.377111597392826,1.02549566746225,-0.586210065587475,-0.460114442970574,0.0865470942703999,-0.0685094830402978,0.371983791869884,-0.51672123294307,-0.804927782154882,0.260543908251004,-0.656463044665839,-0.046863580911544,1.26820802645996,-1.03540715056717,-0.65359792791326,0.0815109702042382,0.280587165449766,0.759491569611797,-1.31312712881705,-0.211426444906812,-0.611333413401978,-0.269807961768827
"AMERISTAND_803T","190","3","12","6",-0.265363007405501,-0.459698039708699,-0.43010759316361,-0.569324264629326,-0.533447841744599,-0.505348038504128,-1.16000559673587,-0.210527193451266,0.580421879727785,-0.30951124900188,-0.955755951481087,-0.156377551199444,-0.355924374262068,0.0519338893454917,0.506536644032136,-1.41048837774328,-0.76065770058489,0.0509714047396332,-0.658510575615747,0.290911183819637,-0.547784236348021,-0.77670675608322,0.177822327960925,-1.61381061687982,-0.0987290746546346,1.01645656198075,-1.16945840226132,-0.823712671088517,0.0402738706866409,0.290140425575007,0.661037207689246,-1.37209678256381,-0.576257089719515,-0.851891900916574,-0.367404342840311
"NM1701PAR","191","3","12","5",-0.766437762843653,-0.482918774406915,-0.568656524094529,-0.695260261093973,-0.868042115646344,0.103165492690852,-1.48550619253274,-0.576145538798686,0.0143897664787214,-1.02224546212287,-1.32753673229857,-0.799019892426442,-1.09291704893887,-0.440836559329835,-0.312448594748322,-1.60014124074749,-1.22635339104623,-0.513804906652805,-0.0710156411800048,0.0935554884638145,-0.993747309367928,-1.10620518575719,-0.140153593639977,-1.81350979850396,-0.560128118408952,0.596446322204483,-1.57758252152721,-1.40554032795217,-0.330717458090232,0.119605504914561,0.545570869423545,-1.41333959396653,-0.379826757116943,-0.795390616314858,-0.0264707277003675
"NM170506PAR","192","2","12","4",-0.845797044103388,-0.565677159056711,-0.608192855935968,-0.797149990930376,-0.672673224501502,-0.0935440272486818,-0.985864606718843,-0.684317668960006,-0.00566542030311524,-1.002425008667,-1.06416598336798,-0.489654258258142,-0.616275956096692,-0.557247041901967,0.322710609216179,-0.670506898831828,-0.789102891398995,-0.496373120838928,-0.0272932111370159,-0.0322260659232001,-0.869141624935253,-1.13001408689852,-0.109882325176512,-2.14186396141817,-0.799589087301884,0.620927975853226,-1.67295189498531,-1.41810925450976,-0.284928519697885,0.168346688987786,0.533879522943987,-1.34961295071761,0.778990422422336,-0.336452408281615,0.295925503921166
"NM1702PAR","193","2","12","3",0.241885007521171,0.434069208856592,0.243902106426489,0.282214780500669,0.107132567335333,-0.000969848606729624,0.518365495558102,0.24372263568648,0.0880531949078809,0.296217000867468,-0.31831702200386,0.636665281678441,0.42089416918023,0.0744814166848808,0.400206806339869,0.489064198561626,0.163317659344673,0.536185235599077,-0.314557306893993,0.291776885413114,-0.157472464215359,-0.420936904772373,0.484812031033073,-2.49252293190045,-0.553732891485256,1.37044444830674,-1.1027888995099,-0.521616341371579,0.785762481069188,0.712687819825526,1.05049087966204,-0.905233021106556,1.91080222774382,-0.0606410542492161,1.03726350381151
"NM1713PAR","194","1","12","2",0.746614770113568,0.548388680321684,0.450268747651657,1.04548820286158,0.334642194531781,0.34026069544718,0.652784802602842,0.729138284313776,0.0879619703228934,0.508312974128339,-0.0565788604854604,0.950032308960965,0.875204003189789,0.783967225304018,1.10637484283581,0.785995069824865,0.498444529975285,1.17645623541184,-0.604621607110148,0.359233491782379,0.0863573339631037,-0.194962526679627,0.979755974979995,-2.16500612581197,-0.148060734533553,1.40608315563537,-0.890078207198604,-0.156076115092164,1.33605340816214,0.921160059579773,1.27626518789016,-0.897842916627533,1.64998002721746,-0.207632382949386,1.31382252000089
"NM1705PAR","195","1","12","1",0.106587028289745,-0.400292438395516,0.0287840509500723,0.385972979598343,-0.173514676316111,0.144568205832428,0.0378252108705538,0.32250244420348,-0.414335455333112,0.071047688709897,0.625585462652789,0.907572819661192,1.08605210166462,0.80549246167019,0.0450379776769628,0.653290845483327,0.984130018210308,1.21832329372847,-0.621921815114449,0.401032448346548,0.0225366597842248,0.23438696356159,1.07263384608462,0.233447113329003,0.182056400483829,2.07521933631212,-0.7726072510156,-0.0576910961115474,1.1485776583681,0.765174007269495,-0.156400535526415,-0.835908059358935,1.55311976722751,-0.282712478118637,1.04727118722209
"SW_9812","196","1","13","1",-1.26457966119373,-1.62945079798368,-0.855697755867716,-0.970298312101094,-0.652506196000415,-0.564031590113515,-0.245257253923634,-0.527495456530949,0.973661612850063,-1.66379090630969,-0.725139077657677,-0.403041387313009,0.0321906169641475,-0.209228806393993,0.0735708060969432,-0.351345227578622,0.183700611779435,-0.392738501026723,0.422835616175562,0.495640613911126,-0.218659259593302,-0.10137346527725,-0.372354749841896,-1.17095380602634,-1.45612489679435,0.108410759510711,-0.629577874777739,0.260555185028423,-0.187732204955905,-0.467033653885704,1.7151708979407,-1.36939895913598,0.482949670266227,0.926472565224691,-0.353196450918499
"NM1712PAR","197","1","13","2",0.582459972693167,-0.066758001491547,-0.196214015453669,-0.114394073374245,-0.0412242589777863,-0.622289613341908,-0.0585092296427053,0.265078053298916,1.08426130576582,-0.192344986458365,-0.664514257641497,0.138394756376821,0.208085197962427,0.361373476387676,1.71987613952116,-0.431327574730979,-0.0473385036151134,0.217790682340719,-0.0655268082709803,0.584420391894687,-0.170123626676807,-0.167955535029161,0.281516920726455,-0.849907482701874,-0.408999585857678,1.01673789284287,-0.88327086668882,-0.298559136266333,0.36012737520867,0.259909885443034,0.867734361984137,-1.42534648568917,-0.344618165772382,-0.52776827940994,-0.0571828437540876
"AFX_779","198","2","13","3",0.209421996400437,-0.0338634236327851,-0.0463652891439481,-0.0989713513020165,-0.0617779197344306,-0.35996170782717,-0.272384370779135,0.173991744120781,0.805204863447808,-0.0726576624970712,-0.855478517199094,0.0646495781448901,-0.445676110746838,-0.108213340701839,0.516711260432022,-1.20255946140576,-0.479260630234853,0.0986694209067948,-0.639219727743396,0.552779396689741,-0.236226738589459,-0.213131949604327,0.165991146855403,-1.74490718353559,-0.391674844895696,0.878643880404901,-1.01505210065957,-0.550451285817073,0.272465420184009,0.299774146985889,0.724088538340552,-1.43167534484013,-0.720410576662221,-0.802309028196335,-0.179106690360852
"SW_8421S","199","2","13","4",-0.331731819044653,-0.107594125490769,-0.1029192537639,-0.237479110625037,-0.313979712317353,0.36335313289257,-0.869465383336193,-0.173616059722723,0.150957271022195,-0.77394450066853,-1.22719572082569,-0.604402881463981,-1.26722042362323,-0.572256003167872,-0.829390157811693,-1.67324995112024,-1.01510399617392,-0.359828666776586,-0.0792937736452393,0.388867144498227,-0.68539702525372,-0.586009204840285,-0.128694529648771,-2.11496621731922,-0.833321511499972,0.486433172874531,-1.42470681855298,-1.20226820235002,-0.0663574225051424,-0.0698533210299701,0.587837071763306,-1.5586238629342,-1.01877600672855,-1.03734214358238,0.104216388045723
"SW_1011","200","3","13","5",-0.495239037227601,-0.413047031958937,-0.215727522833834,-0.680209309855329,-0.25667018622134,0.385071207785578,-0.859829858534003,-0.220330309677335,0.150479405553797,-0.807306359036918,-0.949621042615911,-0.3237901642318,-0.889901694610939,-0.608602379371507,-0.315643569987106,-0.893899614550413,-0.639176752397715,-0.194526878880547,0.207171828790811,0.261294586225246,-0.601318146409126,-0.644067898990656,0.0015644327920476,-2.23530711137396,-1.05748856247393,0.606415380823985,-1.49454994333296,-1.38908523415971,-0.0532950785832775,-0.108310845295878,0.569997099182096,-1.50902591194825,-0.216562218751269,-0.844817928892913,0.314696537362839
"SW_9813","201","3","13","6",0.535458730998219,0.608596818595922,0.603713471656721,0.413824818019745,0.652931976630785,0.463456985942898,0.720973165115256,0.821025297169372,0.173601731148695,0.680849017398446,-0.148092785980167,0.89739088558698,0.39944454534404,0.160550675146195,0.515207563126941,0.564616275990303,0.408761340191249,0.950115024356498,-0.169113846858072,0.618528131541963,0.125357356997993,0.187589380109838,0.691938867894567,-2.10238820892174,-0.649923186602484,1.55248151685194,-0.825116117094547,-0.302582630810018,1.07967610217245,0.609204229909228,1.06074676567137,-1.00854566206332,1.0273313223835,-0.509313192472452,1.05939049953562
"SW_9812","202","4","13","7",1.00250816286183,0.611510514275478,0.7272382176093,1.15695685072888,0.797434665416406,1.08738448114535,1.08361742591103,1.11930285012262,0.128843768464873,0.912814591572961,0.0526151049042058,1.14382971593829,0.904974739150663,0.818418316396664,2.26864470897718,1.06169974088847,0.767063215598401,1.4723714890254,-0.111992413253105,0.741135565378427,0.399902652319123,0.465693833328118,1.1931049700261,-1.36060842281478,-0.146652199082846,1.62675066115807,-0.547658888927431,0.105381069955571,1.538283295005,0.989889052257048,1.39702173944985,-0.98648625236041,0.887885773515999,-0.601295964306489,1.29286463480064
"DONA_ANA","203","4","13","8",0.252282774442466,-0.272299004675835,0.219067744919696,0.527184978934542,0.291769529073177,1.54720246578306,0.565501140092124,0.677835330064671,-0.502506319096019,0.496447019099855,0.675480982488792,1.12336495131763,1.32593872520667,1.02640780611223,1.71975127235051,1.36417137859253,1.30627718234894,1.62764448401331,-0.269496505353895,0.794286326163609,0.309914934023044,0.88892689709281,1.37454146309508,0.794308294540712,0.182676418342526,2.39072493116617,-0.373012947223322,0.257431998839987,1.39604888710816,0.897323488880162,-0.00684040386817459,-0.858353622932781,1.14707324080765,-0.392161763799346,1.07806286892274
"NUMEX_BILL_MELTON_CA_2019","204","4","14","8",-0.853213175847417,-0.583289688885372,-0.367233842842842,-0.327210465627821,-0.514566345982216,-0.565281871260047,0.0336408148186573,-0.190309863198054,0.544983758718529,-1.44307700455193,-0.571594932049349,-0.378517440435714,-0.241560187326556,0.128005783134661,0.443902099364463,-0.713671237556436,0.395661949089909,0.00997106954513134,-0.332746923171505,0.789527771467955,-0.232729711178654,0.390138664886305,-0.0761446790844579,-0.572420484627132,-1.60627348015538,-0.707929544109581,-0.38796942486238,0.642011013561275,0.169285616430676,-0.113309453885225,1.74874163072694,-1.55016896230964,-0.052602316594748,0.589533357094606,-0.109130882087289
"NUMEX_BILL_MELTON_CA_2019","205","4","14","7",0.158189896080379,0.388897143304685,0.0103978974477884,0.135768724023695,-0.243535951082309,-0.968141504757685,0.21314548895699,0.365057666462092,0.707932506310001,-0.30396988658013,-0.645776931081469,0.0592469474785934,-0.167917546537382,0.408592813909889,0.938398771133618,-0.893879635623875,0.177266144331907,0.349083620074132,-0.902594017144902,0.827775383662012,-0.354603931254581,0.36833058506181,0.407190461123971,-0.560552198513529,-0.863824501956663,-0.206965551125166,-0.778985312089882,-0.0783856715494344,0.485956532207066,0.164024119728822,0.491790295004794,-1.67417204378569,-0.848882770964779,-0.518990892707066,0.0918457081542
"NUMEX_BILL_MELTON_CA_2019","206","3","14","6",-0.279245375877911,0.472827625011836,0.156084965895238,0.33528050659634,-0.273606167493259,-0.953319659479704,0.0981970403459554,0.240792997363941,0.483244569589779,-0.247937787464332,-0.80791259713464,-0.065775017125469,-0.838246314177671,-0.187506266302714,-0.109903527026714,-1.25207156361348,-0.255941188381647,0.116069382835213,-1.29063619232291,0.819378639072414,-0.465929754355288,0.330941553649605,0.184066737721968,-1.22109362077849,-0.86739944472494,-0.324920149973692,-0.91814407812444,-0.23989519544824,0.349993573508446,0.217090980132296,0.266277486771213,-1.59707974699381,-0.984002647290333,-0.783852404982893,-0.0717760752160961
"NUMEX_BILL_MELTON_CA_2019","207","3","14","5",-1.07791264001414,0.110685406696352,-0.0251565081673149,0.065266054947009,-0.614868134926538,-0.275144286428204,-0.573265867228903,-0.35092731585243,-0.16192122559988,-1.1209451902432,-1.29946212417312,-0.853333606317385,-1.93849148022532,-0.811249126186757,-2.09793757528167,-1.92607002244933,-0.807770719978324,-0.447602386735612,-0.531657901987735,0.662558356262379,-0.919214623225387,0.0187233129596704,-0.21847116312563,-1.52518596008315,-1.29992717280108,-0.789402660266916,-1.36014880243636,-0.929675148925416,-0.0426358446942298,-0.306425784561647,-0.0110133056788339,-1.75489719206518,-1.39857035456076,-1.07510142705349,0.0889615376408607
"NUMEX_BILL_MELTON_CA_2019","208","2","14","4",-1.25363814322076,-0.356601951438294,-0.243801688186836,-0.466388490565079,-0.748667122265751,-0.10793539492885,-0.436412087671736,-0.40242274805133,-0.062157829963106,-1.25271617154151,-1.02970289773153,-0.567754884117679,-1.41304711294648,-0.696102752510326,-0.913643164672729,-1.27476273414783,-0.43322098881092,-0.266274905661785,-0.514937765863338,0.491057378457907,-0.926700621212164,0.0375803534684386,-0.111764307771492,-2.17131778075881,-1.58103112338407,-0.741642303227571,-1.43679048710201,-1.14945151116158,-0.12144722140551,-0.402833508600643,-0.141113810043161,-1.75081014521582,-0.690853442741757,-0.949204954408641,0.114216981183232
"NUMEX_BILL_MELTON_CA_2019","209","2","14","3",-0.557505625299913,0.396066948265084,0.371375459099796,0.299227173144159,-0.107048689763138,-0.370613506993316,0.964894670211037,0.41720504322442,0.027108636922007,0.0100772435870753,-0.353733694390898,0.495450970516294,-0.117960535389658,-0.0568706621892792,0.233995668351318,0.0822690459407226,0.531244770051427,0.666872254232351,-1.09314072056538,0.802038967511512,-0.359628869722602,0.922330843825188,0.401375774341496,-2.0715785179915,-1.19749996972484,0.00919242923811809,-0.831577642229826,-0.144158696454494,0.791687196512923,0.249949912193748,0.0812573492615576,-1.31311149837201,0.507140945991485,-0.623018045124717,0.723234901793287
"NUMEX_BILL_MELTON_CA_2019","210","1","14","2",-0.599858003292921,-0.131509724202402,0.103755968253379,0.105324858679046,-0.557317162566176,0.118545525830286,0.359833282389228,0.247274863380211,-0.0156838285424471,-0.254655464601596,-0.438476474855313,0.386702747909672,0.0188292280410271,0.25250739101495,1.49594355029188,0.231178774727819,0.681511895123819,0.792791888828351,-0.893890720601365,0.887051894270564,-0.278750570307397,1.11495427002799,0.664208888108471,-1.40589387868144,-0.795051167831121,-0.268580372386792,-0.707247485569042,-0.00548746729201663,0.913860030406654,0.412706602368601,0.274521425107621,-1.41136086099689,0.113833614259368,-0.747061381858707,0.716065300237439
"NUMEX_BILL_MELTON_CA_2019","211","1","14","1",-1.20532867407636,-0.833026574100338,-0.44037414574788,-0.578337647043769,-1.014996304129,0.500620824209501,-0.449452532395037,-0.175503980733205,-0.674415160389701,-0.729846553972389,0.102890699933053,0.301415532088257,0.258428862023987,0.40947883329531,0.855355229433521,0.391817978257987,1.1725153796548,0.945861873531345,-1.09335010025145,0.924994750104419,-0.44049863450195,1.40552107317541,0.773042292107694,0.0689861823780907,-0.535338857658013,0.544638936695875,-0.597045242615674,-0.0381211848991031,0.737461651033676,0.11664390608956,-1.24740382750438,-1.32715920647433,0.305614307980907,-0.645910617507605,0.463056052475009
"NM1701PAR","212","1","15","1",-0.872255921764316,-0.268104281107944,-0.397921729245696,0.00955530821606761,-0.433494763328089,-0.716348739956427,0.357826537208571,-0.1317348106235,0.941661384290235,-1.41426176702812,-0.235710668124544,0.0757838746490433,0.0146151976723455,0.441523566391328,0.764446594384563,-0.931708193215772,0.925685588639865,0.0813624338323217,-0.730435126924061,1.16602705298449,-0.196467074428449,0.768288771547936,0.0762623037632452,-0.145558864948728,-1.42094038878819,-1.46378301233449,0.454052127412635,0.872268692518542,0.388001688324695,0.510534152965093,1.59418423727497,-0.761221744541676,0.5101107331016,0.995823090484744,-0.0335952593526914
"NM1715PAR","213","1","15","2",-0.345686245377156,0.345970110674181,-0.112762301960065,0.37888037754569,-0.257538984449874,-0.969013564888082,0.441995573025043,0.27683971332627,1.14487736323947,-0.467111093588415,-0.259673939704495,0.517781131809979,0.042062844338494,0.600421492831979,0.778781364014255,-0.869700572628614,0.823005842447671,0.36526866284869,-1.3796342716623,1.15012365507426,-0.467012812629069,0.754407489499839,0.462463965969128,-0.467611048600982,-0.950877007202322,-1.30876858256905,0.0892965686643417,0.200443013948914,0.562227319094193,0.562370664761851,-0.00968908956578773,-0.94361173760759,-0.274898328553592,0.128666089095267,0.171681269479535
"NM1703PAR","214","2","15","3",-0.840075554153104,0.460174624774649,0.108024790559595,0.593927637512434,-0.277851042799201,-1.0134501121303,0.356401655485589,0.206767688099349,0.954226735388782,-0.460469856312624,-0.271647461120181,0.40488082174316,-0.537193083707124,0.0433558299179269,0.31480422185993,-0.544031403608532,0.595331950108663,0.26930194546944,-1.60728828381957,1.16249619903922,-0.642169593404448,0.67512116181163,0.288465013576425,-1.21561754401513,-1.04560383798024,-1.51669994973009,-0.00418479646426719,0.189853608263853,0.501785866139784,0.554738198994012,-0.27673995031889,-0.810802252489032,-0.323014819139744,-0.0737803711667583,0.111169194037535
"SW_9812","215","2","15","4",-1.44280664812453,0.259022690769853,0.00110660600467443,0.330142160566696,-0.511017461360125,-0.220240230812253,-0.260004775928759,-0.306616259573845,0.332138915988731,-1.12758797211298,-0.686686413316786,-0.259595054647549,-1.58850540654042,-0.407963352916744,-1.43844249917216,-0.890320310075108,0.198999025159865,-0.0856360426940459,-1.09970474892213,1.04527454839985,-1.0672851129245,0.393023760429713,0.0113429307513923,-1.46721095365717,-1.42418530326052,-2.00538247530733,-0.366625572583798,-0.348079309252682,0.290711386069857,0.0864515171313324,-0.461586910514716,-0.902334326448502,-0.687348461190067,-0.325437274763506,0.351831748995669
"MESQUITE","216","3","15","5",-1.43178019736551,-0.144495608109643,-0.198787106146405,-0.157458324665337,-0.770080737643159,0.0811142850295169,-0.382289787547593,-0.28582146327103,0.488237488116211,-1.29129870061936,-0.523589056974922,-0.0305151534214809,-0.99763710943972,-0.0921102411554995,-0.413806358132283,-0.533187346231878,0.378537067358098,0.120606812868808,-1.20003946458679,0.880411414230053,-1.16773498877207,0.393573327774933,0.183111440229268,-1.82390139748181,-1.5825086105106,-2.01564328959948,-0.426407682527092,-0.524770555723543,0.218328089655501,-0.0690790853102031,-0.533034330010271,-0.982006804202044,-0.491993423840168,-0.39549856247578,0.360764680182069
"SW_8888","217","3","15","6",-1.03614318035529,0.396709785299082,0.257251267902007,0.226966161953289,-0.337459425877487,-0.145502924010636,0.49960590333281,0.281453880487374,0.503458896883564,-0.17403419205976,0.000203286095986483,0.747922320209684,-0.154548122169855,0.24530316084703,0.831846776225865,0.487538806957198,1.06924451046066,0.846405470567898,-1.69216237468434,1.17130984219396,-0.76232657890705,1.19194487598409,0.570616487620082,-1.34879672675745,-1.2195486276876,-1.54262580072332,0.0821793287332375,0.27797200377147,0.995447367107816,0.38992752593184,-0.492231243213041,-0.561597092229978,0.330325429114721,-0.0479956643235382,0.941961269162147
"NM1705PAR","218","4","15","7",-0.91800276713366,-0.0195406528016529,-0.0533807082562051,-0.167562689315622,-0.809895668773783,0.0342055325791332,-0.235276832375396,0.0443508988573735,0.391894761142364,-0.555598602128579,-0.187369659863691,0.495954326237374,-0.118875842005174,0.419993012778169,2.09939663856282,0.648997915693979,1.0677229994285,0.866268985771129,-1.47407983220152,1.27201713101864,-0.772179357168,1.32940910786576,0.753259876103533,-0.68478444351644,-0.927961236160796,-2.12416465607468,0.0804442279661357,0.314894315139977,0.968671402208965,0.238621317631783,-0.410941592132611,-0.724850883880026,-0.432055984978119,-0.207239281561598,0.781313855472677
"SW_1011","219","4","15","8",-1.11554961401302,-0.218305766668776,-0.407977167550561,-0.311888680111114,-0.811104112680788,0.0380994054515086,-0.291647672984993,-0.147850633342701,-0.311472272354813,-0.803441779369839,0.465570478862003,0.552533478758977,0.261279549014931,0.666796071422228,1.86773532689449,1.31499309938783,1.5753556785018,1.12078361896812,-1.72303612940245,1.34179215536245,-0.86334806344928,1.60690704911287,0.896355014535661,-0.00215730626471779,-0.703532884530601,-1.12415347142539,0.227926231029335,0.403843987639071,0.88045469505471,-0.0945725934460788,-1.89747336597216,-0.532280972612106,0.0101371331695436,-0.137889687638428,0.553279324663694
"NM1715PAR","220","4","16","8",-0.191660312092415,0.276527587550027,0.0536938843420828,0.691878133379513,0.389764897255175,0.613085149269279,0.814323798621073,0.531454996379963,0.444409603930921,-0.858859001741798,0.81408934353612,0.713153960517746,0.90233556550775,1.03975944678343,1.87426042679254,-0.267462024722349,1.64829830867625,0.552068444605569,-0.537876596390109,1.28229512156945,0.293334374980238,0.942868783591436,0.334580269912386,0.289323663260754,-1.3453832278246,-0.842539217093327,1.18537348721498,1.41021926490534,0.560574448891121,1.26258974168718,1.74983694887631,0.770218544536013,1.84810004498738,1.75202481235258,0.223422057197184
"MESQUITE","221","4","16","7",0.230599733894236,0.706761724978058,0.20187267013256,0.935388677820173,0.522934375092612,0.31739625627736,0.571160961729284,1.01919442203298,0.734376092374955,-0.180467896759583,0.809157621506431,1.126104986413,0.94815174321939,1.26307073233399,1.20586031508076,0.0638902503267796,1.62523213546173,0.891452642766867,-1.27278519138641,1.20220749594797,-0.0909285932190188,0.92995546802048,0.704609337600035,-0.111437314219851,-1.10951061468999,-0.925448456536164,0.8214566891798,0.759201784665464,0.80344855976371,1.01277111709724,-0.0648259955094239,0.502052303446596,1.05133237056101,1.07535827759401,0.448178346820254
"NM1712PAR","222","3","16","6",-0.369317241059598,0.619904888867365,0.321399819086915,0.927703469973229,0.468517732967224,0.422460503567231,0.25393032063188,0.899288915088317,0.636211155719045,-0.371350975818089,0.811126217735494,0.897507120568999,0.10234681637509,0.584554866872245,0.150511011764439,0.182300811880639,1.43896025074329,0.768552911691255,-1.4864246660497,1.21947653910995,-0.312135384835843,0.891892126528977,0.517287356599808,-0.968853035962189,-1.31899703391025,-1.3141418782641,0.724835492587154,0.722296712841237,0.786850180039288,0.815676267978425,-0.375385451739462,0.518990338609075,0.98219294937545,1.05477196940671,0.443361926275005
"NUMEX_BILL_MELTON_CA_2019","223","3","16","5",-0.758008184681795,0.58125712177276,0.16648289018498,0.573177516259075,0.302480243677165,0.601360902641195,-0.430302550686377,0.450817048172876,0.192938522133188,-0.916453821913368,0.34670376905862,0.321814906664844,-0.552093276387319,0.365291731611885,-0.84891062912489,-0.258985925339487,1.09894500638884,0.511005655196275,-1.30375245795355,1.14231274102217,-0.690524445573353,0.766842986954415,0.348865102760096,-1.3483803795115,-1.66661694589979,-1.89721012360411,0.422671847243291,0.224115065747708,0.730868158601058,0.20521700174568,-0.662550240040122,0.373143282395036,0.68523879452805,0.89516049180786,0.714490578026166
"NM1704PAR","224","2","16","4",-0.369072919758561,0.549389150583087,0.0910099986855949,0.312748661865114,0.0795704601412322,0.77136388735912,-0.718171180436042,0.626007073164344,0.448914064334804,-1.03508551423611,0.402815663410692,0.516595211192275,0.122365266151405,0.872237799976964,-0.206341137967006,-0.080733663637686,1.13956288702091,0.726588977184672,-1.63533707584469,1.01476907006387,-0.78117617229365,0.843996302053977,0.614280788855298,-1.28533808345928,-1.60596053315212,-1.88655379640315,0.447970226904572,0.156549774938154,0.661070933982299,0.234031114803306,-0.641507229043707,0.245416576383315,0.559350906462383,0.708295749763663,0.725968711184865
"NM1701PAR","225","2","16","3",-0.595073196027437,0.593902123742768,0.427459339371767,0.334021351248717,0.233671339271274,0.636523535767605,-0.19997384058266,0.768239491956268,0.477915680831795,-0.144153282222003,0.741165025308425,0.982862404168863,0.205492341574282,0.649543960834227,0.410896061675445,0.398802503465282,1.52440174885318,0.99857566187928,-1.6339391717396,1.27948805720231,-0.554251844834969,1.52546354815038,0.719358976065749,-0.652089214466169,-1.27021181435524,-1.63397630047359,0.890203545993074,0.786898230225276,1.20506634164564,0.544380109834829,-0.757830503998439,0.58136304233057,0.971907038766168,0.871163778171435,1.22853659272298
"NM1702PAR","226","1","16","2",-0.54288021949862,0.14430020494693,0.133162319728449,-0.184249145173723,-0.282536773302516,0.103817709869739,-0.921482338733416,0.300062236156259,0.480536355457505,-0.591327629175353,0.494507655365443,0.618820303348587,0.0950015240001239,0.54084060030825,1.9200658111459,0.80465367707359,1.40210197985715,0.772049096242882,-1.27960261538884,1.39143406205468,-0.658549785855015,1.61857014633497,0.699970769571364,-0.19464848218341,-1.08506303397644,-2.4035963187229,0.809153251809646,0.767357148408845,0.999884521292372,0.321562435610415,-0.651889970792926,0.413353563759975,0.200562821461433,0.634303528724746,0.908470137746851
"SW_9813","227","1","16","1",-0.912925935829772,-0.145932781258802,-0.28590366198652,-0.372285139671382,-0.394494216420131,0.0202595489258229,-0.915151972288411,-0.123534774540889,-0.159402716251924,-0.855823819316735,1.1585886504831,0.69235845037163,0.385627624077912,0.510709298817161,1.79057061791706,1.44050475429445,1.76262711615031,0.815728515415229,-1.30715094637858,1.47100431971495,-0.777675340030584,1.86401947888771,0.694974918565242,0.455280672250237,-0.896120307387755,-1.46455813905573,0.958055482032414,0.911294508821161,0.782063054783307,0.0855257589900998,-2.00206519621451,0.686270998691634,0.620088675633947,0.564767319314232,0.596847720872014
"NUMEX_BILL_MELTON_CA_2019","228","1","17","1",-0.178840590483158,0.679590090685566,0.624407492027621,1.33977995624591,1.41443383341807,1.97324128226741,1.78981870038822,1.46010561049422,0.506366253955133,-0.144347645767454,1.26622211919248,1.54657943098411,2.14911233497888,1.81602039304344,2.14012845647898,0.806998061992072,1.98151305840568,1.09818181978616,-0.506562710993686,1.33578078305819,0.658881090035354,1.55307217989793,1.19619552777222,0.952963277367399,-1.03700331655903,-0.492316449018409,1.59666313833705,1.87864987734927,0.944947849232162,1.43004667169763,1.34888208257676,1.14704917396629,2.12364779037919,1.99454579111917,0.794932122087948
"NUMEX_BILL_MELTON_CA_2019","229","1","17","2",0.323943358488476,1.12836282597564,0.774682489921337,1.62515113508215,1.60511214660574,1.8766486231505,1.60143897920645,2.08860877787358,0.870695479533189,0.386897622039114,1.25607002871213,1.96450179632672,2.33107877869984,2.14227438221091,1.26364585805338,0.983889793370016,2.04289815098753,1.54950946567182,-1.25174844957474,1.21630250564857,0.19016866718315,1.60085351541685,1.58414671903586,0.677328478882831,-0.935472592637759,-0.614453821049678,1.27829517161307,1.35368454513175,1.26932727218496,1.15684268305824,-0.414221164259625,0.88330807875124,1.57808252427192,1.58108994726576,1.08248676981591
"NUMEX_BILL_MELTON_CA_2019","230","2","17","3",0.0732526874750396,1.1354577653658,0.999348349066736,1.78816697916413,1.77851120726043,2.1778100655902,1.50979471191989,2.04495196803737,0.978735045369132,0.300989953271966,1.37349044268747,1.80984184672459,1.25571832183725,1.41635147976721,-0.318376129632594,0.600840927580884,1.90084372307413,1.43829377023236,-1.49411573362798,1.26036266005468,-0.0268581825692216,1.53888224810485,1.35080081878586,-0.246785406767863,-1.19700457467467,-0.940142939942173,1.24313496612635,1.40943127584572,1.29413442620361,1.07331878147778,-0.58189647186749,0.847869723261489,1.77015421144386,1.81442471155611,1.1338532216921
"NUMEX_BILL_MELTON_CA_2019","231","2","17","4",0.115750624910168,1.40873155901773,0.978534371751396,1.66643782427554,1.82027817758856,2.11582148119181,1.19683113375427,1.77848081268535,0.749286001194773,0.168060794090147,1.06097384205187,1.46861441943428,1.10755666040585,1.51054096121669,-0.879139568112749,0.21179145736709,1.62133109297553,1.35447365447719,-1.37891439649549,1.24982930961243,-0.297427068949194,1.5068064676282,1.28914008747497,-0.00886381954247316,-1.36821766961834,-1.26211270414606,1.09209850061703,1.07510070684875,1.32700085033522,0.679177693805889,-0.771979965084342,0.688845271540048,1.48006883288702,1.64974252629817,1.42647897609713
"NUMEX_BILL_MELTON_CA_2019","232","3","17","5",1.46956385903408,2.19211481302473,1.34444812596105,2.10837640524586,1.85913608698117,2.0086656461977,1.40640041495856,2.32115532441292,0.963116281857076,0.584881063452084,1.28997098031056,1.88873576078602,2.21690840351344,2.43324982006288,-0.181762134563406,0.632688131557697,1.67059267642123,1.76455687280939,-1.68484858868751,1.21091979091641,-0.242820206637207,1.72090048150312,1.74069275427767,0.571202820204445,-1.00167307650273,-0.960422019218972,1.32526180906616,1.23478839136456,1.44619001283295,1.26500322247619,-0.311136210319843,0.631831163865962,1.34366889278288,1.467929085728,1.52145658758902
"NUMEX_BILL_MELTON_CA_2019","233","3","17","6",1.30750486322107,2.1483000834075,1.79641340138985,2.06527349892566,1.84778220845238,1.77336819682548,1.69398589195718,2.29364844108186,0.92035887058378,1.40651856071238,1.58699811309482,2.1716718175231,1.58109189675909,1.91562455179069,-0.392156891191485,0.591085133891784,1.81546533843228,1.76243554338685,-1.33974887972769,1.46526707431687,-0.119523012609286,2.1917368713371,1.6549911707889,0.899239227382867,-0.742582725309477,-0.75017909117615,1.7485642051967,1.67674083842335,1.9003657641781,1.5986046864767,-0.370925204003291,0.896226290188246,1.46207564512377,1.41218636290798,1.98728043819274
"NUMEX_BILL_MELTON_CA_2019","234","4","17","7",0.775749522653148,1.24856676010767,1.31590846544861,0.960935824524043,1.01063431651788,1.59435387706665,0.654358433035645,1.37387975675871,0.940049835078993,0.709860400029276,1.21309585847606,1.6340044396438,0.949401896736013,1.38785831898366,0.365323720049945,0.396451365455815,1.45168740795952,1.16088712955174,-1.22339383627557,1.55018879370522,-0.426956724863709,2.06432163733758,1.31238525654827,0.441925545796479,-0.85084784346114,-1.78544746697732,1.54684563342193,1.40598254483453,1.31558353171912,1.04083627449063,-0.423766445463532,0.669696442423052,0.834248830240276,1.10915091385465,1.41178294356948
"NUMEX_BILL_MELTON_CA_2019","235","4","17","8",0.0349877204919231,0.629015158174045,0.657748739595678,0.44021875329226,0.632858151436646,1.44397354419769,0.466419282796004,0.602069993846334,0.306797425943735,0.255820700447447,1.81167486366546,1.63183790704057,1.07281268474153,1.12845061932169,0.160055812555898,0.607499261663653,1.59470229943209,0.990391237403826,-1.2284079031463,1.62612783172488,-0.645150324660241,2.15525222748606,1.16990155430987,0.984222284814038,-0.807349287148344,-1.0682732922626,1.65866771870602,1.46815574754864,0.913280520010034,0.68047168019808,-1.75142795559501,0.93502651153398,1.11957636335084,0.943845564646305,0.977438200474422
"SW_9720","236","4","18","8",0.0462803472318108,1.36886901782102,1.38797708151717,1.74210959297878,2.46283071601044,2.10349041766958,2.22177835122924,2.13322044330639,0.568637247009292,1.01223663978293,1.7062162446266,2.16825719834531,2.87268819125003,2.40966679095521,0.584983566477553,0.628018142376194,1.9205760306189,1.69390826699036,-0.826966202534606,1.38195912055079,1.02881702883783,1.73442664719878,1.85491002107923,1.12894838785734,-0.854496275564068,0.120939267342673,2.05584900023992,2.57637411903814,1.2752916437418,1.73826965096916,1.64867540306511,1.37949404723518,2.29326777072052,2.23044012094159,1.65411848336354
"NM1701PAR","237","4","18","7",0.346878839281867,1.6814939967311,1.52566867436547,2.02657323893858,2.63399714392975,2.26101983892665,2.05380999705261,2.71987081207708,0.985371984322358,1.47122038405977,1.63555797668547,2.56443477371417,3.10563883149388,2.75438223215488,-0.530420311550764,0.719093939519677,2.02671677247045,2.20211113776798,-1.29907778398845,1.24931188832785,0.578708276492769,1.81708017727737,2.22149161718148,0.985109558087907,-0.796233156512647,0.0571735456258324,1.78199172021697,2.19794073050754,1.67397361749434,1.46376429948274,0.017062260002375,1.20750859088798,2.02560174010863,2.07058415192229,2.03514305038655
"NUMEX_BILL_MELTON_FG2012","238","3","18","6",0.145863912416689,1.70194322056958,1.80519562829298,2.37051676334484,2.86377950273973,2.6148505865914,2.19206565581676,2.60250830923349,1.23146981213308,1.46082300106347,1.7467643065415,2.49569419803939,1.9931781804785,2.01861807244196,-1.10170889226514,0.379886640400662,1.93873386108364,2.09379407135506,-1.5358863159338,1.31078942574257,0.40831480810288,1.77737501662029,1.96145787158455,0.192654452926995,-0.989870506564354,-0.109404473256919,1.81491605990596,2.37166348483838,1.74866854708754,1.47071020483496,-0.0620318896581332,1.22301058699667,2.25241426996812,2.34413651936169,2.10928246434195
"SW_9812","239","3","18","5",0.839753396900086,2.38919878998719,1.94573960276514,2.468172002989,2.93265364289819,2.23579662023973,2.04551488641888,2.64969877340163,1.20872593324168,1.66413558682453,1.51800581874271,2.33430984326198,2.33443663084763,2.50744435433302,-0.162706701307686,0.590850570439422,1.81648335363513,2.28036336123142,-1.65901420312612,1.34466478745601,0.206996125533476,1.79955966858448,2.01964576413008,0.685720563083893,-1.00144947396509,-0.177513836408916,1.80851613677536,2.14345224500426,1.98163945815222,1.30322940421691,-0.165329110094287,1.09275827313865,1.9379898084791,2.14281291454495,2.45221115152781
"NM1705PAR","240","2","18","4",2.76542033527099,3.60988308893033,2.57777789983798,3.19279485033691,3.05692325762717,1.94021877146128,2.3999610026238,3.53006676276678,1.38300340802625,2.31068012712257,1.81946925056163,2.77822818751145,3.58699718252824,3.79664507508451,1.21406067947605,1.30311602579798,1.93087860532611,2.94390334901915,-1.90555379675588,1.34673786571791,0.331045338006549,2.10744641822274,2.5921068111313,1.82448122489811,-0.482564219660722,0.291252787900895,2.20828606228897,2.45922935647336,2.30848697359781,2.05084579085732,0.393383358630749,1.07891785329526,1.99256265183122,2.08418899027746,2.62285812462258
"NM1713PAR","241","2","18","3",2.54098176154623,3.26828318930032,3.06638536608462,3.155618272344,2.93820533204036,1.50581818128967,2.73028576987747,3.42202477033432,1.26049386095061,2.82702065671434,2.05618604566619,2.92304067884813,2.59635721888566,3.02437342456868,-0.24623156840734,0.840984645088454,1.99421752697371,2.7180723807484,-1.8087046027277,1.55592638265093,0.352219638532226,2.47944477567755,2.33505155643598,1.65297218993763,-0.362330528433436,0.345906723985771,2.594721021661,2.78690699769942,2.56885288345273,2.11756261161632,0.159906495513791,1.2277192722295,2.09449402126249,2.05646251345577,2.99574293700532
"SW_8888","242","1","18","2",2.0382832921809,2.4125419641719,2.64206270369587,2.10875094373747,2.26523409744902,1.14859825683406,1.76876430504327,2.57444455264451,1.27779877830572,2.07051713026743,1.69172584820741,2.3796303955976,1.7924080436428,2.39246351206057,0.26728197423277,0.66341528300993,1.61184549772087,2.08071277349099,-1.8525804022483,1.6345045730529,0.000179978411159365,2.29284342692803,1.95081148596384,0.484788073177757,-0.643189822303156,-0.749271481960023,2.3862410750578,2.48341543611737,1.90781772921216,1.31600914550963,0.00838062720631414,0.966341213722395,1.67182452558092,1.81453479679899,2.38043367110331
"MESQUITE","243","1","18","1",1.26867151339444,1.73687033077703,1.92123038214334,1.61605792066126,1.95127680977507,1.42558742949002,1.58252754585928,1.83261551060856,0.676369799127848,1.55451671388921,2.28718338042278,2.37556694572426,1.8336284503776,2.17471535265491,0.214542186062501,0.921830473326554,1.78982565915544,1.86720633681489,-1.71254092679917,1.71718395603825,-0.200598747559585,2.37361947849629,1.82290276026246,0.981854646276341,-0.634497176653924,-0.254209183365946,2.47323204036974,2.50571629693989,1.5172186887903,0.805312131779077,-1.20391955059152,1.15472947835847,1.80165336232236,1.51876517521446,1.93575012469764
