"Germplasm","Rep","Plot","Row","Range","NDRE_125","NDRE_142","NDRE_145","NDRE_150","NDRE_152","NDRE_156","NDRE_164","NDRE_166","NDRE_172","NDRE_178","NDRE_184","NDRE_187","NDRE_193","NDRE_198","NDRE_213","NDRE_223","NDRE_228","NDRE_251","NDRE_255","NDRE_265","NDRE_277","NDRE_300","NDRE_306"
"ALGONQUIN",1,2111010,1,1,0.289556245,0.492352567,0.470999151,0.427500563,0.447636885,0.356339548,0.388848508,0.394803787,0.359881076,0.259419323,0.315499166,0.320035389,0.248213659,0.374431808,0.33734484,0.368854462,0.299056634,0.401114368,0.316988933,0.310606477,0.318828767,0.255910395,0.251657644
"NY2003",1,2111020,1,2,0.312412444,0.498564169,0.476003223,0.446719105,0.434555237,0.384478809,0.387729285,0.381460141,0.361348407,0.265017859,0.312458252,0.359073863,0.260814957,0.419646972,0.33604473,0.353949648,0.295153651,0.390307847,0.310209271,0.340566629,0.2840171,0.269346675,0.263062818
"N-R-GEE",1,2111030,1,3,0.323059351,0.425842113,0.412049965,0.412674492,0.431773575,0.341716595,0.38839748,0.391042949,0.343364179,0.291040564,0.312612731,0.394442443,0.32196403,0.354488232,0.340049843,0.354078858,0.304045279,0.425260569,0.329591147,0.303241237,0.288201754,0.251425326,0.26182653
"SW5210",1,2111040,1,4,0.429338177,0.487585718,0.462132307,0.437166307,0.427785748,0.389445066,0.415817099,0.410149905,0.304917538,0.351382775,0.315214555,0.361053374,0.241915921,0.398224401,0.350726483,0.38098457,0.298812843,0.447808699,0.336667161,0.311535141,0.382619039,0.269718453,0.29201914
"NY2003",1,2111050,1,5,0.403292165,0.515463174,0.488888442,0.447553903,0.416660667,0.378178859,0.391071333,0.373294439,0.355263028,0.284010493,0.298488874,0.357682591,0.264556306,0.397717792,0.367236497,0.385063088,0.320222476,0.404757345,0.341628366,0.306492253,0.293630323,0.281412353,0.285963117
"LIGHTNING_BOLT",1,2111060,1,6,0.38758648,0.462475242,0.468752201,0.412569454,0.443373813,0.360908552,0.403738248,0.405669197,0.31993448,0.329611548,0.306764303,0.37057913,0.282269396,0.350921714,0.351216107,0.351990028,0.297819963,0.450680715,0.381310048,0.27971316,0.321979604,0.250709747,0.307444681
"N-R-GEE",1,2111070,1,7,0.390548081,0.457813982,0.470040049,0.401952539,0.426405461,0.336011166,0.390119963,0.383346512,0.338174337,0.296884976,0.287680503,0.384254346,0.302178826,0.314428177,0.354747602,0.3803574,0.313926738,0.451366818,0.391872268,0.304384663,0.3093921,0.264505022,0.293427466
"SW5210",1,2111080,1,8,0.42049205,0.489409609,0.486933762,0.421731726,0.441186905,0.385663259,0.402330489,0.390266743,0.336456456,0.339120092,0.315020528,0.379288674,0.268216562,0.31182687,0.363013174,0.364225123,0.315402989,0.425420792,0.367784742,0.289990742,0.334975259,0.264352374,0.303983216
"SW3407",1,2111090,1,9,0.44003309,0.51246798,0.483405706,0.423043798,0.447121951,0.400030647,0.442684849,0.421419671,0.305790388,0.392222815,0.341122712,0.378448976,0.291453563,0.295534121,0.354241501,0.368438769,0.300494552,0.440015345,0.333059747,0.290911469,0.356733027,0.277767715,0.309053635
"ALGONQUIN",1,2111100,1,10,0.388289889,0.502911749,0.51063692,0.406475997,0.432104256,0.346054205,0.412890514,0.383047043,0.372572144,0.265946823,0.364715658,0.378881858,0.332482708,0.264415251,0.337209246,0.355670323,0.285430606,0.44648934,0.337519528,0.308782279,0.300911613,0.271068975,0.289273041
"LIGHTNING_BOLT",1,2111110,1,11,0.356726435,0.469327931,0.472460073,0.403860556,0.428451633,0.360237978,0.407806965,0.399608159,0.367999891,0.340001778,0.356163427,0.398149791,0.330087432,0.257764415,0.355380028,0.36104581,0.294607117,0.407621552,0.349960586,0.27631782,0.32090915,0.292403818,0.30462176
"SW3407",1,2111120,1,12,0.405755893,0.511327728,0.485543794,0.431942945,0.456025738,0.39366884,0.442517455,0.427969798,0.326508005,0.404481941,0.318749583,0.375284964,0.270874673,0.295198035,0.279427534,0.35302182,0.286640995,0.41126665,0.339922475,0.297211604,0.366085155,0.292974359,0.303136869
"BORDER",1,2111121,1,13,0.378600821,0.483328869,0.48653162,0.414971828,0.426927351,0.355835608,0.442459105,0.434613308,0.363593277,0.376107184,0.349997585,0.353506538,0.394847919,0.335744662,0.262061524,0.384182977,0.293152791,0.453505877,0.384192681,0.278014068,0.379646074,0.285978875,0.307389117
"BORDER",1,2111122,1,14,0.385902662,0.488521773,0.482057409,0.421598377,0.413096434,0.36668142,0.435953277,0.442744782,0.369209316,0.388692069,0.392977846,0.352405087,0.400230592,0.327240232,0.289306768,0.378301235,0.287600769,0.485566609,0.407414064,0.280242253,0.361562624,0.28018988,0.276604278
"BORDER",1,2111123,1,15,0.361623036,0.489610544,0.494775708,0.422730707,0.417277684,0.357450096,0.428703291,0.444884093,0.369486772,0.376088213,0.399069174,0.341312554,0.396377418,0.310625808,0.304115304,0.384322136,0.303889044,0.455395695,0.404032655,0.275757867,0.356255963,0.280923754,0.259347423
"ALGONQUIN",1,2111130,1,16,0.350374471,0.508430249,0.508808458,0.430976944,0.414076084,0.347960635,0.410005621,0.408648166,0.403873499,0.272893602,0.33651235,0.309519959,0.374196086,0.288255583,0.284348167,0.285968211,0.284981647,0.464535935,0.384064546,0.322024806,0.289450575,0.306011239,0.246702867
"SW315_LH",1,2111140,1,17,0.360400443,0.497473994,0.471169175,0.449151376,0.42473249,0.399952766,0.3851219,0.371610821,0.406083839,0.284752271,0.366521879,0.327026661,0.404652496,0.347490051,0.288394688,0.300599262,0.282341325,0.462243858,0.36463121,0.325598517,0.291740614,0.311392005,0.253712644
"NY0465",1,2111150,1,18,0.304706404,0.473033485,0.482371892,0.423214334,0.395789096,0.37013632,0.41717413,0.416606879,0.386660136,0.283162747,0.36140452,0.335009704,0.373332209,0.344237908,0.282301691,0.308112964,0.273638167,0.464088275,0.386063425,0.276326516,0.318017376,0.27133739,0.277543248
"HI-GEST_360",1,2111160,1,19,0.30408216,0.450759574,0.47876526,0.418657051,0.387196904,0.384458463,0.408425366,0.419743991,0.356094085,0.348591585,0.406585745,0.365088545,0.39436466,0.37364361,0.289872828,0.358670206,0.287759473,0.483386094,0.405163818,0.288421434,0.347902223,0.281641128,0.275137816
"N-R-GEE",1,2111170,1,20,0.295176262,0.444095198,0.474757663,0.400862415,0.366563541,0.364571762,0.419827154,0.440182479,0.378138995,0.3083423,0.403852107,0.352535196,0.398397197,0.383614272,0.297200138,0.315324492,0.280868269,0.442062323,0.404982767,0.283853593,0.299274986,0.257882958,0.278420757
"PLUSS_III",1,2111180,1,21,0.322096486,0.461171064,0.477100064,0.410293218,0.383515499,0.373262922,0.435006042,0.449977821,0.364121479,0.371523721,0.424971961,0.378925347,0.399249591,0.433054902,0.288187423,0.377843965,0.295676517,0.477938689,0.40591692,0.305939939,0.367319586,0.27051896,0.30722773
"SEEDWAY_9558_SBR",1,2111190,1,22,0.325477014,0.45745077,0.476501407,0.407082113,0.396889902,0.369294895,0.425042691,0.414250269,0.386079234,0.321726172,0.382917371,0.346079895,0.389801299,0.410713871,0.289724305,0.353214423,0.294745929,0.499093063,0.401970349,0.281897961,0.333456926,0.267638283,0.304970044
"NY1517",1,2111200,1,23,0.344153572,0.467429392,0.478565076,0.405669296,0.412914569,0.39209552,0.428635752,0.397878496,0.418786026,0.310698798,0.375650854,0.334774754,0.405655039,0.498197386,0.313094437,0.324004376,0.285474602,0.512744659,0.409596299,0.287303486,0.312072518,0.263804634,0.304224656
"SW5606",1,2111210,1,24,0.41749409,0.483878264,0.472564057,0.437518289,0.444866745,0.444620189,0.439587689,0.421244012,0.324998689,0.427568954,0.448639674,0.396096233,0.460010771,0.463333479,0.271700413,0.423665041,0.336505233,0.511290006,0.401937795,0.326768818,0.391562209,0.294071978,0.32145268
"EZRA",1,2111220,1,25,0.352256872,0.438722362,0.484591578,0.3969359,0.419270988,0.409380865,0.44607713,0.410264073,0.34327167,0.290724438,0.392640561,0.328235402,0.418930302,0.455571532,0.305577296,0.329170443,0.286275091,0.529732917,0.404384307,0.262475441,0.319418396,0.280317622,0.314439465
"FSG_421LH",1,2111230,1,26,0.418423457,0.483707253,0.466379933,0.44159402,0.448771435,0.460932933,0.418406459,0.384939087,0.330205714,0.364133061,0.437102453,0.359527183,0.454674764,0.445194044,0.263497556,0.384402634,0.325323515,0.526769263,0.423302541,0.2854877,0.334916296,0.331007413,0.311240125
"ONEIDA_VR",1,2111240,1,27,0.318373641,0.432821106,0.456375235,0.382221771,0.393907917,0.424054204,0.454716649,0.426507906,0.347411955,0.240349621,0.35571859,0.310732491,0.405253797,0.460532026,0.305752252,0.304669105,0.269077572,0.539648802,0.43073682,0.280207586,0.304340435,0.269836197,0.30550274
"PERSIST_III",1,2111250,1,28,0.347701119,0.471240405,0.478690726,0.404361996,0.408883614,0.4597168,0.467170685,0.445106262,0.327773656,0.279712922,0.370025634,0.344639012,0.410069637,0.452304866,0.299077278,0.328959028,0.258148348,0.556132197,0.442192185,0.312494531,0.342258283,0.26091185,0.310259136
"ONEIDA_ULTRA",1,2111260,1,29,0.333184275,0.464640222,0.479325663,0.381295047,0.390860745,0.454018319,0.456576201,0.427504018,0.338670363,0.288478058,0.352889771,0.349938266,0.405051813,0.4532558,0.318802178,0.303557305,0.266755384,0.553284975,0.42385445,0.296784253,0.306445262,0.230179042,0.288982004
"WL_349HQ",1,2111270,1,30,0.356131952,0.469499124,0.465811621,0.398174743,0.394126699,0.46298443,0.45629517,0.458280361,0.288132839,0.389239548,0.377831407,0.380702915,0.411695772,0.417059259,0.300629566,0.364507099,0.269304084,0.546839288,0.426409256,0.342606954,0.371234649,0.234313804,0.302623457
"FSG_415BR",1,2111280,1,31,0.33503294,0.483201503,0.482743014,0.413046503,0.401334551,0.473305162,0.469538849,0.429361344,0.358513446,0.318415663,0.342191099,0.356669552,0.418762275,0.43439114,0.352859965,0.313595265,0.28566946,0.569757081,0.447248442,0.314614993,0.341582929,0.250169888,0.28830489
"GUARDSMAN_II",1,2111290,1,32,0.335481563,0.465974943,0.477487092,0.405997482,0.38626338,0.440360214,0.487870184,0.410693865,0.377704228,0.333317772,0.347216606,0.371624751,0.428041507,0.443803564,0.345468776,0.312861983,0.288625302,0.568798472,0.439658965,0.300049043,0.325512097,0.331536903,0.306518755
"AMERISTAND_427_TQ",1,2111300,1,33,0.338901909,0.473023988,0.477984578,0.409485369,0.387652189,0.456958874,0.481816229,0.405886306,0.346140095,0.398974997,0.364220015,0.386445324,0.43119523,0.449664362,0.30168605,0.359920331,0.287705168,0.563909933,0.43232517,0.303305412,0.36548067,0.369785786,0.324164576
"LIGHTNING_BOLT",1,2111310,1,34,0.327456195,0.464838939,0.459371325,0.404345356,0.384429016,0.441877949,0.482087991,0.417299743,0.372698688,0.378883405,0.335720775,0.386600262,0.432619733,0.416128395,0.31769707,0.3553248,0.286821044,0.563617675,0.433390557,0.294266097,0.356786783,0.38564494,0.321984576
"VERNAL",1,2111320,1,35,0.32888463,0.461212512,0.46521789,0.392282323,0.3732909,0.438648714,0.46717145,0.39375933,0.420556955,0.295969202,0.308063941,0.353645369,0.4215513,0.445871169,0.349523649,0.308502053,0.288995127,0.572809489,0.44330036,0.332532,0.298523102,0.321868474,0.2800329
"REBOUND_6XT",1,2111330,1,36,0.351699714,0.482497596,0.46886188,0.414207648,0.376902917,0.43212512,0.446903376,0.408353257,0.354532286,0.440201562,0.365781286,0.416225184,0.439103577,0.432145994,0.304457763,0.438351006,0.315513922,0.553032153,0.424041129,0.320951256,0.422237349,0.423844555,0.321823216
"SEEDWAY_9558",1,2111340,1,37,0.320130487,0.46982814,0.473527621,0.396807579,0.359392896,0.457472528,0.459467833,0.405185149,0.413049176,0.264514102,0.303658444,0.326315538,0.44260496,0.46375742,0.345017616,0.38466164,0.290281747,0.565974091,0.460471192,0.323439119,0.334369549,0.398172938,0.313077961
"NY2003",1,2111350,1,38,0.378427461,0.507679944,0.457658969,0.434690142,0.399234474,0.466845103,0.472638,0.38731208,0.431200398,0.260118566,0.309126333,0.344260869,0.455592052,0.474970661,0.350728429,0.393429825,0.336495214,0.547101676,0.418415096,0.339451443,0.301939496,0.38070873,0.29055741
"LANDER",1,2111360,1,39,0.333912616,0.460173539,0.454310144,0.401614154,0.39065971,0.43437336,0.455519463,0.414411122,0.380463251,0.25224223,0.294657927,0.348267983,0.427096569,0.413841394,0.346160016,0.384918912,0.306646832,0.551080447,0.420398094,0.299067734,0.336739546,0.319725551,0.306230015
"NY1615",1,2111370,1,40,0.346070609,0.465129527,0.45830646,0.400254526,0.392068171,0.41007627,0.459531084,0.411324945,0.344939057,0.304149215,0.318242424,0.359940925,0.457099238,0.458297313,0.362742169,0.358923863,0.311758462,0.548219495,0.433566245,0.308837585,0.337598725,0.311357299,0.30896781
"55V50",1,2111380,1,41,0.402868169,0.481856458,0.437701249,0.417268693,0.397079084,0.437602768,0.458664219,0.421638836,0.317879146,0.41757251,0.360209603,0.40497738,0.458179332,0.477933914,0.326966849,0.425747247,0.35156642,0.540989441,0.41611834,0.299621043,0.380747619,0.294696748,0.316792517
"SW5210",1,2111390,1,42,0.377469957,0.489912556,0.461382226,0.421901871,0.426506115,0.474439454,0.450375448,0.402768724,0.315153121,0.447666622,0.351544132,0.415995718,0.472359919,0.460769354,0.309601161,0.446759813,0.390388759,0.559810511,0.418864977,0.303780552,0.408978574,0.325057768,0.3219393
"NY1614",1,2111400,1,43,0.335240275,0.48901674,0.454476378,0.394106829,0.382321464,0.439860856,0.469568101,0.415335705,0.362770155,0.398348525,0.309938602,0.3935218,0.46184831,0.493620734,0.35076493,0.381626978,0.321566885,0.578881864,0.432428305,0.308675524,0.328218257,0.287707758,0.313507763
"WL_358LH",1,2111410,1,44,0.370528558,0.481324468,0.455025965,0.419105251,0.393885657,0.426847495,0.45643132,0.400680582,0.311646299,0.50700621,0.365491576,0.428006664,0.455938783,0.492210312,0.324574007,0.448864889,0.356433824,0.547492916,0.413483685,0.331836849,0.379880022,0.304631793,0.307779729
"SW3407",1,2111420,1,45,0.372528595,0.484962414,0.459515387,0.416215147,0.396973523,0.481567332,0.465450959,0.432115949,0.314279456,0.51909386,0.372828679,0.452109204,0.483434534,0.489459695,0.293186114,0.449378651,0.354301993,0.54782889,0.402447918,0.34874987,0.429117563,0.293503132,0.326065211
"ALFABAR",1,2111430,1,46,0.364412547,0.488098271,0.460587937,0.405222462,0.36653498,0.441259555,0.492160079,0.453474225,0.33972625,0.382804677,0.314038986,0.437526238,0.459127905,0.529029173,0.333863921,0.397067932,0.301768975,0.576822001,0.458966012,0.296800472,0.37093378,0.296317961,0.333006467
"SW4107",1,2111440,1,47,0.381877846,0.484464681,0.474077598,0.414232289,0.35900926,0.429969593,0.4785761,0.450569975,0.39930102,0.406717354,0.341127595,0.476950226,0.463610335,0.515670007,0.3064354,0.438772886,0.312074128,0.563403704,0.443424702,0.338341018,0.414206689,0.304285301,0.3388849
"NY0651",1,2111450,1,48,0.372389822,0.494780283,0.463113066,0.406362858,0.339241598,0.418950036,0.443423019,0.42447549,0.365673267,0.324788286,0.318203888,0.460555935,0.451635267,0.519578794,0.331669138,0.386132399,0.304572356,0.575379062,0.456770395,0.305682712,0.361887823,0.290529498,0.323904899
"SW4412Y",1,2111460,1,49,0.371214887,0.466452424,0.449421293,0.410958356,0.327969393,0.444847545,0.408771535,0.420372549,0.375513867,0.367069643,0.351176586,0.48302846,0.47109361,0.504380585,0.308471787,0.435420642,0.346169036,0.558748712,0.463822229,0.351626348,0.421796068,0.328835588,0.335263904
"SW4602Z",1,2111470,1,50,0.331825719,0.466847239,0.462090459,0.429311927,0.356054349,0.436828054,0.391964046,0.386120058,0.362611917,0.355920294,0.350790255,0.468946135,0.461748824,0.49363303,0.291816812,0.430398149,0.35792111,0.557924597,0.488831445,0.332455424,0.410477406,0.319121382,0.325966363
"REGEN",1,2111480,1,51,0.34200737,0.481987103,0.446652969,0.391008725,0.308067475,0.428119691,0.37421453,0.384786528,0.348322585,0.290366369,0.306355126,0.430456047,0.46112683,0.521820915,0.342000558,0.359312265,0.31030341,0.562015819,0.499288849,0.306125274,0.377839753,0.2955107,0.335320526
"ALGONQUIN",2,2112010,2,1,0.380403601,0.446974076,0.461684933,0.424572315,0.457093692,0.470738563,0.406004662,0.390049336,0.406037422,0.218390319,0.31632991,0.27812132,0.40330959,0.416179085,0.337909641,0.412530541,0.332552011,0.414881149,0.326926236,0.33623769,0.325328163,0.26811008,0.285200166
"NY2003",2,2112020,2,2,0.360719852,0.429228298,0.458819658,0.457343347,0.478576931,0.478473236,0.40621132,0.396225174,0.444104104,0.25637618,0.335257777,0.302534655,0.420234807,0.430714383,0.340335636,0.387741845,0.377226791,0.437074822,0.304481193,0.349198692,0.302566647,0.307590133,0.290264659
"SW5210",2,2112030,2,3,0.41807178,0.449650962,0.457977885,0.435989482,0.460896483,0.466500809,0.417212112,0.425221472,0.374462462,0.308918086,0.382987522,0.360579138,0.491430024,0.392015999,0.393937199,0.413982541,0.415086888,0.527372596,0.336971916,0.312283733,0.429535307,0.286655187,0.300391442
"SW3407",2,2112040,2,4,0.426724088,0.459717028,0.478530677,0.433931034,0.467176163,0.475477242,0.419770183,0.428945288,0.385628088,0.349897292,0.393810599,0.367104072,0.518205089,0.363079739,0.389474973,0.400557653,0.424881807,0.495544772,0.332766157,0.323827945,0.434699435,0.28144761,0.304493327
"LIGHTNING_BOLT",2,2112050,2,5,0.349270085,0.415331395,0.437663026,0.405894346,0.445438372,0.459739473,0.389842301,0.403539207,0.393593847,0.27635217,0.359037663,0.338931056,0.564805163,0.390025708,0.370346854,0.370624533,0.417162961,0.490252304,0.34421379,0.293079594,0.386646497,0.306837121,0.318405185
"N-R-GEE",2,2112060,2,6,0.347100397,0.426221963,0.41601471,0.399796276,0.442928916,0.449151611,0.392914957,0.386611796,0.402105635,0.267118551,0.343909346,0.334332998,0.575018092,0.389127429,0.360890157,0.381375905,0.403620714,0.471962018,0.34007031,0.301372427,0.35967454,0.305014909,0.315727537
"SW5210",2,2112070,2,7,0.405458646,0.490783756,0.464570388,0.423728195,0.464257032,0.465117407,0.394543099,0.388500129,0.381055046,0.323140071,0.388656891,0.370925806,0.572413212,0.359159187,0.378261223,0.419879242,0.422747944,0.492282688,0.322710797,0.317207815,0.40894084,0.345553006,0.3269597
"NY2003",2,2112080,2,8,0.368992049,0.506685077,0.463335139,0.450416197,0.486108834,0.490528104,0.374580265,0.366474446,0.457737952,0.249258666,0.336810118,0.33124702,0.529618005,0.385562913,0.360203332,0.390000548,0.426668787,0.431714395,0.330732379,0.334179533,0.312561547,0.350824013,0.304007944
"LIGHTNING_BOLT",2,2112090,2,9,0.328696316,0.464460316,0.420233597,0.418228548,0.442700752,0.446028037,0.367574083,0.395845509,0.414193741,0.317999941,0.361114254,0.368605425,0.557393239,0.405030065,0.359505616,0.407147558,0.410403453,0.477957356,0.346698382,0.297378051,0.351083309,0.32272192,0.314830853
"SW3407",2,2112100,2,10,0.394220206,0.508391163,0.46704793,0.441170174,0.470040607,0.469082783,0.380591559,0.396640417,0.405475636,0.402348347,0.392506239,0.395646293,0.517039242,0.37544643,0.372244306,0.424158637,0.391616573,0.448595082,0.327706756,0.328545567,0.37732042,0.333734558,0.312138582
"N-R-GEE",2,2112110,2,11,0.334273069,0.472585161,0.414075216,0.412622042,0.440296509,0.451975848,0.359064282,0.395265831,0.44225978,0.302005098,0.336028294,0.338764395,0.471797581,0.393397676,0.361427153,0.430119534,0.366452496,0.450531485,0.359691409,0.281485607,0.336258619,0.326919228,0.320328008
"ALGONQUIN",2,2112120,2,12,0.375532929,0.478101699,0.425483033,0.420895049,0.452023468,0.448418197,0.35675263,0.395367211,0.459114194,0.255389267,0.331898798,0.336669951,0.366793822,0.362989688,0.324412711,0.415630837,0.341370313,0.445330655,0.362227279,0.307931903,0.304064206,0.314865595,0.295503555
"BORDER",1,2112121,2,13,0.396796053,0.478826981,0.44215463,0.439944834,0.456434416,0.474360408,0.375178305,0.410686757,0.419193021,0.357319372,0.396789973,0.409688405,0.397963542,0.475539552,0.269363432,0.388347955,0.321927127,0.492607745,0.382188326,0.299202665,0.369522768,0.335221705,0.310327953
"BORDER",1,2112122,2,14,0.387853127,0.477131471,0.451294655,0.441328027,0.458405461,0.482099496,0.363213279,0.425995889,0.415358032,0.362935841,0.408821344,0.415286935,0.444053443,0.502741176,0.294371098,0.376788298,0.323679258,0.555256204,0.426639127,0.284886194,0.354085461,0.310083307,0.299107772
"BORDER",1,2112123,2,15,0.375758906,0.462685669,0.449110756,0.431119525,0.446337985,0.464593878,0.367081673,0.418829538,0.410092264,0.362147674,0.411767926,0.40635406,0.440782628,0.491681481,0.316102806,0.388371241,0.342137696,0.507839135,0.435111715,0.275320971,0.360344466,0.31667566,0.300279483
"SW5606",2,2112130,2,16,0.40488226,0.498962668,0.465428112,0.429687627,0.441346246,0.479786497,0.384182016,0.41428126,0.404973744,0.374825189,0.413872733,0.394001652,0.463227637,0.432565287,0.309581365,0.395719833,0.404065898,0.522867393,0.407995503,0.29699382,0.375850942,0.328801288,0.293223493
"ONEIDA_VR",2,2112140,2,17,0.296569063,0.395189681,0.376854687,0.385759748,0.406835703,0.417869014,0.387425741,0.44212587,0.485260065,0.2298884,0.32429084,0.32133939,0.441005645,0.455524473,0.298619235,0.286018941,0.329613448,0.543553191,0.446591468,0.303561768,0.28487395,0.314686342,0.309309661
"LANDER",2,2112150,2,18,0.309151486,0.417436604,0.399442732,0.377126582,0.403985218,0.413321406,0.378386959,0.419192441,0.437333911,0.241884754,0.337447642,0.346020411,0.429809167,0.430890922,0.292732776,0.306003917,0.346090338,0.538926845,0.433655181,0.283787446,0.297277906,0.278334492,0.292618281
"WL_358LH",2,2112160,2,19,0.36383225,0.458620611,0.435641508,0.402929933,0.430982827,0.426433783,0.375896887,0.397492607,0.422874349,0.29607191,0.380621586,0.371196461,0.447416982,0.390169792,0.282863276,0.341859673,0.40156584,0.527070381,0.418907139,0.292509174,0.315768404,0.307387856,0.300629331
"SW4412Y",2,2112170,2,20,0.345349076,0.484908947,0.450315482,0.408026895,0.42718624,0.426790013,0.40463188,0.391898482,0.383545899,0.304961837,0.368037261,0.376874716,0.462246587,0.411737026,0.265845897,0.358922493,0.408429456,0.531989995,0.425878829,0.32261901,0.343141696,0.31365902,0.313987506
"GUARDSMAN_II",2,2112180,2,21,0.323158723,0.464150864,0.427280121,0.391715423,0.421182905,0.370341002,0.394850165,0.371179092,0.387961899,0.255018896,0.337305266,0.356329814,0.431304739,0.389692665,0.294795609,0.333688442,0.381932296,0.536145415,0.419855868,0.30022474,0.297880153,0.312026769,0.299401972
"SW315_LH",2,2112190,2,22,0.376656731,0.478787347,0.454572595,0.420897194,0.448395635,0.386122696,0.381843133,0.343192758,0.424115131,0.236148089,0.324320281,0.338184085,0.459293144,0.451715759,0.318039651,0.312834137,0.359262325,0.509037061,0.392954265,0.312469271,0.302237374,0.306831856,0.264668081
"SEEDWAY_9558",2,2112200,2,23,0.313470542,0.435960589,0.366245775,0.385089944,0.4188004,0.332369713,0.391765104,0.362509646,0.382651067,0.226531798,0.302601703,0.336409059,0.444452633,0.459633059,0.324172136,0.301142878,0.330153738,0.533426458,0.37973336,0.333238076,0.280789276,0.286547171,0.29649243
"LIGHTNING_BOLT",2,2112210,2,24,0.311464128,0.467050068,0.408100546,0.399415671,0.425134249,0.318020238,0.395895264,0.363670363,0.345627232,0.28870274,0.336464033,0.362203668,0.45454961,0.443931155,0.26656901,0.354175667,0.362224555,0.551226869,0.384493973,0.395525672,0.304144883,0.289928525,0.308744994
"PERSIST_III",2,2112220,2,25,0.295116044,0.464713717,0.41154302,0.410469987,0.444035477,0.323232735,0.387758231,0.369318153,0.377868221,0.256604271,0.32410616,0.340847565,0.449287009,0.454822387,0.304741652,0.336541609,0.344006133,0.546601758,0.379464036,0.349946265,0.309546836,0.295165333,0.313676801
"EZRA",2,2112230,2,26,0.300202076,0.488642501,0.422548423,0.410829885,0.426474501,0.314394511,0.396589494,0.37835014,0.376628103,0.25321373,0.332742568,0.342698892,0.45320839,0.466045316,0.300048859,0.348593718,0.350544367,0.544701724,0.365007174,0.32061375,0.293605512,0.291640274,0.306665398
"AMERISTAND_427_TQ",2,2112240,2,27,0.308487171,0.473234395,0.419903375,0.412707621,0.43605078,0.349777571,0.396290238,0.364729347,0.323315508,0.336972419,0.368457133,0.367138667,0.45003737,0.462414388,0.278487555,0.404317474,0.379684306,0.531658267,0.362550446,0.358980049,0.332793172,0.292907612,0.305553575
"REGEN",2,2112250,2,28,0.305448204,0.483468306,0.426076193,0.419364736,0.432580618,0.341061551,0.407711122,0.385191985,0.379666979,0.266253464,0.335824576,0.344670449,0.438879445,0.49336122,0.310438631,0.354154309,0.356484063,0.554022941,0.372336285,0.320206743,0.296415515,0.284237715,0.307927725
"REBOUND_6XT",2,2112260,2,29,0.323077313,0.492683273,0.435500469,0.427807227,0.437623929,0.355929097,0.390670691,0.347703632,0.299976126,0.370988247,0.383945604,0.39935642,0.452960269,0.481924183,0.337564307,0.404619066,0.38990321,0.548851467,0.347002609,0.403665814,0.368032641,0.288893645,0.303018612
"SW4107",2,2112270,2,30,0.289530171,0.500374331,0.427773153,0.434890268,0.440518934,0.364375083,0.405276687,0.365629032,0.323748944,0.329253331,0.370474832,0.377426201,0.445054504,0.468873698,0.323557789,0.397960456,0.39043653,0.545475417,0.347132993,0.372306181,0.352245874,0.277579258,0.309098611
"FSG_421LH",2,2112280,2,31,0.325850438,0.50574884,0.474413555,0.445039725,0.454207904,0.424017356,0.42031065,0.379846616,0.388266341,0.338315326,0.370978897,0.364536738,0.473118757,0.514613508,0.298116372,0.331449268,0.389572153,0.541833417,0.361834463,0.32105773,0.302963905,0.301247743,0.289420072
"55V50",2,2112290,2,32,0.30013211,0.505838305,0.442122322,0.440271355,0.446755824,0.386804516,0.432226516,0.377176792,0.338522849,0.34434233,0.353989535,0.367001168,0.438585913,0.45631358,0.291893113,0.337490946,0.364448007,0.541177252,0.339941604,0.340385107,0.328056228,0.268229726,0.298859461
"ONEIDA_ULTRA",2,2112300,2,33,0.299970449,0.467757787,0.395447817,0.399425888,0.410686144,0.354571643,0.429174228,0.369677956,0.386391953,0.28235383,0.316468212,0.345873495,0.424488309,0.469721714,0.30752927,0.310805716,0.323302754,0.549717943,0.33701974,0.317695032,0.298831922,0.264320972,0.300197646
"N-R-GEE",2,2112310,2,34,0.293462213,0.455151088,0.383044352,0.422118999,0.424989696,0.370383864,0.441345089,0.390660183,0.36236229,0.295702281,0.323466851,0.354184084,0.43665882,0.476415977,0.299433774,0.339570188,0.340641117,0.553798796,0.337104382,0.321933841,0.300279346,0.267352011,0.312201536
"FSG_415BR",2,2112320,2,35,0.294175155,0.488295841,0.42256439,0.435205822,0.440880657,0.384853842,0.423431242,0.399666696,0.376022225,0.311062944,0.32931613,0.370461733,0.448967439,0.478992738,0.286343165,0.37083256,0.348693488,0.563375981,0.335705569,0.330072846,0.311827038,0.259467271,0.309374901
"NY2003",2,2112330,2,36,0.327848613,0.50444306,0.449906948,0.454874078,0.464383241,0.394005056,0.431905206,0.424441493,0.415000883,0.288660946,0.333071819,0.354075391,0.442581286,0.503359834,0.306053876,0.293774869,0.35917956,0.536326978,0.342952503,0.332428109,0.283088586,0.257357182,0.260170147
"NY0651",2,2112340,2,37,0.305925955,0.498510922,0.424055578,0.433569078,0.439693579,0.370836572,0.432202862,0.430671167,0.36260196,0.289439479,0.333921109,0.373093562,0.423067149,0.434832109,0.28467698,0.364761494,0.341213642,0.554062963,0.357235772,0.348845766,0.303014023,0.242297465,0.304571641
"NY1517",2,2112350,2,38,0.302836879,0.491269483,0.435817441,0.421048456,0.429848789,0.377464491,0.442691434,0.444240987,0.397519329,0.28034888,0.334222222,0.342067921,0.403413179,0.505450254,0.31841485,0.317627149,0.349322641,0.551069514,0.364145682,0.342002554,0.293496216,0.255079825,0.303179122
"SW3407",2,2112360,2,39,0.299067001,0.516148457,0.458634002,0.442599538,0.459582975,0.424561052,0.427101185,0.430667457,0.293157971,0.371886384,0.377624748,0.397468131,0.395884179,0.493150182,0.298390958,0.39883059,0.402080429,0.550660825,0.352153842,0.365853329,0.328403116,0.278959691,0.304232411
"ALFABAR",2,2112370,2,40,0.291829341,0.475977522,0.388939774,0.422808809,0.432599406,0.363684575,0.434622706,0.463029733,0.381309418,0.28261675,0.338992502,0.359047499,0.334432751,0.472445691,0.307666185,0.337273904,0.345792822,0.542582902,0.366181171,0.304273269,0.292700885,0.2769526,0.276326445
"SW5210",2,2112380,2,41,0.316214133,0.513158027,0.452119344,0.436824731,0.451503326,0.401592885,0.434122824,0.46259377,0.313752362,0.360825515,0.387402565,0.391865139,0.402307609,0.469352651,0.296910186,0.400041536,0.390051895,0.545949434,0.343076678,0.319021625,0.323580411,0.283835298,0.285370315
"SEEDWAY_9558_SBR",2,2112390,2,42,0.296810531,0.488914642,0.428986182,0.430448802,0.424396331,0.351910623,0.451735117,0.455067265,0.375328632,0.305348065,0.350567524,0.352444412,0.372623011,0.487087682,0.298974982,0.37251764,0.354462585,0.544232003,0.384918452,0.296823292,0.302364029,0.28140148,0.2887585
"WL_349HQ",2,2112400,2,43,0.320326189,0.496454699,0.425545432,0.420557354,0.435122125,0.362651261,0.434015465,0.397313404,0.232523754,0.396575519,0.377488471,0.389420384,0.36595213,0.442648511,0.309531705,0.420975358,0.384983244,0.551219769,0.330252796,0.351161437,0.35356325,0.291565203,0.290681437
"ALGONQUIN",2,2112410,2,44,0.3798924,0.505321633,0.438656278,0.425878755,0.451003279,0.367460236,0.481441239,0.412633618,0.401553626,0.281470662,0.31943281,0.339805597,0.415066126,0.493933597,0.317799119,0.329648854,0.346066235,0.573743627,0.331876295,0.295322691,0.272418301,0.244310333,0.245377757
"PLUSS_III",2,2112420,2,45,0.362288298,0.486761865,0.428745038,0.430732176,0.441714882,0.382495593,0.476338266,0.413425587,0.300361859,0.381129341,0.371033925,0.379061266,0.43194238,0.481777778,0.301376874,0.404454231,0.372896339,0.545596069,0.320906842,0.337141539,0.322380018,0.288031818,0.288048651
"SW4602Z",2,2112430,2,46,0.419135899,0.507541499,0.468248991,0.439243182,0.455678623,0.382692576,0.485208889,0.404996996,0.371599364,0.401506973,0.376857685,0.381240816,0.450041812,0.492487436,0.310458889,0.397391671,0.368566757,0.576896969,0.324534052,0.304856161,0.326604365,0.298502474,0.283431813
"NY0465",2,2112440,2,47,0.354930642,0.494223512,0.435964425,0.415872009,0.426922482,0.349802772,0.483267708,0.426376977,0.42987351,0.319967246,0.31481606,0.33046817,0.407689922,0.458319774,0.346739385,0.387273337,0.270830284,0.572649953,0.329131747,0.280964409,0.314291011,0.279513346,0.309640248
"VERNAL",2,2112450,2,48,0.340295686,0.467396516,0.405288311,0.390099089,0.417352087,0.352505166,0.453472915,0.435465124,0.460288995,0.281589673,0.28799931,0.324906988,0.385451702,0.461986638,0.366456354,0.343123352,0.279990097,0.578822375,0.360872243,0.273570968,0.291259708,0.238851715,0.288534316
"NY1615",2,2112460,2,49,0.337203912,0.473954264,0.407722118,0.41205995,0.42321673,0.347981756,0.435256596,0.432231723,0.418826099,0.31162302,0.345518832,0.379801732,0.440719501,0.475562092,0.340860429,0.403114418,0.288224549,0.584043528,0.382246244,0.27254481,0.320234688,0.28148741,0.325718239
"NY1614",2,2112470,2,50,0.312988313,0.47383347,0.395377343,0.395052363,0.399741055,0.352256039,0.432737119,0.390956831,0.431498431,0.277866999,0.359678352,0.388993632,0.426480657,0.464742629,0.34273424,0.384666919,0.301289233,0.581358151,0.40638375,0.282723281,0.309579766,0.301012018,0.326694643
"HI-GEST_360",2,2112480,2,51,0.350569621,0.468829524,0.41735891,0.396975734,0.402081475,0.389247988,0.413782156,0.389938365,0.328705818,0.355894802,0.414217584,0.436010199,0.455706004,0.511455192,0.310503401,0.395857561,0.307665412,0.563561254,0.405257788,0.308684973,0.366253526,0.340864455,0.319562867
"NY2003",3,2113010,3,1,0.500639189,0.512622498,0.504578439,0.45688348,0.473181862,0.484624631,0.382398733,0.381079235,0.359171792,0.283019578,0.283187626,0.345330162,0.393473356,0.426445944,0.336755552,0.391839254,0.421589391,0.507551172,0.340055879,0.298901661,0.321059809,0.344529079,0.320724672
"LIGHTNING_BOLT",3,2113020,3,2,0.325593769,0.457837064,0.446845734,0.422930509,0.439405616,0.456377288,0.396273239,0.415334529,0.258802114,0.274954426,0.291340808,0.372150327,0.382119258,0.498977342,0.361397735,0.391765316,0.393513469,0.52993615,0.379012187,0.293543741,0.380091216,0.317276588,0.337772056
"SW5210",3,2113030,3,3,0.31704985,0.504078431,0.479189781,0.439946333,0.452473545,0.466458258,0.394549684,0.418765831,0.257964489,0.294387385,0.336585915,0.400358309,0.382690112,0.493231663,0.400951557,0.412547029,0.430660632,0.533480731,0.353520099,0.327954239,0.399510991,0.344960284,0.320409019
"N-R-GEE",3,2113040,3,4,0.279616592,0.46385641,0.459299525,0.410110032,0.427518108,0.460473419,0.380374523,0.400839026,0.276551302,0.264619477,0.300138692,0.358511766,0.373808563,0.488466299,0.346964881,0.3422106,0.394834065,0.518045326,0.318743053,0.259644319,0.320529969,0.323601721,0.314144853
"ALGONQUIN",3,2113050,3,5,0.338235004,0.504432518,0.482731252,0.428087146,0.448408678,0.459908437,0.37109792,0.379526724,0.348750141,0.349696175,0.269914721,0.321519284,0.370162548,0.4977374,0.312755235,0.287995677,0.383895839,0.523315504,0.306481579,0.318947288,0.286343274,0.320307576,0.295733203
"SW3407",3,2113060,3,6,0.364569394,0.515497694,0.486119318,0.454185861,0.469516636,0.472968478,0.411412154,0.429268402,0.285470846,0.271572925,0.339452475,0.37604824,0.390885701,0.500705168,0.383273947,0.37155112,0.397602889,0.514531201,0.291222645,0.33471401,0.389348851,0.338942658,0.315461906
"N-R-GEE",3,2113070,3,7,0.308723723,0.45756043,0.443299388,0.410340739,0.42791096,0.406928937,0.403728752,0.425143106,0.300129541,0.271648363,0.303773676,0.333557808,0.367012336,0.499539295,0.28941387,0.280467206,0.364303387,0.525805882,0.336785723,0.27437331,0.289595581,0.365118835,0.312633225
"SW5210",3,2113080,3,8,0.381446571,0.504114713,0.478696384,0.431920459,0.447041607,0.466108373,0.405840237,0.424723909,0.280527224,0.262198213,0.347963557,0.361222314,0.382601235,0.504757008,0.370450255,0.395076123,0.402807011,0.535039246,0.323236762,0.316923796,0.36303892,0.368833532,0.319266364
"SW3407",3,2113090,3,9,0.363702694,0.511463433,0.489921509,0.444104876,0.462323203,0.478446538,0.402011937,0.42833979,0.272996205,0.292863516,0.357635099,0.382877263,0.370249155,0.475385911,0.36983921,0.432075102,0.414184468,0.52620903,0.31487574,0.312763817,0.362668063,0.344765899,0.325041537
"NY2003",3,2113100,3,10,0.344036672,0.518432249,0.500080546,0.449442416,0.469578807,0.453327246,0.389128314,0.439801075,0.371573057,0.292033702,0.312675551,0.336975089,0.362963046,0.477725054,0.302653284,0.386276607,0.424357779,0.525207042,0.33234883,0.298240733,0.282792789,0.348479431,0.301761212
"ALGONQUIN",3,2113110,3,11,0.320757863,0.494765914,0.482798701,0.420277928,0.445313682,0.420489,0.362933422,0.435284957,0.358999106,0.271675337,0.286714738,0.348329552,0.330098805,0.454397055,0.328255273,0.362743215,0.376187738,0.470539428,0.344008806,0.307354031,0.289906619,0.306500445,0.303923194
"LIGHTNING_BOLT",3,2113120,3,12,0.286938075,0.469491635,0.448323284,0.409579061,0.440678405,0.414742217,0.371432553,0.434477071,0.285665104,0.250729032,0.313213961,0.385549229,0.348294488,0.393233758,0.355019103,0.39966389,0.39517819,0.438650303,0.352501531,0.278227902,0.311516909,0.320831704,0.323173868
"BORDER",1,2113121,3,13,0.339421963,0.494752703,0.471300624,0.427547442,0.447346637,0.42703028,0.385546739,0.43067568,0.254994781,0.26640182,0.343493535,0.409989408,0.376471338,0.417207262,0.291484731,0.372161291,0.393763213,0.437601531,0.348637346,0.281455662,0.32901892,0.316860779,0.309406153
"BORDER",1,2113122,3,14,0.345066316,0.501326824,0.473517352,0.436603861,0.450645112,0.429776092,0.413505873,0.429073288,0.238231245,0.253556534,0.338839975,0.403010923,0.370570298,0.490710984,0.303252984,0.335328548,0.379550431,0.483277817,0.372285065,0.277099434,0.334904711,0.321895504,0.325898418
"BORDER",1,2113123,3,15,0.338414772,0.501541121,0.474695907,0.435267434,0.454725968,0.429064062,0.424816028,0.409942441,0.240780245,0.248548605,0.342456158,0.410914632,0.368389178,0.473900799,0.312446272,0.343634707,0.38468297,0.425297407,0.348951312,0.257942139,0.320624846,0.306969883,0.324265723
"VERNAL",3,2113130,3,16,0.28961752,0.481551495,0.465037007,0.402627121,0.42557941,0.384216509,0.452879916,0.436093668,0.380922533,0.371249685,0.247508826,0.337037933,0.306473539,0.48496427,0.310428681,0.284725846,0.304101472,0.414016284,0.337648708,0.307851106,0.260700694,0.25954313,0.284434114
"ALGONQUIN",3,2113140,3,17,0.347368528,0.498092731,0.471662572,0.427997092,0.454110517,0.404235307,0.453466329,0.444717133,0.357923057,0.308307027,0.266988767,0.352982993,0.323570341,0.48735142,0.331064861,0.339174094,0.307800013,0.425620316,0.355387416,0.289877073,0.275258556,0.275549863,0.30014434
"REGEN",3,2113150,3,18,0.339453234,0.487832106,0.467424866,0.416391856,0.442003314,0.387641282,0.418230409,0.434856881,0.308641202,0.272021994,0.301913978,0.370321512,0.362265275,0.491458409,0.302603266,0.36323187,0.326562355,0.485155651,0.368138822,0.293039934,0.311917703,0.29335379,0.341018436
"WL_349HQ",3,2113160,3,19,0.360611789,0.480460669,0.453043759,0.407430396,0.446558497,0.419310138,0.381451714,0.404080681,0.274838047,0.273184829,0.360361106,0.413481221,0.361116247,0.476292229,0.297623968,0.368790973,0.3734118,0.478394163,0.33805566,0.378531343,0.365700919,0.31439503,0.356009991
"WL_349HQ",3,2113170,3,20,0.343327322,0.479073168,0.449745128,0.405236403,0.44268597,0.412942093,0.359434293,0.405465686,0.267143669,0.289210499,0.351542088,0.406393532,0.321224392,0.451997386,0.299531316,0.413072245,0.373991875,0.486702647,0.335998285,0.387685284,0.354108708,0.289918072,0.341658414
"SW3407",3,2113180,3,21,0.379353967,0.505972397,0.472906785,0.447867872,0.474514325,0.423332805,0.361238251,0.408301866,0.26023007,0.327595631,0.356466908,0.415936487,0.385705744,0.501300523,0.292914797,0.395324389,0.417122595,0.481518727,0.320842038,0.381334563,0.392741285,0.306314648,0.343523667
"N-R-GEE",3,2113190,3,22,0.271344099,0.458098508,0.451220242,0.404625197,0.45237822,0.389216792,0.369899518,0.448282064,0.324708491,0.261846072,0.296331834,0.370407886,0.32772475,0.471475962,0.288811538,0.364188295,0.349464792,0.498599523,0.354233431,0.305806574,0.307315006,0.26449691,0.333428512
"NY0651",3,2113200,3,23,0.285112472,0.478778946,0.455025368,0.405202013,0.457709839,0.405072322,0.371729052,0.453761706,0.359912319,0.267584515,0.297470646,0.367312137,0.332334912,0.495740562,0.301649434,0.323749622,0.324091627,0.505195927,0.357598575,0.294426569,0.29842929,0.257571539,0.330049955
"SW4107",3,2113210,3,24,0.299785901,0.490850729,0.467759465,0.409674702,0.438476588,0.407451633,0.361990832,0.424038583,0.280731483,0.339470751,0.314667357,0.3890992,0.324313427,0.455643958,0.268952521,0.34902693,0.351263097,0.483887702,0.34152718,0.313848331,0.333614058,0.246503604,0.344465261
"HI-GEST_360",3,2113220,3,25,0.302226887,0.446168978,0.450951145,0.397704473,0.444578584,0.408217538,0.37396857,0.435577241,0.32320406,0.341134528,0.304430184,0.367420144,0.332461541,0.480885403,0.272070838,0.350721075,0.340996858,0.482466955,0.346445522,0.30824663,0.316884217,0.268626497,0.341552553
"LIGHTNING_BOLT",3,2113230,3,26,0.290395003,0.454942776,0.449705762,0.391815491,0.421726788,0.391311579,0.398546311,0.429979443,0.310785211,0.351765447,0.307631879,0.377224005,0.336742845,0.463815977,0.272590785,0.371816208,0.358721898,0.450985859,0.349946219,0.280512526,0.309619889,0.262742758,0.326094067
"WL_358LH",3,2113240,3,27,0.343164923,0.496749743,0.461452532,0.424508602,0.45240833,0.414737161,0.401655096,0.428281742,0.322042899,0.376430869,0.322692245,0.382126713,0.359113784,0.480100218,0.280472483,0.39186624,0.378823123,0.439870095,0.344012104,0.277282158,0.30798608,0.268692763,0.321120932
"SW4602Z",3,2113250,3,28,0.369667524,0.504744632,0.466178778,0.43432197,0.457447068,0.41298876,0.419949062,0.439193232,0.341868602,0.388592029,0.335662354,0.395129179,0.385763667,0.482456125,0.2839436,0.408589621,0.373610579,0.425786483,0.362448589,0.286730039,0.302789481,0.270479186,0.327372582
"SEEDWAY_9558_SBR",3,2113260,3,29,0.315917869,0.474887331,0.46816501,0.408245638,0.428529194,0.367877986,0.444216199,0.466308982,0.368036914,0.321542247,0.286552585,0.35416987,0.377206573,0.490063502,0.307127753,0.363145576,0.315775137,0.451401306,0.374262603,0.290013659,0.301148168,0.244105887,0.343862096
"PERSIST_III",3,2113270,3,30,0.3236072,0.471123028,0.453766377,0.409995943,0.43302094,0.376927768,0.432553645,0.461290522,0.347145951,0.34406859,0.301386526,0.377157816,0.371401303,0.493998402,0.298818907,0.39132886,0.324589664,0.447078346,0.368053731,0.279918537,0.304963966,0.253180625,0.348306733
"LANDER",3,2113280,3,31,0.291944647,0.469438851,0.452337904,0.405315153,0.423297074,0.338151744,0.400748446,0.461844719,0.376803649,0.324915151,0.292628026,0.356542483,0.350186661,0.443507674,0.297691956,0.374452617,0.307528633,0.431722985,0.362241352,0.282488862,0.27996793,0.243265664,0.328891355
"SW315_LH",3,2113290,3,32,0.363605259,0.508141214,0.477220581,0.458848714,0.469653667,0.387886959,0.349098633,0.471396146,0.462715204,0.313194611,0.30451054,0.361865335,0.397672833,0.509729993,0.317948225,0.367220951,0.340003978,0.423912647,0.365867016,0.334888638,0.293608981,0.279442927,0.310961257
"NY1614",3,2113300,3,33,0.294989686,0.467461476,0.444993699,0.433477994,0.420954741,0.353941291,0.353452417,0.454548859,0.455909385,0.31352378,0.310422402,0.36056842,0.376439493,0.497424256,0.306243249,0.38249964,0.330013475,0.443684062,0.375650197,0.291519167,0.297742495,0.282983074,0.35237981
"NY1615",3,2113310,3,34,0.315261699,0.487141708,0.47267944,0.4329031,0.430423413,0.365013837,0.355420375,0.441995889,0.44457674,0.353310361,0.343739015,0.37439887,0.397241321,0.4964032,0.311133826,0.38749897,0.356618954,0.443481639,0.371991787,0.291063566,0.306171041,0.286668118,0.360395135
"PLUSS_III",3,2113320,3,35,0.330034623,0.474539575,0.46455298,0.43457922,0.426286683,0.380142083,0.341273721,0.411212311,0.370467259,0.40711203,0.395719395,0.388232623,0.369849534,0.49229301,0.282664291,0.416564204,0.350333815,0.441332361,0.353051088,0.287679142,0.331846396,0.287287157,0.348536426
"NY0465",3,2113330,3,36,0.329386994,0.499684481,0.47513057,0.459784088,0.443486979,0.382538211,0.359764179,0.43147296,0.409280339,0.331914247,0.391907653,0.367190391,0.370109349,0.491339288,0.293146294,0.36804377,0.341550797,0.44267339,0.372293738,0.29960231,0.306120042,0.284563551,0.358500119
"ONEIDA_ULTRA",3,2113340,3,37,0.330032931,0.468557755,0.455970991,0.439748606,0.429842007,0.353044492,0.340631868,0.432432518,0.39915659,0.349005084,0.415589056,0.363237878,0.37690914,0.490212636,0.304108433,0.358987977,0.353862037,0.450398219,0.375520149,0.292626663,0.299104981,0.276692989,0.346899276
"GUARDSMAN_II",3,2113350,3,38,0.320585483,0.471752231,0.461753837,0.420522876,0.423040924,0.33551231,0.342789144,0.436827387,0.400028807,0.354103716,0.42056167,0.366616891,0.383369582,0.4835326,0.286467316,0.378116096,0.396786283,0.43366683,0.360259928,0.284533996,0.315267868,0.312149616,0.35098892
"SW4412Y",3,2113360,3,39,0.358690406,0.506466086,0.482669591,0.426189618,0.44798574,0.365688293,0.330316883,0.406660294,0.364168018,0.398301246,0.445853719,0.39347827,0.426033708,0.471646187,0.292087865,0.41236003,0.437215407,0.432188412,0.350858523,0.292225003,0.348114278,0.307212632,0.357149243
"AMERISTAND_427_TQ",3,2113370,3,40,0.328493809,0.483513832,0.452165796,0.420845166,0.433735577,0.3320738,0.328911422,0.404123023,0.361011835,0.378512146,0.422684837,0.375944654,0.373785339,0.439557127,0.310672353,0.407039251,0.409506261,0.443224718,0.366051163,0.293514775,0.348689569,0.27525883,0.340531266
"ONEIDA_VR",3,2113380,3,41,0.276446832,0.429276699,0.42584789,0.396171674,0.409389679,0.327559844,0.355913665,0.422724687,0.454830017,0.287974449,0.330891611,0.320856719,0.365250171,0.431950785,0.301821186,0.346528563,0.355415244,0.42627531,0.361548838,0.286811579,0.295500136,0.277209675,0.343830459
"SEEDWAY_9558",3,2113390,3,42,0.292391966,0.442791691,0.437048848,0.407592792,0.42108663,0.349226464,0.36122799,0.437374605,0.433150762,0.310871311,0.342305407,0.351237445,0.385421356,0.461799855,0.307973925,0.340781786,0.365067286,0.43234737,0.384579862,0.282455515,0.30492256,0.298382488,0.339492234
"SW5606",3,2113400,3,43,0.400742845,0.508660382,0.480565703,0.438467433,0.434212078,0.359897443,0.337185678,0.400096753,0.251875512,0.422134928,0.423239377,0.417480927,0.424400978,0.462407117,0.329933428,0.412534724,0.441108226,0.434334761,0.348323851,0.343809494,0.393765248,0.328948978,0.341257207
"55V50",3,2113410,3,44,0.384090935,0.506008261,0.469907631,0.440293892,0.435526803,0.374031643,0.365463517,0.455402922,0.280925197,0.394698768,0.40127584,0.401971238,0.408323429,0.463606826,0.296194222,0.38293153,0.403931733,0.423856811,0.366062574,0.312938365,0.368810038,0.314130424,0.343090078
"EZRA",3,2113420,3,45,0.346531689,0.487064785,0.465196451,0.42038751,0.416908482,0.388939704,0.381124369,0.487294434,0.323363792,0.345004669,0.356655166,0.363500955,0.385707613,0.447436633,0.301582267,0.337426792,0.355083171,0.414659759,0.365695084,0.279976875,0.334194505,0.324120759,0.350614533
"FSG_415BR",3,2113430,3,46,0.337374257,0.487442159,0.456201242,0.43335432,0.418003177,0.383294509,0.385786573,0.486192587,0.287602462,0.365932299,0.357683399,0.380014373,0.391111985,0.460730598,0.279318966,0.381516543,0.366004118,0.389191331,0.365950791,0.287828287,0.356177903,0.309312973,0.329027927
"FSG_421LH",3,2113440,3,47,0.402851075,0.507407803,0.499889529,0.464940425,0.470773966,0.424326553,0.413567898,0.452578431,0.307652251,0.391158241,0.39928744,0.385554486,0.431539452,0.485872912,0.28801982,0.400082311,0.430287903,0.347083696,0.350277799,0.286924896,0.352739477,0.378110854,0.289687314
"NY2003",3,2113450,3,48,0.344394034,0.513837915,0.48611467,0.448470588,0.467638624,0.389542378,0.441429604,0.450774668,0.384614624,0.312986083,0.361142315,0.350403969,0.412610941,0.471626741,0.317373126,0.336157316,0.381772866,0.352323276,0.362269497,0.297911564,0.297326005,0.348726714,0.26935243
"ALFABAR",3,2113460,3,49,0.293501136,0.486821853,0.433524052,0.398804341,0.424431286,0.375329463,0.436652255,0.411699775,0.322584081,0.30741378,0.310344227,0.347139769,0.36760792,0.41926565,0.31456617,0.366557772,0.340949958,0.402191252,0.396703164,0.28889341,0.33586154,0.284373939,0.263350166
"NY1517",3,2113470,3,50,0.346317735,0.50509077,0.467693616,0.436729927,0.443515577,0.416471252,0.477291934,0.374258697,0.358975011,0.319174336,0.317968374,0.357359766,0.42845446,0.475614815,0.327517661,0.331759302,0.348148987,0.48263329,0.449075348,0.287051697,0.316769201,0.308232338,0.287772636
"SW5210",3,2113480,3,51,0.370661823,0.499206134,0.487192967,0.417289231,0.426866484,0.391266077,0.484598279,0.408270331,0.302116234,0.408295466,0.376082958,0.397342729,0.444885336,0.445756127,0.293928732,0.395278215,0.411886239,0.492068713,0.448387324,0.312843947,0.368876561,0.342089376,0.310023395
"NY2003",4,2114010,4,1,0.361541388,0.502244853,0.499173943,0.420692721,0.426056258,0.458712181,0.360945734,0.353849887,0.367449803,0.296974938,0.278148353,0.321300247,0.420631584,0.503630422,0.277515402,0.341942498,0.474922173,0.389907042,0.305493,0.291150637,0.335639818,0.321621647,0.308850487
"LIGHTNING_BOLT",4,2114020,4,2,0.312869675,0.476189224,0.456731877,0.39832329,0.422391548,0.456327368,0.411510936,0.415987508,0.368623755,0.326143791,0.29289783,0.328570471,0.394409587,0.454236166,0.271669663,0.38790273,0.451980241,0.47075379,0.365325749,0.298098953,0.378801374,0.262878434,0.309986576
"ALGONQUIN",4,2114030,4,3,0.348009375,0.492701411,0.455787746,0.401568928,0.431393765,0.440470178,0.38852337,0.397587445,0.3626784,0.356238347,0.264088322,0.28314881,0.389404927,0.471713725,0.269786346,0.348511608,0.42875604,0.456440562,0.348835733,0.273092819,0.309785739,0.283667169,0.291658002
"SW5210",4,2114040,4,4,0.368342132,0.494285132,0.445816249,0.418062505,0.443176197,0.459628411,0.403070818,0.456474692,0.312763877,0.278235739,0.300341326,0.337899998,0.413010579,0.478762527,0.302278313,0.390466089,0.453529818,0.473222181,0.376461191,0.311689385,0.37929606,0.304010976,0.310159713
"NY2003",4,2114050,4,5,0.371509816,0.50437145,0.483969618,0.43098414,0.45145898,0.434896091,0.371982363,0.451257116,0.367495624,0.321348391,0.287917155,0.307490244,0.443847838,0.504636791,0.22375829,0.390186926,0.45434294,0.489832171,0.326390772,0.310423085,0.317949916,0.327855275,0.302061974
"SW5210",4,2114060,4,6,0.371426523,0.498790069,0.460035583,0.417634317,0.439693579,0.457361094,0.380932778,0.484023338,0.308165179,0.247332563,0.318522224,0.345070914,0.425343376,0.480721569,0.276065181,0.391022717,0.425513864,0.509674094,0.367179139,0.32286772,0.378091226,0.287944719,0.308402436
"ALGONQUIN",4,2114070,4,7,0.355587016,0.486259606,0.464022891,0.391738863,0.419381244,0.421409863,0.374753466,0.485253616,0.364758234,0.340282187,0.313785021,0.286819172,0.424087067,0.499630065,0.240319314,0.33128582,0.36362022,0.525113794,0.340039249,0.325323665,0.296385651,0.295704167,0.282076209
"SW3407",4,2114080,4,8,0.368926146,0.507895465,0.451933557,0.432822628,0.448320182,0.439609831,0.370707379,0.477995731,0.290501651,0.267478547,0.353167385,0.369155833,0.441368177,0.502729447,0.297409462,0.412256318,0.41631383,0.519554448,0.318172452,0.335875566,0.378815737,0.303522038,0.295088411
"LIGHTNING_BOLT",4,2114090,4,9,0.33507944,0.45521245,0.447230932,0.404722822,0.408326768,0.437087607,0.364719513,0.489615236,0.308819943,0.272526047,0.335907308,0.332440686,0.404767324,0.511293972,0.267547509,0.406856223,0.37886436,0.541400327,0.32497118,0.291123914,0.353911077,0.29798213,0.27383968
"SW3407",4,2114100,4,10,0.381589979,0.487966532,0.455683738,0.419272651,0.432745359,0.417153369,0.363517742,0.47440876,0.289243705,0.258145925,0.382575333,0.350961782,0.421250462,0.501665059,0.301954491,0.439732402,0.421660394,0.536403898,0.306427217,0.313801237,0.376928355,0.287364521,0.293122813
"N-R-GEE",4,2114110,4,11,0.317178881,0.425748032,0.437721649,0.383172113,0.390185122,0.37290201,0.32429792,0.455695044,0.315573541,0.288465164,0.357255247,0.323183701,0.399096925,0.487185621,0.282216776,0.424042551,0.407048456,0.534844017,0.312114576,0.291448267,0.332416575,0.323333856,0.299878276
"N-R-GEE",4,2114120,4,12,0.330198048,0.433620317,0.422004208,0.389370145,0.407015782,0.403605619,0.326513853,0.453862263,0.310392456,0.254521661,0.370212602,0.326567909,0.410771904,0.511308497,0.294437649,0.423684597,0.403173497,0.50783035,0.321229242,0.299482838,0.334739346,0.318435082,0.298139758
"BORDER",1,2114121,4,13,0.37251108,0.459761776,0.454565337,0.417003958,0.443788879,0.430593422,0.358331917,0.495915808,0.306359943,0.248607147,0.392159623,0.355382183,0.403304158,0.523227015,0.310870476,0.447210317,0.434176511,0.509844315,0.336194551,0.305555781,0.361165658,0.296494298,0.291561996
"BORDER",1,2114122,4,14,0.361511496,0.453727189,0.450538843,0.411566679,0.428435112,0.400009473,0.364923356,0.491744307,0.286766187,0.250742816,0.400751153,0.347001006,0.382511321,0.507721859,0.309831956,0.460902283,0.425095687,0.490428011,0.344335494,0.318146498,0.371553695,0.31259142,0.305792744
"BORDER",1,2114123,4,15,0.363879548,0.460248521,0.463635443,0.420521073,0.438003739,0.403367867,0.356083978,0.489276278,0.287518856,0.266659701,0.430748203,0.359605329,0.37622563,0.504826892,0.309911152,0.468537409,0.439935008,0.484786473,0.348587178,0.301393511,0.36824408,0.31552706,0.30269093
"FSG_415BR",4,2114130,4,16,0.353236685,0.448363827,0.459192312,0.408091503,0.415273792,0.352056913,0.371550173,0.501245731,0.329798215,0.263533413,0.412662872,0.33313522,0.350089961,0.512027144,0.284272075,0.436304375,0.401096117,0.486674339,0.350990964,0.288495021,0.368164752,0.281909866,0.300077298
"ONEIDA_ULTRA",4,2114140,4,17,0.344000168,0.431344787,0.460169815,0.406385141,0.410407547,0.406650269,0.395190312,0.527672292,0.375267139,0.305121752,0.404964264,0.3138897,0.355774099,0.507560058,0.294807286,0.407295913,0.381132823,0.485208363,0.329560844,0.286942879,0.334131247,0.284470903,0.285338131
"SW3407",4,2114150,4,18,0.399559753,0.495617527,0.463670701,0.441732626,0.451838268,0.419179688,0.406159096,0.505017868,0.29461476,0.261954411,0.449294578,0.3700243,0.359642485,0.512492355,0.311794217,0.44295229,0.429377933,0.470702651,0.270875012,0.312707056,0.389516244,0.293522009,0.29913473
"PERSIST_III",4,2114160,4,19,0.375984738,0.459537306,0.465595995,0.419840799,0.429662536,0.389546625,0.378172855,0.526639943,0.346200532,0.2652212,0.416695923,0.333510139,0.332091019,0.514055919,0.279890976,0.413189639,0.391984074,0.49599868,0.311270634,0.281979087,0.371648036,0.317516276,0.299231146
"SW5210",4,2114170,4,20,0.407891519,0.505196729,0.461333542,0.441788896,0.446484252,0.40820411,0.395417281,0.533262472,0.318566929,0.276213893,0.444407337,0.367445263,0.364484843,0.519737981,0.304566467,0.425676991,0.433982814,0.492641714,0.306570851,0.310497661,0.384393335,0.3360977,0.309894021
"SW4602Z",4,2114180,4,21,0.405732071,0.499478457,0.453958128,0.437885658,0.444384505,0.392883654,0.374966958,0.515943707,0.332815061,0.267584071,0.445206601,0.362988221,0.343087521,0.518093682,0.285326444,0.436392401,0.452819499,0.480341885,0.339580798,0.290959522,0.384384471,0.361488499,0.307185416
"NY1614",4,2114190,4,22,0.320469453,0.461633156,0.472319608,0.406511063,0.421200643,0.37231806,0.416214395,0.53988172,0.380494884,0.327994753,0.404750813,0.319089277,0.335388476,0.49607665,0.297138234,0.402907789,0.389646786,0.500715613,0.372197303,0.324590988,0.308130169,0.285659389,0.294044581
"AMERISTAND_427_TQ",4,2114200,4,23,0.336509902,0.472448439,0.468710825,0.396669665,0.402824921,0.397108985,0.396979875,0.505532305,0.315912597,0.247438235,0.41058766,0.34854267,0.331691009,0.493979956,0.306943529,0.4461795,0.396903604,0.489073413,0.401561244,0.316477983,0.370033308,0.300399005,0.311543578
"WL_358LH",4,2114210,4,24,0.33935624,0.483848726,0.451180052,0.412951995,0.425614709,0.430699646,0.348603651,0.520149273,0.332778498,0.257139597,0.384157089,0.336190356,0.348554677,0.518924473,0.285461721,0.427136796,0.394672893,0.482977284,0.396328435,0.321455842,0.321693904,0.284969348,0.288807327
"55V50",4,2114220,4,25,0.410269927,0.493045522,0.461050963,0.414390504,0.419314291,0.359379917,0.387715502,0.536488107,0.338919668,0.257028737,0.389797021,0.365938974,0.31238336,0.488977001,0.304969815,0.438116531,0.375284447,0.509553247,0.401449823,0.319703319,0.348543923,0.301567645,0.314214738
"VERNAL",4,2114230,4,26,0.353845519,0.464793461,0.449468171,0.399265455,0.414113473,0.409066259,0.39219224,0.534648798,0.382555732,0.294208202,0.325387039,0.300715602,0.314269846,0.495825999,0.338148789,0.339089162,0.302384271,0.504945058,0.353906562,0.382424595,0.26717482,0.27620987,0.287065233
"SEEDWAY_9558_SBR",4,2114240,4,27,0.348586051,0.461850801,0.444756354,0.40469359,0.413030042,0.405499422,0.40637029,0.526604267,0.362459147,0.266479332,0.350274623,0.3345452,0.341615551,0.489017893,0.328181583,0.403877394,0.332036405,0.507939843,0.334908505,0.329012872,0.317428796,0.320227164,0.312534935
"NY0651",4,2114250,4,28,0.343687422,0.493817521,0.454584564,0.413246788,0.41939161,0.417790554,0.399967532,0.503434587,0.338460278,0.321402783,0.352864355,0.348144198,0.322989459,0.473360058,0.313569826,0.418735318,0.329417428,0.474140235,0.301211102,0.323264796,0.31430918,0.321706416,0.32137717
"NY2003",4,2114260,4,29,0.385410003,0.512290267,0.476442003,0.440747051,0.454308421,0.413612123,0.394749546,0.522739325,0.397275502,0.334252368,0.345426478,0.328745601,0.33560265,0.515833696,0.30741782,0.39971491,0.362102442,0.46098784,0.308373229,0.36456013,0.277604973,0.332774853,0.311585352
"NY0465",4,2114270,4,30,0.349173361,0.496454589,0.464343219,0.419539336,0.426971349,0.447289783,0.37390866,0.531746996,0.375960881,0.337484772,0.337479731,0.333846762,0.38220374,0.506240959,0.325819969,0.401858539,0.343091517,0.493711375,0.328199552,0.314361193,0.339612193,0.35308798,0.330822209
"NY1615",4,2114280,4,31,0.344031892,0.487317777,0.436824693,0.407167656,0.417399417,0.416616816,0.403340822,0.523407586,0.357310179,0.362645503,0.384457347,0.32300067,0.413092626,0.496331881,0.301792617,0.415668667,0.400130825,0.495103359,0.379307871,0.314298865,0.332468694,0.334680629,0.318307547
"EZRA",4,2114290,4,32,0.35227282,0.506442737,0.447358524,0.405206821,0.415559028,0.4326245,0.418480197,0.528031309,0.358006349,0.366039601,0.382374447,0.308423951,0.420412224,0.520896048,0.317666282,0.392433037,0.396557883,0.500907962,0.389643669,0.310378279,0.340951493,0.333599369,0.312548827
"WL_349HQ",4,2114300,4,33,0.34373957,0.499897993,0.431840212,0.395533018,0.402245294,0.393848051,0.37685377,0.479914497,0.26828769,0.44467135,0.401712725,0.350862242,0.394023144,0.482428515,0.31703706,0.444869456,0.422871509,0.481774868,0.338856511,0.317584724,0.381992119,0.33094171,0.301020004
"ALFABAR",4,2114310,4,34,0.330447782,0.513121457,0.4299933,0.393542634,0.414543542,0.426819075,0.41495299,0.513885747,0.346871042,0.359247551,0.397194805,0.319930424,0.351470684,0.505100799,0.298265616,0.392143165,0.416838729,0.505675605,0.375850386,0.299167633,0.343550706,0.32468896,0.304721094
"WL_349HQ",4,2114320,4,35,0.353852453,0.497893465,0.418707583,0.387226869,0.401325508,0.374737446,0.399305463,0.494540323,0.270116343,0.448031657,0.40311552,0.365027652,0.429580489,0.48651247,0.30369455,0.4538565,0.406831237,0.476029273,0.310059038,0.314803051,0.382122445,0.320062654,0.313573608
"SW5606",4,2114330,4,36,0.408839174,0.483800037,0.467642295,0.43488712,0.445848535,0.446619332,0.387487001,0.485163979,0.259110233,0.465340507,0.435526582,0.40396993,0.47575549,0.476451126,0.275587686,0.455766139,0.454142563,0.483718765,0.30999807,0.314687243,0.389038108,0.328221883,0.302801297
"SW4412Y",4,2114340,4,37,0.367271589,0.499086396,0.459002481,0.409829014,0.427437416,0.398762267,0.39950338,0.499619545,0.309633579,0.423572837,0.455506181,0.382564346,0.436854503,0.42762716,0.28684648,0.430689219,0.418673915,0.490491265,0.332622518,0.285960568,0.361450365,0.318134427,0.301010926
"LIGHTNING_BOLT",4,2114350,4,38,0.332107553,0.507218879,0.423595517,0.389897679,0.401429329,0.393441017,0.410252346,0.523016287,0.326048723,0.394521068,0.450574895,0.360110249,0.452709554,0.478089179,0.300152071,0.433064254,0.391218433,0.494471402,0.382154719,0.271265556,0.344520211,0.316105729,0.291981498
"SW4107",4,2114360,4,39,0.336319271,0.503726778,0.459980347,0.417101097,0.434718317,0.406284573,0.428013961,0.530550145,0.334721726,0.401851704,0.463766177,0.363675453,0.44239117,0.434703837,0.312687771,0.449707903,0.416899568,0.489084834,0.370656867,0.280701588,0.366231413,0.340095279,0.30144436
"ALGONQUIN",4,2114370,4,40,0.371780988,0.49128172,0.469312084,0.433986328,0.43653925,0.382499226,0.401869813,0.547127451,0.377152661,0.323959658,0.417803577,0.314552498,0.400561888,0.449881336,0.317017531,0.390494794,0.382456614,0.48291813,0.3510673,0.320507685,0.281288395,0.336239388,0.26606737
"NY1517",4,2114380,4,41,0.357244477,0.477663786,0.447588399,0.436518969,0.44197974,0.388504269,0.424041853,0.539839569,0.396973951,0.327736576,0.427333277,0.32532979,0.453871507,0.526221786,0.346971517,0.413327232,0.39659941,0.512201674,0.356571438,0.328506082,0.291294988,0.383292278,0.308093324
"FSG_421LH",4,2114390,4,42,0.41523012,0.488729075,0.470659713,0.424840959,0.455815138,0.391023503,0.385932984,0.505774668,0.343524808,0.411893646,0.472191363,0.385282865,0.470350751,0.52400142,0.321449854,0.454782793,0.448975177,0.504078631,0.369342337,0.30431986,0.337257352,0.427374096,0.302974049
"REGEN",4,2114400,4,43,0.345898809,0.472464729,0.456249795,0.427649158,0.413022912,0.340359266,0.404498639,0.499270798,0.313040969,0.331717724,0.441044333,0.332089588,0.424792893,0.50059724,0.322003213,0.406571948,0.36656067,0.526483717,0.368019499,0.312880156,0.339609283,0.357274606,0.305754577
"LANDER",4,2114410,4,44,0.322166887,0.447701734,0.435177989,0.408855759,0.40484423,0.354402059,0.396188004,0.466273063,0.319154449,0.312116995,0.450127267,0.31227777,0.383045561,0.481265474,0.317370085,0.396224994,0.335543281,0.508414085,0.380798745,0.337604629,0.315628537,0.290701612,0.278451454
"SW315_LH",4,2114420,4,45,0.398928927,0.492219496,0.481889008,0.436916986,0.427856702,0.389361971,0.377503894,0.431759488,0.342515402,0.318356972,0.453399459,0.312952788,0.46114294,0.523420044,0.305053574,0.405217892,0.383839356,0.499743566,0.35958591,0.383070498,0.291017252,0.300334383,0.279505658
"PLUSS_III",4,2114430,4,46,0.350290004,0.467278892,0.45944303,0.41899692,0.386456763,0.377735019,0.365824493,0.45788852,0.279809542,0.424980807,0.496262796,0.374080059,0.469699486,0.503634277,0.331702894,0.4527617,0.398437936,0.511181883,0.395963822,0.305783504,0.365288773,0.289809261,0.296619243
"HI-GEST_360",4,2114440,4,47,0.339169974,0.460542401,0.456570866,0.41138694,0.37797974,0.369477704,0.337774235,0.440246384,0.306625032,0.400466853,0.482890116,0.37441882,0.446932007,0.503739579,0.30871292,0.413094553,0.385351327,0.517012174,0.4001471,0.319654866,0.339788909,0.275077222,0.282974277
"N-R-GEE",4,2114450,4,48,0.311893918,0.450297118,0.430751857,0.419567968,0.39251076,0.367700296,0.325680409,0.426647802,0.344219407,0.334128466,0.466332004,0.37065551,0.434344025,0.47501496,0.302254055,0.375693422,0.365286538,0.522942846,0.391581968,0.356308305,0.305073259,0.285479987,0.285783176
"SEEDWAY_9558",4,2114460,4,49,0.314537886,0.433574389,0.425338288,0.398478101,0.378665623,0.375755133,0.335378197,0.402355191,0.377119346,0.306118744,0.445741935,0.37168163,0.430936632,0.494072866,0.316270986,0.377467237,0.369761901,0.540197201,0.389653523,0.373668415,0.296079522,0.263684265,0.288579284
"GUARDSMAN_II",4,2114470,4,50,0.329960773,0.455807697,0.432883261,0.400290436,0.379914612,0.349781995,0.336101833,0.396595797,0.381975023,0.337890267,0.428168248,0.385949269,0.411559027,0.467728133,0.29552865,0.408182636,0.397349514,0.541034396,0.404020908,0.360831981,0.328180129,0.269927665,0.285919124
"ONEIDA_VR",4,2114480,4,51,0.310865434,0.414206303,0.407705256,0.392290887,0.385853832,0.391029249,0.380926192,0.390994307,0.389152447,0.289322988,0.345838101,0.361494672,0.439143135,0.492322585,0.325330573,0.349416733,0.3695547,0.566355569,0.395617307,0.417371457,0.293599539,0.25811619,0.296930773
