"Germplasm","Rep","Plot","Row","Range","yld1","yld2","yld3","tot23","GNDVI_125","GNDVI_142","GNDVI_145","GNDVI_150","GNDVI_152","GNDVI_156","GNDVI_164","GNDVI_166","GNDVI_172","GNDVI_178","GNDVI_184","GNDVI_187","GNDVI_193","GNDVI_198","GNDVI_213","GNDVI_223","GNDVI_228","GNDVI_251","GNDVI_255","GNDVI_265","GNDVI_277","GNDVI_300","GNDVI_306"
"ALGONQUIN",1,113,1,16,2.35,1.49,0.95,4.79,0.219641497350842,0.312102688947598,0.292558769544837,0.2568957283435,0.229070908114189,0.255971496231477,-0.0699115792928001,-0.145805394350465,0.0501736644721164,0.243074184238764,0.229738732619956,0.196054908320285,0.230226503313054,0.238234400913648,0.10581393903788,0.199671782426494,0.167085968959166,-0.00320402195100562,-0.0558537958030734,0.0972950921711689,0.187587672257264,0.102474481348218,0.490891650738189
"SW315_LH",1,114,1,17,2.44,1.48,1.06,4.98,0.224911484002348,0.307812291552341,0.293995866645058,0.276832431469076,0.250149336872524,0.277461439471218,-0.0774312840736073,-0.150781191087026,0.0222550685394389,0.232043129127403,0.238273074884686,0.211937962575529,0.255316527964845,0.277461713618554,0.0907219189853404,0.200825366149309,0.170911482329981,-0.0186885375066424,-0.0689665312402633,0.0828076361506948,0.180049570406635,0.105852287647232,0.492428690288377
"NY0465",1,115,1,18,2.58,1.64,1.23,5.45,0.211720596854546,0.292686621846698,0.290975773979748,0.26491269573668,0.231562784875785,0.258629529771385,-0.0797077933805135,-0.149973658614672,0.0534750677860414,0.250772128826245,0.23721408547887,0.216726813806466,0.254731763654331,0.274175714045466,0.104676429210192,0.211582642362069,0.176680632325942,-0.0182659238445289,-0.0652864333855178,0.123305270189331,0.224624992699382,0.130434394875677,0.526809458792188
"HI-GEST_360",1,116,1,19,2.24,1.6,1.05,4.9,0.220116023853191,0.272503004061431,0.283228395897817,0.262384818990692,0.23496365841324,0.269341511259095,-0.0831233001515524,-0.13935590346816,0.0967588038025524,0.293304904673813,0.256171766542256,0.240161458769684,0.281169198715851,0.278616017026873,0.140121883056813,0.240415199620949,0.199336641215681,-0.043126514333915,-0.0586021759597219,0.169978702250984,0.245714587561008,0.143551608175749,0.526931966148392
"N-R-GEE",1,117,1,20,2.52,1.47,0.9,4.89,0.224327804782107,0.266970832629592,0.291970112378771,0.252675619863376,0.227716801224341,0.253942808860516,-0.0807839076065946,-0.143969307926518,0.091847265789058,0.273149804392236,0.243281070788473,0.231981475042747,0.275498062616428,0.255611563505809,0.122068467368438,0.215849708785512,0.186768068125578,-0.0507507305047432,-0.057068707741473,0.140097275003565,0.207724510674158,0.126404870191692,0.519965098231416
"PLUSS_III",1,118,1,21,2.16,1.63,1.05,4.84,0.23999590517543,0.267388865233606,0.303038633086409,0.25605685856212,0.233688027881592,0.263730885323106,-0.0756117554841922,-0.125191148645472,0.126944676048398,0.302097362957287,0.25653998158229,0.249238644069809,0.284930705269755,0.267171535397087,0.129440446729348,0.240541575432406,0.205241429275623,-0.0619048987790907,-0.0370085117124682,0.191510683624731,0.247777037534144,0.145399051588441,0.541477060062411
"SEEDWAY_9558_SBR",1,119,1,22,2.7,1.66,1.22,5.57,0.240030829320665,0.263098184520087,0.297905667902616,0.251369601008801,0.233665077363464,0.258032630023067,-0.0887416890798468,-0.140495071065212,0.0902100777775539,0.278812648128194,0.240829588417456,0.230958859812891,0.277382541173771,0.261386213082775,0.0845815427228077,0.225426786779994,0.194969822340687,-0.0737166524244615,-0.069494012706145,0.158135296821003,0.225937161366016,0.139556956105828,0.532074170813648
"NY1517",1,120,1,23,2.51,1.38,1.13,5.02,0.245049948683343,0.268218702051337,0.304983323715327,0.251006039396521,0.238268424199433,0.258368168466007,-0.0941153859096475,-0.141240992072388,0.0605649783424737,0.263625793880937,0.236716946412565,0.225062162881107,0.268375220105831,0.295168875999149,0.0507753893475925,0.207816191753381,0.184210328872328,-0.0838331951695332,-0.0844910972670565,0.116133280268573,0.194446815817477,0.125785963380893,0.528232896252497
"SW5606",1,121,1,24,2.55,1.69,1.1,5.35,0.27689722490171,0.279744875171126,0.314347707803869,0.285525466448106,0.274918440659097,0.278998887117169,-0.0748366026223311,-0.10784008660495,0.143697037000804,0.339557189135185,0.277078956236154,0.266412755886134,0.299214095546489,0.291170007431136,0.116526489972059,0.26139760429797,0.225435231386034,-0.0624027770472671,-0.033391524963675,0.205544065088434,0.258363342666758,0.145312942009173,0.553553112882136
"EZRA",1,122,1,25,2.72,1.69,1.13,5.54,0.240852399731301,0.261078861177602,0.305090947530477,0.260235408290976,0.24872724911967,0.245446662418256,-0.0951886209736871,-0.137884247099928,0.0990991131045873,0.268581936107162,0.241008393302303,0.226871047466965,0.252585393576621,0.263844867586496,0.0744665122432651,0.215426309004225,0.190946017017149,-0.0728797191755096,-0.0730773919817035,0.146436593980614,0.214736623062743,0.144045093015062,0.541273030339874
"FSG_421LH",1,123,1,26,2.57,1.77,1.19,5.53,0.254937797293209,0.298669419202122,0.338851777205843,0.279607690589481,0.276477804704358,0.273347657045232,-0.0927040842413297,-0.136412020799739,0.102669135256957,0.267060465058043,0.258176747533253,0.247047000452656,0.269628653650452,0.267875456548664,0.0884276907875677,0.243457626583684,0.215474536056743,-0.0787650345966366,-0.0675529112899833,0.146770739687218,0.222770850626283,0.157840159910915,0.547174613790417
"ONEIDA_VR",1,124,1,27,2.61,1.53,1.03,5.17,0.212469927410278,0.261860737854426,0.300427122443933,0.239245833331955,0.235696451952421,0.234557960747683,-0.109610081106779,-0.158144971893178,0.0703000678957893,0.205871557588637,0.22262494607144,0.205587996192029,0.216077621052412,0.249125410434234,0.0507343542431798,0.20174442707102,0.174133894759601,-0.0759908669489791,-0.0767792837885245,0.128516600846614,0.21029184132918,0.143341082391735,0.532474795457315
"PERSIST_III",1,125,1,28,2.71,1.64,1.07,5.41,0.230221054574583,0.283476664146224,0.308669123432853,0.251607478243042,0.243484592666295,0.25425402833685,-0.10387585378894,-0.153209901674087,0.0877767022333463,0.2292653938127,0.242593793074551,0.223416652712684,0.225273781421391,0.234903181895917,0.0658175421786572,0.218891923289153,0.183182491556056,-0.0857396165261719,-0.0674581728686098,0.159176724307969,0.239709413301118,0.139480169962088,0.533478937359557
"ONEIDA_ULTRA",1,126,1,29,2.44,1.53,1.05,5.01,0.219208563140796,0.278837208885535,0.294974827298447,0.235165854312466,0.22879858388136,0.242006785494518,-0.0950940415907075,-0.155615646752585,0.0813212187554436,0.225610316932722,0.237565940044002,0.209914402919828,0.214096431675063,0.228266255837272,0.0575699829635119,0.200141753614082,0.161642090947411,-0.0922762487745338,-0.0768272090180937,0.130073968839955,0.207472899755169,0.110989229585149,0.506241450620573
"WL_349HQ",1,127,1,30,2.38,1.72,1.09,5.19,0.236380195643211,0.291484993208009,0.304346371504843,0.255268939085546,0.242201621297583,0.250045119564347,-0.0625512161080398,-0.110372268127686,0.15530025952444,0.300204606735567,0.266275740104417,0.226382760689434,0.234486782819948,0.229986806097959,0.102951507268838,0.234543529639012,0.184929229637689,-0.0908710697399897,-0.0287066632689874,0.198322003696612,0.256860173402806,0.122438379513628,0.526322917922801
"FSG_415BR",1,128,1,31,2.71,1.51,1.13,5.36,0.237793920956971,0.298146157630495,0.309150923444979,0.257194988896689,0.240658295617268,0.251987503992818,-0.0864719671877539,-0.143971586851833,0.08312981374609,0.265278683016077,0.247432275624581,0.199841844672355,0.222652693997725,0.244563868162464,0.0616254037724321,0.212194796362858,0.170659884461784,-0.1007870796832,-0.0681585079231886,0.142229637298424,0.236244715316435,0.110314125620882,0.513781060837993
"GUARDSMAN_II",1,129,1,32,2.49,1.6,1.08,5.16,0.237142368506421,0.294766709224178,0.304667451892164,0.254067572256785,0.237284360377077,0.245837268148262,-0.0872082385675439,-0.13408235833721,0.0756431953232377,0.261049800643196,0.247198058624501,0.201363958666351,0.229363060580305,0.257795016337322,0.0664736402076844,0.220180788473246,0.176173187180014,-0.0806519577102334,-0.0676048049341931,0.125785108235368,0.241336116972498,0.122733118798604,0.530836095107526
"AMERISTAND_427_TQ",1,130,1,33,2.32,1.69,1,5.01,0.257517436281044,0.295940899451558,0.307402575609345,0.253848092474206,0.231658147330106,0.255799033661498,-0.0843103697421412,-0.0991104146795268,0.120942122987175,0.295173005131069,0.254606257602665,0.218100669475217,0.246589200557275,0.270453682493694,0.0977220000271533,0.235371457417712,0.179985891985079,-0.0825674039700064,-0.0496934604145277,0.149507950688752,0.260518080061173,0.107762907264811,0.549837094720752
"LIGHTNING_BOLT",1,131,1,34,2.57,1.73,1.06,5.36,0.250890253360117,0.297864268420221,0.315594379463566,0.255085339253312,0.229864867926922,0.258031536431335,-0.0814024876665409,-0.0937433941502441,0.099640780663607,0.279160160263116,0.237573198283216,0.214070527054837,0.234792269700011,0.251887226189739,0.0990737626453966,0.22676695296363,0.181343861810053,-0.0800829494053576,-0.0475495240842202,0.140163989253834,0.254178091818115,0.101393877655964,0.548090753504028
"VERNAL",1,132,1,35,2.44,1.23,0.84,4.51,0.236336576001026,0.285302760808393,0.299601394495102,0.235028120688295,0.213501574995672,0.243403229442065,-0.0869216582305347,-0.113622151683015,0.0358146836977818,0.222012136816256,0.208673052727208,0.199587936119028,0.198583597836489,0.259746051619363,0.0620284958799384,0.182563381041352,0.151250261815297,-0.0724093986083597,-0.0799035013741552,0.071239874012939,0.189276682003953,0.053850727474716,0.516028894715381
"REBOUND_6XT",1,133,1,36,2.64,2.11,1.11,5.86,0.282646189841652,0.323099126401511,0.322460589243677,0.276247516818244,0.238012000009889,0.255721898763899,-0.0442480687144288,-0.0443900789659479,0.144163942109653,0.318727365552012,0.262372510891926,0.265413769347617,0.265522751616082,0.276162227149803,0.146039173689119,0.257930898088964,0.202764573232901,-0.0632825711635252,-0.0152745703783795,0.201752570333355,0.289499667137657,0.118917656720305,0.551590420891311
"SEEDWAY_9558",1,134,1,37,2.79,1.8,1.01,5.61,0.258707606533638,0.309604660162739,0.316133541846885,0.267692190835537,0.217593971328207,0.263672441141901,-0.0808156543816856,-0.107300086703349,0.044847947485694,0.246282436833183,0.221352397041822,0.221198489954699,0.236909650537658,0.273374320406741,0.0888348044732356,0.218233765249359,0.169746540207984,-0.0671634283394411,-0.0700503012663777,0.118923793412257,0.23299734064027,0.11597816084117,0.531760228881286
"NY2003",1,135,1,38,2.44,1.49,0.96,4.9,0.264150245313397,0.346300667253921,0.348754309455805,0.287202974773597,0.238088050325168,0.271329817853435,-0.0827135738931567,-0.117503659573481,0.0288962886709851,0.224326476896027,0.226770548147595,0.233619985111654,0.248777964634297,0.276256438769518,0.074218806020547,0.218353121683044,0.188608949351223,-0.0539501703946061,-0.0720091197930346,0.0858709983583996,0.20376825957606,0.120657490928672,0.519917783328373
"LANDER",1,136,1,39,2.96,1.79,1.08,5.84,0.254966742444747,0.317861847568809,0.316416046743451,0.274740689444833,0.231930503593705,0.256851338698212,-0.0762487074724202,-0.100395270026543,0.0807249637521221,0.242349906660072,0.220537025629179,0.225178350600864,0.234805240670854,0.254076037744048,0.0883372791235691,0.21336779576281,0.168542482916004,-0.0455093706076612,-0.0512215434429606,0.138653758349541,0.243968007815712,0.126084125362859,0.529500532121415
"NY1615",1,137,1,40,3.07,1.9,1.08,6.05,0.262260270686565,0.33794295364932,0.333223892293546,0.289923577756048,0.247666101657666,0.25133722018174,-0.0690204020133161,-0.0910486469737641,0.100775097343213,0.254637545434681,0.23326330130223,0.240096649599319,0.25925086184067,0.284376398143898,0.0945189191108697,0.19957441626613,0.165558902382231,-0.0582037465314371,-0.0689130890331147,0.127862944134316,0.251203086963304,0.156345448263119,0.537806936788067
"55V50",1,138,1,41,3.11,1.92,1.19,6.22,0.282359071311206,0.360695100805219,0.37039475340913,0.304091126813815,0.270832193327789,0.272621959649317,-0.0646954107542223,-0.0813617501947402,0.126949006312905,0.273899119809122,0.254941733551421,0.268144054009201,0.285948227595999,0.296986492538551,0.116723395838511,0.243981104794295,0.204480977677304,-0.0629382103772313,-0.0465021919266271,0.154479875233268,0.278560601919628,0.166317031376475,0.543143658298408
"SW5210",1,139,1,42,3.21,2.01,1.22,6.44,0.272536878170412,0.368913382243311,0.414622032464893,0.31161830644925,0.278764678828009,0.287694660675683,-0.0639775767327586,-0.0910579170797212,0.12737839354137,0.278799423110608,0.25474073981935,0.273427610828252,0.290812939058839,0.302273262377759,0.147189928890028,0.270666876795499,0.225081794277138,-0.073843803414485,-0.0586849400903978,0.163545630823985,0.291764062622097,0.186965773679521,0.553696964630664
"NY1614",1,140,1,43,3.23,1.87,1.13,6.22,0.206475763190094,0.384092461546954,0.427253027204301,0.287817664318901,0.250913624659235,0.261698204126328,-0.0479092099581923,-0.102851556947367,0.0851521407046759,0.239850242585546,0.230170482963196,0.248776613606966,0.27534911588139,0.306478050632948,0.10695884033798,0.225897199799428,0.18581678921859,-0.0757783033904138,-0.079340378828873,0.0942506177967416,0.239624970196764,0.170385732429513,0.537446567889417
"WL_358LH",1,141,1,44,2.8,1.63,1.12,5.54,0.193587110067332,0.44616423574105,0.443505143624872,0.303742210141626,0.264692109966659,0.271491410030789,-0.0412817406437726,-0.098258228919777,0.12882676161935,0.279716810819373,0.260176548134593,0.284968918766942,0.294082558998094,0.326725189818726,0.159103486031764,0.264010488273833,0.215749357988873,-0.0681662892483227,-0.0198024140108792,0.156801614952687,0.262753653161855,0.180922281742542,0.537045640501392
"SW3407",1,142,1,45,2.97,1.79,1.41,6.17,0.194350000653643,0.485224345147039,0.452657311751902,0.320894008044096,0.277617198552175,0.295992526881624,-0.0332530202263919,-0.0994928188384862,0.15159132745035,0.305526808990016,0.267757001547668,0.301961428437216,0.309142584035227,0.330168300961469,0.181049700795461,0.279603125022312,0.230514628101003,-0.0659915688953576,-0.0160653182481079,0.186249491722316,0.292069606469728,0.188349730580662,0.555400779796196
"ALFABAR",1,143,1,46,3.29,1.46,1.17,5.93,0.163692908439279,0.478744297848464,0.447287379702352,0.304129566994037,0.258126208375459,0.278113545851492,-0.0542705931808719,-0.143620718786466,0.0802964577722105,0.261118332663042,0.234013530312863,0.283060749031702,0.291172831536484,0.339533620388148,0.131095747778885,0.251107527590512,0.20677774729451,-0.0817630977291284,-0.0798514406211601,0.120649847987317,0.259503540254287,0.193130623992518,0.550643913304652
"SW4107",1,144,1,47,3.03,1.69,1.22,5.94,0.16278720085233,0.480255885574808,0.464574148683278,0.31171206861172,0.254232900297121,0.276935934277455,-0.0489372175571987,-0.125206313120184,0.125785342317115,0.303150241828213,0.25414316420366,0.308905231378108,0.30294548436515,0.338754284200037,0.176646990423474,0.277470226575574,0.215060675699264,-0.076764600686978,-0.0522045683870566,0.160103059752521,0.275421562184512,0.202332662564184,0.561826808891184
"NY0651",1,145,1,48,2.88,1.63,1.13,5.64,0.138254265718392,0.481444711515433,0.481758783613299,0.313430950867447,0.244473544219222,0.273105243036935,-0.0596120827623256,-0.132765366784998,0.116309442999588,0.293800874652641,0.244269456342363,0.299540761986343,0.287570543039926,0.34363915108828,0.162452117940729,0.255794692396636,0.200758941465341,-0.0748148032849509,-0.0784666402769868,0.123464679150576,0.255627074294493,0.206374600933155,0.55644951775733
"SW4412Y",1,146,1,49,3.04,2.04,1.43,6.51,0.146041225511294,0.475559105227329,0.487477784829272,0.313205797356526,0.241658634257274,0.295494891243384,-0.0464651186489514,-0.110937068639932,0.145695029427573,0.327706408313888,0.26233435756261,0.315415748810848,0.301158676838732,0.355683657282787,0.193937027730623,0.297450652383787,0.226701774717497,-0.0643355171875648,-0.0618106378372293,0.183045973808662,0.293386127963049,0.227289561593232,0.575568325027885
"SW4602Z",1,147,1,50,2.62,1.65,1.31,5.58,0.172212876696814,0.484356253621502,0.500263660863238,0.313258515890607,0.253701897673058,0.294861075134891,-0.0552376103208711,-0.128487164964679,0.103085468398987,0.310968106067309,0.249285251315543,0.313409191487266,0.294558753151475,0.342256434630454,0.179805498261653,0.299649165551729,0.225917910641225,-0.0698913884623672,-0.0910908913753055,0.159068107552003,0.281571385460347,0.217591568236154,0.57484024111265
"REGEN",1,148,1,51,2.86,1.8,1.37,6.03,0.19003449727703,0.480456153430221,0.491053392526862,0.301295013231297,0.236315314531828,0.301479323075471,-0.0497857431220512,-0.134259726296445,0.0849338125762626,0.306449161254532,0.225659270841065,0.296641578209177,0.281884808415671,0.361415277837957,0.139207637671177,0.270607830369262,0.194132380958425,-0.0544257612245785,-0.099739545936003,0.142689321077459,0.275956053779459,0.219556844637923,0.582956250708432
"SW5606",2,213,2,16,2.58,2.04,1.19,5.81,0.191151036223915,0.2934506215444,0.31365806032474,0.258269707544606,0.270263045008112,0.275930870752446,0.00447969484047505,-0.0144712519359683,0.125929500361089,0.23879326305127,0.257884773615467,0.242092482846982,0.292535684576157,0.301979107915498,0.170821562612169,0.235754973274283,0.209285622306326,-0.0477727768715907,-0.0209890093112857,0.193913782498434,0.261837229267276,0.184293943680684,0.530628041155034
"ONEIDA_VR",2,214,2,17,2.55,1.57,0.82,4.94,0.146353480060706,0.243085334363387,0.266774268608933,0.214677992963475,0.232123848920296,0.236549814613544,-0.0216438508342917,-0.0598810694225472,0.0259607980017435,0.156340261673818,0.207736936865447,0.187332077211894,0.246073533653445,0.268978700650741,0.0894479846959716,0.176326510538059,0.161766288542532,-0.0493081456304816,-0.062284505469775,0.115651940651307,0.201005687827778,0.170509008285248,0.524354916191774
"LANDER",2,215,2,18,2.48,1.59,1,5.06,0.154601852904993,0.251053041454579,0.274863426505015,0.213555759565453,0.232232578908065,0.224692369025719,-0.00944169475272326,-0.0505056988496796,0.0498383436461071,0.172327993992751,0.213802044648516,0.191542179840839,0.24009015013971,0.232858194975842,0.099512020534623,0.175649366523328,0.160616101463268,-0.0609143182956548,-0.0531040844619824,0.136161723680016,0.202374986463223,0.15445837151613,0.510472561771053
"WL_358LH",2,216,2,19,2.26,1.57,1.02,4.84,0.178869049316596,0.270753380880155,0.28737841447953,0.23496156707689,0.254519750106359,0.234677936705412,-0.00935035329368295,-0.0491568283190571,0.0727755702879657,0.199117708973066,0.233512409924742,0.216927974863718,0.26231852761481,0.222011100757126,0.128619124261799,0.212291030872578,0.190143982227719,-0.0517611794025027,-0.0243006210579567,0.167606433155893,0.222321300501071,0.169480717916911,0.521267764486063
"SW4412Y",2,217,2,20,2.61,1.9,1.17,5.68,0.188641960377763,0.272103248173166,0.291235122016213,0.238324244310083,0.252596903645765,0.231009131212015,-0.0155100215097391,-0.056336560422803,0.0978054927891121,0.211562635981528,0.235413187545788,0.231849458201267,0.274083795999686,0.231847780123437,0.131780525449741,0.232056229197004,0.199251632349934,-0.0633560464851754,-0.0481200093444851,0.174120722619233,0.242838870695293,0.179933479650567,0.526519556749333
"GUARDSMAN_II",2,218,2,21,2.71,1.84,1.14,5.68,0.176060082698674,0.24559493083955,0.28164871798644,0.229374164901139,0.241851262901266,0.201417829211493,-0.0170018777808536,-0.0620249244985169,0.0730837451797528,0.185637111456964,0.214788586133628,0.205901195550768,0.245477739127266,0.225716557853539,0.0960964359160695,0.204683890517959,0.181176673963275,-0.062796691911461,-0.0609592650769057,0.144384067103303,0.213042369794971,0.17209484172306,0.514097291434767
"SW315_LH",2,219,2,22,2.52,1.56,0.96,5.04,0.184105908090941,0.247934554258922,0.301700391826557,0.240117000965306,0.25433892604884,0.211090643624561,-0.0142771917288207,-0.0673730171203814,0.0360608683344926,0.154703069334267,0.202737799109808,0.202918194300988,0.240297924844454,0.250192240135122,0.0617427729279542,0.187842357814967,0.16416931498115,-0.0595184321527335,-0.0671113943790666,0.111202474927322,0.170132416147095,0.14598417562529,0.486860309546069
"SEEDWAY_9558",2,220,2,23,2.46,1.57,0.86,4.89,0.158774756688804,0.216489132308714,0.269669970640063,0.222363079636093,0.238168748725775,0.182695143296258,-0.0149925371749622,-0.0679072335218801,0.0640945310812647,0.166606260630871,0.204657104196961,0.207378273543307,0.235169144940728,0.255088667127601,0.0750026158778084,0.180481003194,0.149931755405043,-0.0567950450462543,-0.0562035472700655,0.150733761570625,0.184635767157735,0.159455080385291,0.505349742667339
"LIGHTNING_BOLT",2,221,2,24,2.43,1.77,1.07,5.27,0.168262893204819,0.234730108489863,0.281032074742503,0.225457345148907,0.240869380404099,0.180661655364993,-0.00714062705718799,-0.043925526584912,0.107696638695331,0.202629588793757,0.217764117797734,0.220528980160561,0.246513456937213,0.249681462569228,0.103160178370372,0.208607802138844,0.171340546720246,-0.0620191328268094,-0.0386710978381242,0.18981747931579,0.212739079696595,0.170475868312624,0.503710754495578
"PERSIST_III",2,222,2,25,2.49,1.51,0.96,4.97,0.169528405561355,0.24609552362533,0.287743499219498,0.240038652912581,0.251926065495942,0.191309707513319,-0.0102067247305509,-0.0473865878440504,0.0706733091968929,0.176173278596306,0.210857530036387,0.219192111679688,0.241611244862727,0.26042596968373,0.0928293650484639,0.198936040581622,0.159330706621723,-0.0603403323515823,-0.0494139344489676,0.161959909793531,0.215135963547998,0.172799642784416,0.511991001250854
"EZRA",2,223,2,26,2.81,1.59,0.96,5.36,0.171382881334538,0.262344754177943,0.294306060146266,0.238195168419199,0.251162811172251,0.187328111943972,-0.00526558149199316,-0.0425512434229059,0.0747150737916276,0.179625041992617,0.215609485223419,0.223651366989536,0.249275372050453,0.267266878727687,0.101636656539846,0.205412997536438,0.158494082212544,-0.0495192940239714,-0.0544257510859574,0.140108363995991,0.201272725162711,0.168595352791169,0.510710564182403
"AMERISTAND_427_TQ",2,224,2,27,2.53,1.67,1.04,5.25,0.175853938688999,0.276411869972833,0.297373840214603,0.24886005752214,0.260902878255761,0.21469835725757,0.00978935289733859,-0.0170141698511961,0.137797459355626,0.231293353892443,0.239310972285604,0.244670941244832,0.268178914129173,0.261125263121189,0.147910435133456,0.244422762597366,0.18365065256406,-0.0532328624522686,-0.0295067612968348,0.180971018769302,0.236119485953264,0.175420116643993,0.511651113288912
"REGEN",2,225,2,28,2.67,1.59,1.01,5.27,0.172468375121594,0.279801044325214,0.29557720471995,0.24675872173109,0.258391324388112,0.214523304973575,-0.00376727029903942,-0.0357252821900655,0.0831954412878324,0.192858322150466,0.22451406791654,0.226544452065078,0.251223111729345,0.277806830843073,0.10581033508844,0.211320663974706,0.164321432429945,-0.0577269969494628,-0.0599643445634242,0.133531207305361,0.199735342715612,0.16349131335131,0.504955126759757
"REBOUND_6XT",2,226,2,29,2.05,1.47,1.07,4.59,0.185690009237442,0.278292968528119,0.292935530657679,0.245190245184193,0.258235238823232,0.222432716527232,0.0145289655626343,0.00967041761908233,0.160168074932434,0.244351167119352,0.25201784171821,0.257308155612915,0.280289407647066,0.283715089134962,0.173404925496714,0.242237373150136,0.189430042458792,-0.0455336097335605,0.00127802211687541,0.208767171597632,0.244171359103114,0.167917499902958,0.516181801193439
"SW4107",2,227,2,30,2.5,1.8,1.11,5.42,0.168852271753623,0.277304557681202,0.29708919001688,0.251489721066219,0.2658947140751,0.235523347280063,0.000678024160217389,-0.00790380533858451,0.147641659737437,0.235493799838981,0.249938158416514,0.250790759745586,0.277433540813265,0.27952795534715,0.162522349982285,0.237767670599892,0.188126434449691,-0.0313399213996511,-0.0143896268774657,0.194872028588582,0.235924392810177,0.161604504442104,0.518022081235946
"FSG_421LH",2,228,2,31,2.04,1.44,0.93,4.41,0.190527572007507,0.296115875581979,0.314078288822653,0.261028733556565,0.278686369672332,0.258844601027408,-0.0113359742349038,-0.0292303481418445,0.0753754333702545,0.198496593583136,0.239681035628101,0.239358301093461,0.281075971750458,0.295278932535697,0.1162469065414,0.207924115882041,0.175764422357047,-0.0306885662887083,-0.0411091140104386,0.133664060980362,0.193118339588508,0.154425488765076,0.509187321435059
"55V50",2,229,2,32,2.68,1.69,1.03,5.41,0.188419843210632,0.289662594779307,0.305725014163467,0.256178970770895,0.264672116899401,0.234815153188104,-0.0162482568150807,-0.0256278093334296,0.119188539870227,0.214596622036318,0.238388248716999,0.23817037785309,0.261468576642784,0.267153744193726,0.129490305037822,0.202737981543277,0.171450578481695,-0.0167034583771703,-0.0219542643783509,0.170100209367735,0.222893853909636,0.154253679357381,0.509344190589085
"ONEIDA_ULTRA",2,230,2,33,2.37,1.4,0.96,4.73,0.16633325917281,0.264561682141534,0.281596447248944,0.234767353235358,0.241708432668598,0.212321317602397,-0.00735526115081879,-0.0334325038601158,0.0830126565816457,0.185065109355628,0.213427433679161,0.213137617956808,0.234355114080522,0.268109224063992,0.102268613604234,0.173929141702966,0.142073398188773,-0.0312044240145561,-0.0481662554958773,0.130191517937457,0.189538439265933,0.136215200856052,0.503536720876751
"N-R-GEE",2,231,2,34,2.55,1.57,1.05,5.18,0.169203840501564,0.270191245313043,0.2862129628129,0.248077334650725,0.256818151734161,0.227396007844644,-0.0166488429363318,-0.052332798877981,0.100759779424987,0.197703065676272,0.222754332476721,0.226945580889953,0.248003327252408,0.281960081165583,0.126553531646879,0.190869667340426,0.160472068800579,-0.0314640667041642,-0.0479789276382807,0.157353337342132,0.205242640729435,0.14597019109872,0.507406970535599
"FSG_415BR",2,232,2,35,2.87,1.68,1.04,5.59,0.177041785832593,0.285380233538865,0.298159955273676,0.254677412761535,0.256981301294404,0.230912638322322,-0.0125081687312957,-0.0642557582941526,0.093624483365239,0.20161742035276,0.220256584164212,0.231188536789871,0.236577752327748,0.275638159129253,0.125585381890601,0.193568386293781,0.165022143873624,-0.0355800241654863,-0.0513777347516977,0.164182329251598,0.214392672661327,0.143753941811256,0.510722786237416
"NY2003",2,233,2,36,NA,1.18,0.74,NA,0.167421571647767,0.295248687874467,0.304753068563929,0.267905807112608,0.272090868002721,0.240737740136648,-0.0130745521671497,-0.0909195818242575,0.0462256042112675,0.154667683219718,0.215230191730502,0.234766774990121,0.228586688442238,0.292385813642752,0.0956666725135631,0.174516609151282,0.165012327821578,-0.00309353347530479,-0.0549168980027721,0.0928873553825913,0.142106993561884,0.116511317594811,0.476126857939971
"NY0651",2,234,2,37,NA,1.91,1.18,NA,0.176050413731505,0.29105510896655,0.300622806791389,0.263255947962418,0.263554909574577,0.228268231452119,-0.00874885395873019,-0.0803403837070277,0.116850673531816,0.210378282889621,0.227532657562188,0.236669968423508,0.208353574024492,0.268665316393177,0.139756296694978,0.197201889702741,0.163817196785323,-0.0335420626825887,-0.0663374606360295,0.166146704438217,0.212193514330182,0.145880117128569,0.506952082513138
"NY1517",2,235,2,38,2.54,1.4,1.05,4.99,0.176481807020492,0.301520373631648,0.305822326235924,0.258387331569515,0.256136925777957,0.228028683051455,-0.0133558227172748,-0.0915658771300795,0.0685666374008876,0.185429848428673,0.222670797261502,0.216633126938412,0.198540260405185,0.301069518116948,0.106023899060548,0.187346175981875,0.165930250436183,-0.0302850198317417,-0.0913193187728005,0.125671452100666,0.190567341317946,0.142300695650452,0.504668906140183
"SW3407",2,236,2,39,2.64,1.8,1.33,5.76,0.197411945019511,0.319833235086903,0.317196743450827,0.271744535123113,0.278458328390764,0.249330859748461,-0.00807561416082007,-0.0639468866275285,0.14772893561136,0.252658110649729,0.252798233092948,0.24794467490314,0.218983359360519,0.294537967383228,0.168381333471831,0.220817488568209,0.195250173636386,-0.0264289495935012,-0.0522746449152835,0.195863030797969,0.239685774613059,0.170645234868834,0.511610737876667
"ALFABAR",2,237,2,40,2.59,1.61,1.04,5.24,0.168795459076702,0.287532454278881,0.294433735287017,0.263874534930353,0.267608307419452,0.230001007289984,-0.0204351221450609,-0.0835176781210553,0.101190405571311,0.214722040354361,0.229851072096636,0.223763876199967,0.185866945628195,0.282885809984273,0.134226188968008,0.184457900479199,0.163362378288663,-0.0240951287338743,-0.0665309476312168,0.128656567256841,0.196781556859935,0.168744439342323,0.497270504452029
"SW5210",2,238,2,41,2.74,1.82,1.1,5.66,0.209087319264698,0.32135917011653,0.318920366018619,0.281431608092282,0.283284565800642,0.253771604411236,-0.0235183007626707,-0.0795053895648892,0.136994339653217,0.253212091662456,0.255573113457484,0.247092660044235,0.220685096193435,0.294359139205414,0.158482298199735,0.219245696010524,0.191931083616039,-0.023481809790758,-0.0424094142995843,0.161745892541176,0.22106608293082,0.183625737232284,0.506061741098055
"SEEDWAY_9558_SBR",2,239,2,42,2.66,1.61,1.07,5.34,0.18011529232527,0.304417929614889,0.305440777476707,0.264989875477174,0.259799781861508,0.21781702170894,-0.0344561740833918,-0.0931490807528338,0.101021768888703,0.223055475006089,0.236884677108996,0.221587133491995,0.209331533078778,0.293910879018935,0.128309993652039,0.195106228218702,0.169787972021707,-0.0399144594612002,-0.0791042662532716,0.122910944870135,0.196910746294382,0.184150140989753,0.501048205052264
"WL_349HQ",2,240,2,43,2.66,2.01,1.32,5.99,0.186340241986964,0.309153918078467,0.312444236091098,0.265353904115505,0.266523027971211,0.21836488027134,-0.0233858592597689,-0.0542128381599974,0.184039771714674,0.269302948217068,0.258895882322015,0.245544901127852,0.216757569280474,0.276209306733433,0.184178111207744,0.228184652466111,0.186388682416972,-0.0390583343124548,-0.0272456346014281,0.168431478812882,0.228946188657424,0.200333690153165,0.508442762518178
"ALGONQUIN",2,241,2,44,2.59,1.38,0.78,4.75,0.191703669754544,0.317347062897214,0.322156645681422,0.261431336736807,0.266750447636323,0.230097911686575,-0.0724625348839265,-0.127396722967875,0.0770040409060337,0.193397282682367,0.220110670540162,0.210241066193488,0.223527416125414,0.299945910469955,0.104115395783615,0.175076790516568,0.155676180762588,-0.0383988198092685,-0.0600689381976701,0.0739017021822478,0.141960879696511,0.160484819268217,0.480178957733742
"PLUSS_III",2,242,2,45,2.53,1.83,1.05,5.4,0.196217160606048,0.306523444420052,0.31103040815727,0.270538162386342,0.272613539843667,0.241315995356843,-0.0735071772383206,-0.110408171301415,0.150995789499912,0.250893142411982,0.250311822684124,0.247446718358949,0.26050218580805,0.300870942415343,0.156306329696042,0.229222703814109,0.183973924135469,-0.0350816115355659,-0.0278170124203228,0.163578762056381,0.219111119061101,0.204327109085847,0.514891919518911
"SW4602Z",2,243,2,46,2.43,1.75,1.18,5.36,0.206985564039584,0.317592335340961,0.332465384760264,0.27423540566673,0.282068199827278,0.243405292678989,-0.0826760730083902,-0.134793132882641,0.107783302993741,0.233326287474795,0.246592025493664,0.245302758654051,0.268374551917362,0.303713943396986,0.139877169952952,0.24403648737255,0.187350353845752,-0.054195245246894,-0.0628928383594285,0.125162710976063,0.203513904271087,0.200700204005392,0.512724857883646
"NY0465",2,244,2,47,3.07,1.89,1.18,6.14,0.186346747245028,0.305053133586658,0.325322622807663,0.263626512975366,0.263510951744067,0.212454301762836,-0.114325653779476,-0.163326332522172,0.0791350226367727,0.203415894491012,0.220958833659715,0.218054633810402,0.236985743267756,0.271343032499942,0.0966736776744862,0.218960115985309,0.154426380915004,-0.0472786670969292,-0.0642210945080134,0.100805519297176,0.213574168374361,0.208216156789801,0.522522985785717
"VERNAL",2,245,2,48,3.35,1.63,0.91,5.89,0.178784770672886,0.276922223186871,0.302917967951549,0.246239986352209,0.251806379902742,0.20279264838202,-0.145865740500901,-0.190366284962415,0.0456600904947183,0.17335138409291,0.193424969291994,0.200342359770636,0.207696728745851,0.281495805867901,0.0758441962514778,0.1851480772927,0.13883185548058,-0.0643711485048681,-0.0950980721354357,0.0407524232837741,0.166785661965303,0.168037213935778,0.506147992564865
"NY1615",2,246,2,49,3.65,2.07,1.38,7.1,0.201484761502764,0.293387391956939,0.320282408845653,0.264057266619764,0.267306306611382,0.202081610941498,-0.151109944048723,-0.181330939331227,0.0817743862157275,0.222342977575711,0.212349727076141,0.236047944016067,0.256179028168794,0.301615348283061,0.119828238887634,0.240498821451435,0.181511902451174,-0.0594501795895793,-0.0860124216794331,0.107189866710146,0.234302024113919,0.212142412518261,0.540154419369067
"NY1614",2,247,2,50,3.42,1.88,1.23,6.53,0.199559293812445,0.284882765689675,0.318449457969516,0.256886897022204,0.25119038427771,0.209474199238078,-0.160150739741896,-0.192880441683474,0.0523553648952158,0.215741308785316,0.200853117901858,0.239742419299173,0.243562281484495,0.297748363501984,0.110419808722085,0.222202943306704,0.167149318055891,-0.067231347639633,-0.113149640026833,0.0898001097197761,0.236598428504169,0.216289970537643,0.553215026040776
"HI-GEST_360",2,248,2,51,3.18,1.89,1.19,6.27,0.222080735444678,0.2909135209772,0.330251241917944,0.27870671360925,0.275969372515749,0.259887342839596,-0.154609823045562,-0.174836992716497,0.10845112407521,0.273384562446044,0.219234217139557,0.27773314460556,0.273224953214348,0.344799561357303,0.146125965689778,0.258742381507845,0.200535903591487,-0.0613521803204703,-0.0886115610033569,0.164125165209852,0.282429966488178,0.235801001472727,0.567413825856327
"VERNAL",3,313,3,16,2.42,1.52,0.95,4.89,0.117733452045658,0.254580381860525,0.287532910036713,0.230823373253484,0.22652278792887,0.221070551713566,-0.0396083682618399,-0.0925376803849325,0.00999102278077655,0.119353025221664,0.178009098149969,0.190810570143543,0.157035970615757,0.31156729025562,0.0756158282179696,0.135660339582049,0.155405820276904,0.00438076341831856,-0.0561582774021726,0.0804120700351221,0.140785975001061,0.134956964002689,0.503315562150547
"ALGONQUIN",3,314,3,17,2.56,1.68,0.77,5.01,0.136711382441406,0.269412801420048,0.294081357803634,0.250122024490276,0.243725808313363,0.238208395007798,-0.040563569377087,-0.0889215107853234,0.0177372414977197,0.143282140899164,0.190039042586849,0.200517050270253,0.180017566010135,0.315202135959536,0.0654166411845723,0.124276338552099,0.157619425326165,0.00269214300186157,-0.0471721533415178,0.0767684545808279,0.138696996242456,0.139891837620083,0.510915761355436
"REGEN",3,315,3,18,2.76,1.94,1.32,6.01,0.138577423039405,0.273254256114709,0.294169614593006,0.257793524284712,0.244845175055651,0.237281965719298,-0.035508044894748,-0.0850604393787449,0.0361704238201771,0.162429721945301,0.204128446566231,0.216870347515521,0.206571137478386,0.320003302149607,0.086532672796937,0.129304561270628,0.167785487085357,-0.0270098488437169,-0.0577596121051608,0.129769797556948,0.197986344560858,0.16978845951468,0.5370280973689
"WL_349HQ",3,316,3,19,2.46,1.84,1.27,5.58,0.149304071851307,0.266008467050462,0.291278452813577,0.257121384172205,0.244969470663847,0.249996136262335,-0.00894576512405218,-0.0392521111358729,0.118454767141968,0.221391084319053,0.230441339168659,0.246190855561258,0.212323913148595,0.315334140098531,0.148029118655922,0.118648092046621,0.185007962365981,-0.0246579599588988,-0.0169373997215307,0.182024104200535,0.236611715700583,0.184228886389419,0.543180665900844
"WL_349HQ",3,317,3,20,2.33,1.77,1.19,5.29,0.149693707014916,0.25765520953076,0.285035337795887,0.249149022328722,0.247128047697427,0.251806111604431,0.00212732130625489,-0.033793617559741,0.127555760351258,0.220230036099239,0.233735763963238,0.247991349812017,0.195752755354869,0.299464513951829,0.150006064445588,0.0827216079944651,0.180682194610377,-0.0345204550626967,-0.0169738288371421,0.186190241595605,0.228085076769385,0.177432200634681,0.540673860590773
"SW3407",3,318,3,21,2.42,1.92,1.38,5.71,0.187228980505605,0.288982155354972,0.303989480876517,0.273041785816565,0.264419648526239,0.263814899382035,-0.00551576067850419,-0.0485497892754349,0.112388127267668,0.218833449812338,0.241582867443564,0.25563754383115,0.219984972049963,0.316400477296499,0.150089899480697,0.108391192456341,0.190570530861512,-0.0255208926057819,-0.016278097145525,0.199081141610588,0.243987436974069,0.187884002886936,0.548466596189036
"N-R-GEE",3,319,3,22,2.38,1.7,1.2,5.28,0.171119466102844,0.258461914929426,0.28219764106033,0.248424152648253,0.235419933799082,0.23768482130017,-0.0267999495794043,-0.0778349730328222,0.0511815734013729,0.163936990126041,0.210239750980708,0.221068122792444,0.186833669341925,0.289828380840167,0.119653935773827,0.130696546501902,0.149486981693715,-0.0197815866002254,-0.0510434589110214,0.148727354284164,0.200739460229686,0.167335299676555,0.53168537212467
"NY0651",3,320,3,23,2.39,1.79,1.25,5.43,0.182216511260062,0.262176276808595,0.287112677270738,0.245619797277353,0.228691810921186,0.246944555876743,-0.0238894755104018,-0.0740983031315836,0.0436330060532535,0.157899554627407,0.20116022129605,0.213585245383116,0.191039488170655,0.30791572063197,0.100019415724938,0.163774963126684,0.13078981773185,-0.0333185981298484,-0.0566049801392687,0.141102776627855,0.19701756993927,0.165866250694671,0.529573892149766
"SW4107",3,321,3,24,2.35,1.77,1.24,5.36,0.189523731793867,0.265436498538998,0.29999732848151,0.247593586848586,0.231402998832518,0.252013990615066,-0.00810422393318927,-0.0563909968919153,0.0972403822422589,0.183958018005961,0.211481994865537,0.225981223629874,0.195078893702661,0.284098676727826,0.123766507801176,0.224558977313936,0.146773151592752,-0.022734557865578,-0.0338384314967772,0.165282363219366,0.212876862841263,0.159989441208731,0.538233402757417
"HI-GEST_360",3,322,3,25,2.22,1.53,1.01,4.75,0.187817479521673,0.251649314550805,0.290078821517146,0.239466960900298,0.23008409594821,0.249083162259674,-0.0188291784733632,-0.0671480097528171,0.0734217480514518,0.178822331700234,0.203365822399897,0.218608561751624,0.194935708623728,0.294801104870341,0.110974653822321,0.22396036240695,0.146918153224909,-0.0321830381989236,-0.0312885726296162,0.168559985800715,0.210961402436529,0.169485092369435,0.540618168473326
"LIGHTNING_BOLT",3,323,3,26,2.35,1.72,1.13,5.2,0.181166071721435,0.246168098392038,0.286459973743838,0.238610666571514,0.229900504407271,0.238807090430073,-0.0128507975574603,-0.0575753324548366,0.0858926844215909,0.181329154460244,0.209538172830923,0.21942564473502,0.202214951423647,0.28087336482248,0.110302555872066,0.228186146707001,0.169901052339904,-0.0148331680455052,-0.0307936838213621,0.156694787256457,0.20884224318357,0.16339695868117,0.534423035685187
"WL_358LH",3,324,3,27,2.16,1.52,1.02,4.7,0.194222499623817,0.271182994992027,0.301356098624906,0.254974741349739,0.247952101118641,0.244991024664985,-0.0101489642181919,-0.0539342806895194,0.0771300801453029,0.18908578033101,0.220093765103552,0.232574994343491,0.222355462993828,0.29019620730807,0.119324124329552,0.235089147272334,0.195620280129685,-0.00051454460264353,-0.00459418963438385,0.162140048905024,0.20286900936392,0.1623830112621,0.531452539867564
"SW4602Z",3,325,3,28,2.27,1.58,1.1,4.95,0.202001935471065,0.275314902778388,0.311943845171901,0.261719127910127,0.252340706960917,0.243483884974408,-0.014246582981519,-0.0603949393962812,0.0621410018545769,0.191084572519949,0.219608534453142,0.233238794633151,0.234710509256755,0.294544782583387,0.108875712132065,0.236130960222373,0.200660110334855,0.00296649677487339,-0.0395161365756207,0.142240180196256,0.195174224940756,0.161142701696136,0.536271093610039
"SEEDWAY_9558_SBR",3,326,3,29,2.57,1.54,1.16,5.26,0.188686080427365,0.25889973394474,0.285540021172766,0.240945291128965,0.230713573064621,0.218796246230618,-0.0289035019455509,-0.0727072179416693,0.0417406942963955,0.169202892041664,0.20455128996616,0.216094033034,0.230085529851217,0.304514007960324,0.0858940707320372,0.221450290748277,0.184330620716195,-0.00347679230781176,-0.0551863855052281,0.138502574050828,0.192439786564561,0.158685610024122,0.530590432398006
"PERSIST_III",3,327,3,30,2.59,1.55,0.97,5.12,0.192411965537369,0.259175380702589,0.302166112254814,0.244759677305556,0.23818217515578,0.229175890036869,-0.0122991714517113,-0.0494022139938042,0.0637889703036589,0.183854138769278,0.211896877682752,0.226976325601087,0.23298305769605,0.296038668871838,0.100961293248664,0.233652402526418,0.186664479052404,0.00188769132069741,-0.0319442922345638,0.151600735203322,0.205306945528567,0.167905925065724,0.533301771192829
"LANDER",3,328,3,31,2.59,1.69,1.02,5.3,0.169024854985542,0.246525631310598,0.283730332054338,0.229246981696374,0.232614364432896,0.202045606664893,-0.0139329244552127,-0.0579614684684329,0.0630763282406371,0.176213489288372,0.200072397449084,0.208846140683888,0.214808895127875,0.283064832772444,0.0914929210059873,0.218101112201399,0.169382532980778,0.00907841615593232,-0.0245023812801175,0.143595162444375,0.184786659109474,0.149467025849723,0.516034166446701
"SW315_LH",3,329,3,32,2.23,1.53,0.94,4.71,0.181863364426924,0.27460017262631,0.310668594015765,0.258969040115493,0.260017976495424,0.23563833865935,-0.00305000603028602,-0.0743753929462858,0.00425548242506969,0.144788446098043,0.201716436412294,0.214894252419527,0.232261394366657,0.310860541250475,0.0756929243172218,0.220271865533223,0.180522903787274,-0.00340602269786072,-0.053467884388787,0.104473922133624,0.160927339509283,0.155316770853124,0.517259589473778
"NY1614",3,330,3,33,2.67,1.93,1.17,5.77,0.167438459677154,0.250779140459478,0.273223450943805,0.235644033169445,0.242447833675356,0.210269990725819,-0.00271211305024442,-0.0878385385667493,0.0196120224870591,0.162778353418163,0.199541492309396,0.2138762169002,0.2299055665166,0.311392628017271,0.0891650469006979,0.226120353094494,0.178341542115195,-0.0110855108492382,-0.0568269029628709,0.136654957588793,0.190392224507732,0.175090433501249,0.539951963276011
"NY1615",3,331,3,34,2.78,1.85,1.11,5.74,0.18308444025233,0.270663393959384,0.291047684839633,0.233666880079467,0.240892309641554,0.215661637346119,0.000170659061880544,-0.0904472509211825,0.021311338873361,0.180900318887612,0.211201102682047,0.226511756273853,0.244178671057465,0.309083432835318,0.0998235164587083,0.236586427575794,0.187617784620894,-0.00456464693681577,-0.0470407622040001,0.152231168018927,0.206010296206435,0.179826174376532,0.538675031475205
"PLUSS_III",3,332,3,35,2.31,1.93,0.88,5.12,0.181270892678759,0.263666090037488,0.278390989587842,0.234467804398858,0.245602209362511,0.226895278362969,0.0124414997109834,-0.0645300462550426,0.0742742562989632,0.213084129809366,0.226144335162793,0.236596027451527,0.238498056206794,0.30074481800905,0.133927107494304,0.248181014868135,0.187298404177637,-0.0010408210101071,-0.0118272782787028,0.18756482523943,0.226901838118052,0.180788746253614,0.547225630038574
"NY0465",3,333,3,36,2.39,1.75,1.2,5.33,0.167837645762854,0.278814733946801,0.286356964111732,0.242482328662591,0.249205631453851,0.223984965433458,-0.00294977140098605,-0.0914151489244709,0.015836720382203,0.168115717852374,0.204451631170636,0.218031315752872,0.223610093035732,0.29173334721438,0.10280699801495,0.213169359870954,0.167937156213238,-0.0100471706829119,-0.0598967211810842,0.138647480333819,0.204841403274314,0.181254619021256,0.537570937497084
"ONEIDA_ULTRA",3,334,3,37,2.41,1.59,1.09,5.09,0.157601225187333,0.260516585207264,0.26985898295149,0.221173308861179,0.236182474439782,0.204656765579307,0.000457225353585923,-0.0803380204046731,0.0317862702559125,0.176848528008043,0.19815302773736,0.212936656496265,0.227580247915458,0.291269486281469,0.0967225241381257,0.202964154545117,0.165819509376847,-0.0218373251725386,-0.0499853446179813,0.145810354314046,0.197214223717506,0.171117233960276,0.533152778985114
"GUARDSMAN_II",3,335,3,38,2.5,1.7,1.14,5.34,0.15286031405071,0.259617749018912,0.267085698687723,0.224855921448161,0.24561687196179,0.208577959701479,-0.00595010734934769,-0.0790728515315242,0.0389786803871833,0.188501971539042,0.202421246178886,0.213360947280744,0.240501235222977,0.300185651384201,0.106474886466807,0.214439389770859,0.186985146213488,-0.0144551358489651,-0.037064229639445,0.164155684048311,0.216060685767741,0.189520631216339,0.543966480038692
"SW4412Y",3,336,3,39,2.59,1.89,1.12,5.6,0.176469092140731,0.286595468670286,0.282167845502852,0.234359060590708,0.256534952097892,0.220005345232248,-0.00401957784338989,-0.0625558893558323,0.0901690080134234,0.224604482434624,0.227775444395984,0.2372680877566,0.266243792444987,0.300635735107534,0.146186710695615,0.23844695698671,0.214860668813732,-0.0127856187585212,-0.0384299361565598,0.18997399452547,0.237420131386088,0.194405910133136,0.55582705202283
"AMERISTAND_427_TQ",3,337,3,40,2.45,1.72,1.06,5.23,0.1687380585876,0.276577679955753,0.290905913903817,0.236548921691604,0.248737147148407,0.204889509051589,-0.0139044270482135,-0.0581781210093168,0.107146485161445,0.223598475565326,0.227013347096028,0.222622581907246,0.242971975515919,0.284966135480834,0.159746916327099,0.23697183828508,0.206549646528792,-0.035917082359594,-0.0564048612984534,0.186794032627387,0.230856474933631,0.191218905196115,0.541392644352425
"ONEIDA_VR",3,338,3,41,2.65,1.66,0.93,5.24,0.142262949193748,0.247852653549165,0.260452421263429,0.231876698448907,0.223469418988309,0.191836485953878,-0.042181407962033,-0.0999617233865607,0.0103060193820192,0.159898880982014,0.179646130216599,0.172016654388272,0.215650731593055,0.275819356988743,0.0900504433038304,0.196500392969893,0.18082582475511,-0.0311871159585244,-0.0802999764589045,0.129132142897453,0.186972551696048,0.18817695643004,0.541479283054919
"SEEDWAY_9558",3,339,3,42,2.45,1.58,0.97,5.01,0.152403400068367,0.256467878030699,0.267051002135072,0.248003676291106,0.227263196380735,0.204796219650063,-0.0448874592185549,-0.0978387397111389,0.0188934208227696,0.170858271029546,0.193956626987258,0.187806856579638,0.233899693285047,0.305176224987312,0.0985999447159993,0.207987240374329,0.195382727277631,-0.0568519522340269,-0.0863076477464223,0.125949827685617,0.195809031673884,0.198277579098946,0.540126310993683
"SW5606",3,340,3,43,2.8,2.01,1.33,6.13,0.207801980439389,0.303654227744515,0.31036282476969,0.281988008941129,0.258565294051692,0.227267298036255,-0.0191695264843818,-0.046318537994813,0.137120356071665,0.251879303821748,0.249998427427571,0.245143287599944,0.275809091729711,0.322068138589679,0.178161513130506,0.274580297423221,0.250191541350346,-0.0572134943388176,-0.0371805872585987,0.209021117594507,0.256633762347785,0.219397567565377,0.549247043114406
"55V50",3,341,3,44,2.91,1.65,1.21,5.77,0.2028530852332,0.299326239416302,0.309954959201401,0.27625761902211,0.26173663830196,0.223353344698744,-0.0444128008175543,-0.0926288988124716,0.0957595775544704,0.218683489576612,0.237579484719929,0.227959241131818,0.25215592052796,0.318879997348735,0.145422067884523,0.253968908795249,0.232837501640825,-0.0637303116741075,-0.0619513595135842,0.180182525792288,0.243986605790195,0.219133839565899,0.547574635263375
"EZRA",3,342,3,45,2.93,1.53,1.23,5.69,0.20197456091146,0.290518158669411,0.295633300774163,0.26762829216271,0.251522312407417,0.231657667223385,-0.0665308776326428,-0.139608260062415,0.0504880261134816,0.18860399757125,0.220561331377553,0.200501529610821,0.24109596310701,0.311409647608755,0.110150647978224,0.223886680515297,0.207468193649727,-0.0695325011665234,-0.0835857439745806,0.143905798175932,0.228063927395937,0.224270302151917,0.553535891043986
"FSG_415BR",3,343,3,46,2.8,1.62,1.33,5.76,0.201454651187753,0.28396226190532,0.293796525145508,0.270578491449925,0.244698302756625,0.238061971303467,-0.0727029733119591,-0.158071822350084,0.0789785807631304,0.19409222361365,0.219962676409333,0.199563066226349,0.23983671327078,0.318448191263507,0.130782411555659,0.235536481021662,0.212897057583434,-0.0824020532828996,-0.0842524242294804,0.148122400326826,0.233960359225732,0.219417769760485,0.542880284984923
"FSG_421LH",3,344,3,47,2.83,1.82,1.38,6.03,0.22798102741746,0.311239686881665,0.32331728376998,0.289227854176785,0.276667067490745,0.269578152950535,-0.102664489251642,-0.187283406441806,0.057045431393176,0.205754829021518,0.238287109617337,0.204685910858373,0.26185463908206,0.329082749407702,0.145840236860396,0.255270002221614,0.236344242422852,-0.0700618822834885,-0.0816440651067783,0.127839301124074,0.220481435590958,0.233216373271805,0.541370247803271
"NY2003",3,345,3,48,2.99,1.44,1.1,5.53,0.201939659957471,0.295220435510363,0.317014710895426,0.279207267945338,0.270293356463078,0.236506663982813,-0.168902179248545,-0.234427720517501,0.00914089218023913,0.163417144454536,0.213552810045502,0.178756184581396,0.245148687625338,0.324572605054819,0.0899438466872934,0.222389628005763,0.216993036484235,-0.0848893810971203,-0.0966237234844265,0.0653896248894144,0.174704960496597,0.228624639081468,0.51232809634503
"ALFABAR",3,346,3,49,3.3,1.89,1.19,6.39,0.203276167660357,0.254670784449298,0.276852822847682,0.255800081874469,0.255554904657524,0.233810274038192,-0.179818878281068,-0.221686788144086,0.0593049597843131,0.200811795158018,0.199118717038325,0.173994328720523,0.222185078373171,0.290344698540813,0.101393021010391,0.224348901480158,0.203353313140276,-0.0907799306719305,-0.0856025341841827,0.126078451599047,0.210010966689703,0.231155082258359,0.524742563366835
"NY1517",3,347,3,50,2.87,1.44,1.17,5.48,0.22165313438126,0.27930661150059,0.296936864284511,0.267575250995774,0.258134634308945,0.242772792436092,-0.18690173132038,-0.22439543953276,0.0244842138060421,0.203443995039746,0.206246574321471,0.183955775684766,0.24893353628136,0.310097813805693,0.0768048870470201,0.214810413532674,0.199716099621971,-0.101171614714834,-0.117362677185517,0.0883379423232002,0.191707922656974,0.243500507880397,0.543308195120537
"SW5210",3,348,3,51,2.82,1.92,1.34,6.08,0.242088729617909,0.286609725398993,0.306033334094818,0.266063624010906,0.264738514305355,0.249347665075736,-0.170788352983286,-0.197017361155611,0.0992776468640274,0.272637739672259,0.236635309447784,0.220013746537891,0.284599333426609,0.29318593483598,0.147346346297517,0.253299837323055,0.237085708447539,-0.0863552936437361,-0.086649819881238,0.163400704361469,0.244027919031618,0.266878595361739,0.572736915081973
"FSG_415BR",4,413,4,16,2.78,1.67,1.1,5.54,0.198746148845596,0.258059516501924,0.286837472787672,0.215645149796259,0.260294976501511,0.197030981162087,-0.0652755432088444,-0.143469809641512,0.0385602256016507,0.217185607814446,0.22596966382703,0.213290459420181,0.218551478574706,0.327119807249007,0.127691175310905,0.245821509680763,0.210906616085656,-0.0195641666393169,-0.0604151019592533,0.1567445310505,0.240889509078943,0.133496459035804,0.527718906061941
"ONEIDA_ULTRA",4,414,4,17,2.52,1.49,0.98,4.99,0.187166800122586,0.252550294728776,0.277557612518598,0.210411260062255,0.252371704297935,0.214029335840158,-0.0756895745321721,-0.155310150710345,-0.00387158932409934,0.18903703371119,0.211980211404272,0.200454536202985,0.228415572675077,0.332789575488773,0.100663336346682,0.225760051667563,0.194572651317876,-0.0255322905647492,-0.0786331643874325,0.121995473822735,0.212623995032647,0.132063568634067,0.520584692894196
"SW3407",4,415,4,18,2.6,1.79,1.13,5.51,0.216220375368992,0.279984318630302,0.291757013333622,0.247247790999884,0.282868454893433,0.241688768280498,-0.055541041087294,-0.114403081912777,0.0807103014815927,0.247483289760795,0.245740866971113,0.237255313962394,0.25432983524769,0.348416827943323,0.154368148485238,0.259091055148696,0.230174933213387,-0.00572714331697826,-0.00958015548924576,0.200466805567128,0.262486820078254,0.145741960948248,0.534358894251487
"PERSIST_III",4,416,4,19,2.53,1.55,1.05,5.13,0.20608178555414,0.259590497839234,0.275525384436794,0.242417197340629,0.278123238697611,0.218708526809314,-0.0677517053912623,-0.136816368556396,0.0360819605213832,0.212340158102833,0.221497033174678,0.218960028457875,0.237324385720371,0.351148735641949,0.12885135413705,0.241150516665985,0.213785336698482,-0.0253696394413591,-0.0466489531555093,0.163967574995272,0.252058043141779,0.160289455634828,0.53253716033236
"SW5210",4,417,4,20,2.7,1.67,1.07,5.45,0.226342298485906,0.282740872091049,0.292987161721545,0.25575825978471,0.287651975225642,0.245896513592159,-0.0614548671637192,-0.127769230772497,0.0640191912341391,0.236634075557458,0.247395340502424,0.242924124224765,0.257884185947821,0.350268418585051,0.152223159422894,0.260061290742469,0.240019132649962,-0.0211833384161922,-0.0225407503062795,0.188578403826374,0.262252596650396,0.171815504194982,0.541693563240881
"SW4602Z",4,418,4,21,2.48,1.75,1.36,5.58,0.18633951936784,0.281065787474591,0.289626897805223,0.251481597098253,0.280070505629709,0.235402885022315,-0.057842698503928,-0.132266780251204,0.0465046452968156,0.223299484881538,0.247135614664906,0.241922177905802,0.24129982873095,0.339194000830005,0.152239782066864,0.263018052188187,0.229039548361784,-0.0254653211929094,-0.037175720520063,0.167787969885372,0.253617736950763,0.175520381517939,0.546154445417777
"NY1614",4,419,4,22,2.74,1.54,1.05,5.33,0.118480096689299,0.258820580551167,0.267463245162856,0.23217261415211,0.250054861496676,0.212335197793788,-0.082454701234133,-0.157260543763645,0.00813284622835032,0.184155376118688,0.21802493937404,0.212005189161201,0.228432110341801,0.327784702793125,0.119197674028191,0.233388409344754,0.191030772474042,-0.0526823603390113,-0.0741047326002621,0.112267113894816,0.21493118943118,0.142720085557562,0.527497541313008
"AMERISTAND_427_TQ",4,420,4,23,2.61,1.81,1.19,5.61,0.120150860286224,0.260067048799949,0.269993966511589,0.233253968294389,0.250903377614761,0.224666999135264,-0.0577282362848256,-0.110410332955757,0.0804214789081269,0.234280201012047,0.236917172221497,0.224256423681813,0.225298715424759,0.327420348606744,0.154485843150498,0.252823129371158,0.196076821109242,-0.0472643751454504,-0.0274209089291792,0.17146332044496,0.255840507912552,0.158137353879448,0.543564840831705
"WL_358LH",4,421,4,24,2.16,1.51,1.02,4.68,0.147308987855346,0.268432323351505,0.28290576539912,0.240204967048435,0.263315629116272,0.243681886386719,-0.0639509151748891,-0.131241169241761,0.0437918602138623,0.209055727699866,0.22833132431763,0.220530248872474,0.228809155548537,0.337999829285826,0.136398543866366,0.245722717479734,0.201671090461157,-0.0269037170289143,-0.0214917811953027,0.14971143439089,0.224416606014509,0.148130408260224,0.520231949844078
"55V50",4,422,4,25,3.01,1.89,1.36,6.26,0.20861614325759,0.281097651306159,0.284960951853596,0.247053802033813,0.265709624972965,0.209890707622853,-0.068584192513789,-0.125546232166654,0.0583301845281649,0.226171456774381,0.23107781754776,0.232260434645299,0.21513316820253,0.316013364852095,0.129848524058108,0.245459636507948,0.202125017253308,-0.0392238598922809,-0.0359715408934594,0.161013730311019,0.255095883621229,0.174967322412149,0.540765861094383
"VERNAL",4,423,4,26,2.44,1.16,0.94,4.54,0.209699850047111,0.257080875769877,0.28288446998115,0.226333463681927,0.242644612444536,0.223311255476542,-0.0720681785256505,-0.148693736790481,-0.00375183979364085,0.159706302542796,0.183393914186536,0.185181234772168,0.185198951533151,0.319206673623741,0.0860392182010748,0.186465792612562,0.156861593101012,-0.0336365941967276,-0.0706310865588321,0.0608277347736552,0.175762697697482,0.142826459563482,0.510114149195705
"SEEDWAY_9558_SBR",4,424,4,27,2.64,1.64,1.07,5.35,0.236648415014341,0.273219001070701,0.285199866112502,0.241371672354775,0.259080937567947,0.221177833414922,-0.0701884037612772,-0.141963024164824,0.0237621440418329,0.201534214833265,0.208927738768144,0.203555453710279,0.218361872457035,0.325486545336952,0.112755393406715,0.220182946987167,0.186833100902774,-0.0277737970990975,-0.0501550725280748,0.122511382419946,0.227160635228988,0.17593122162998,0.524999868376007
"NY0651",4,425,4,28,2.63,1.85,1.2,5.68,0.242807026375668,0.280690435868648,0.295729538605268,0.242652230344545,0.255777948914831,0.224324564105199,-0.0557435870038896,-0.120289102370066,0.0539719973454357,0.21188891184305,0.218861686806762,0.205108169567702,0.201764777104184,0.317838906964002,0.137642911443728,0.224102145231682,0.194318137498308,-0.00670132788530011,-0.025599199041771,0.140571412846924,0.231572124968574,0.178414265387133,0.52770689029551
"NY2003",4,426,4,29,2.35,1.33,1,4.68,0.235544827239636,0.290980584596437,0.304042823198605,0.258428424661661,0.269611874781628,0.224500534985736,-0.0720193497703259,-0.145554320421895,0.00285948657345189,0.183805797163211,0.209695526076826,0.198930652672263,0.16331958717096,0.330686923005632,0.113836526053845,0.215935932075792,0.203276025645738,0.00338209370593773,-0.0467798653024923,0.0842786718178791,0.193182181133987,0.166218509018258,0.514221948229523
"NY0465",4,427,4,30,2.72,1.62,1.36,5.7,0.22897423036729,0.280545906235911,0.293885645749092,0.25180707488993,0.264292941662181,0.236780244563598,-0.0733601945483763,-0.139104023135908,0.0202452596102563,0.197507363031755,0.203857185338623,0.199181372876906,0.104978560826751,0.332576777322576,0.106323244112869,0.201364455974151,0.190690508816241,-0.0030569424498759,-0.0507576788776213,0.130778853780034,0.238185623311657,0.188749879452183,0.53640855229464
"NY1615",4,428,4,31,2.66,1.76,1.36,5.77,0.228284936301218,0.277910569536559,0.290128865672796,0.243815898923918,0.257555853180479,0.222976879729298,-0.0748961255061084,-0.134542997552007,0.0395070183721006,0.212448514030652,0.21152467037656,0.201364046892219,0.0780765814674834,0.333615143584383,0.114986145827216,0.220449834888773,0.217725568794403,-0.00709547233266792,-0.0616954507983972,0.143951776150475,0.239864921822748,0.181082215402412,0.528716388442575
"EZRA",4,429,4,32,2.76,1.6,1.14,5.49,0.237595062679678,0.286344225854924,0.296228813563388,0.247791221291718,0.266163614152835,0.233152559443129,-0.0786046823864746,-0.141197190292048,0.0369853974735743,0.215618968273746,0.217780971839897,0.203912869810607,0.0834094941714661,0.343759015572513,0.0955158524098738,0.205913659556104,0.215982647503388,-0.0103321025504808,-0.0613717370867843,0.144948706355504,0.242329241521982,0.179800890590652,0.529763457619685
"WL_349HQ",4,430,4,33,2.37,1.81,1.32,5.5,0.241140709768373,0.272760164211182,0.273780081505543,0.24306776360552,0.261191643380388,0.228144880856642,-0.0444541170768871,-0.0818671955835272,0.10915692581839,0.259721783163481,0.24512453263747,0.227658623736906,0.113019590790082,0.32968107763167,0.150807030958384,0.244806776178629,0.251460220635857,0.0163777733839982,0.00650668718720277,0.203159669208088,0.272849501535849,0.175675796326719,0.531853504335413
"ALFABAR",4,431,4,34,2.72,1.48,0.88,5.08,0.237789495140827,0.267788053764032,0.278667707379706,0.238535584652223,0.260770465163107,0.232992643334251,-0.0739571877897805,-0.1363182133779,0.0382098575268797,0.212703096338172,0.225780055207205,0.205482100740183,0.191467274345565,0.334460527050866,0.102007385919916,0.217004418622428,0.235467015034692,-0.00675844275533202,-0.0421408621162907,0.149609524004344,0.248322787316547,0.172082328446495,0.527447340729898
"WL_349HQ",4,432,4,35,2.4,1.88,1.17,5.45,0.247862273397427,0.271226074124631,0.264152786045087,0.240316057184443,0.25793555740818,0.19867653710863,-0.0311080130064624,-0.0719122382787706,0.112422487420263,0.260085115939946,0.251113539574985,0.236578806074873,0.267546641687447,0.323508487074395,0.145156410292078,0.25378292811952,0.250238693050222,0.0214315242166192,0.028830606978161,0.197182146461344,0.268383747502562,0.172795980045018,0.536741579573396
"SW5606",4,433,4,36,2.42,1.84,1.13,5.39,0.263902627706409,0.289322075785436,0.290824501817916,0.263762848684173,0.279473250684201,0.234392970788745,-0.0450260994168351,-0.095445845239192,0.114985976500183,0.26448499027501,0.263890889648261,0.255583548683623,0.304089333616633,0.317647809120244,0.149556057521288,0.269693543976244,0.26477292992995,0.00578629519175172,0.0180857017630611,0.20759874473358,0.269387368824471,0.167650588381647,0.534747209049662
"SW4412Y",4,434,4,37,2.56,1.77,1.12,5.45,0.243732269035522,0.272033926098979,0.277173038635582,0.243175883691646,0.255898687556453,0.213955893488838,-0.0597940143361333,-0.119244162565976,0.0794734747038938,0.244574223327975,0.254701699324566,0.244934675112272,0.281293028666582,0.291450365575592,0.135807492791169,0.259912297010955,0.236608576090469,-0.00552653161434839,-0.00339993117901872,0.180271196541792,0.249197186562681,0.153878188867291,0.532147310931021
"LIGHTNING_BOLT",4,435,4,38,2.3,1.63,1.18,5.11,0.22253619210066,0.248188628088332,0.265071286889726,0.235231940523051,0.25335227847825,0.208976110905871,-0.0685503390525463,-0.132840430894738,0.0694288543483642,0.227008607774119,0.246471493164129,0.225848563859366,0.277503809664798,0.299665972739404,0.12493714981065,0.24264340271736,0.221374409018629,-0.0180075501681778,-0.0404983372480759,0.168718671751578,0.234991765316806,0.135492352983468,0.521627352836524
"SW4107",4,436,4,39,2.65,1.89,1.38,5.92,0.234921857604388,0.267924007013583,0.277589678395083,0.241194970485804,0.265424012954303,0.218507870595216,-0.0745557058953437,-0.141348928738284,0.0632309132437889,0.237893612109952,0.261809871076174,0.231101804582282,0.281677174726916,0.279816060488385,0.145765119686435,0.262337549542208,0.240153347016467,-0.0072207887169387,-0.0487576375307676,0.178373118821329,0.246298452713679,0.121696759329307,0.528916355201956
"ALGONQUIN",4,437,4,40,2.46,1.64,0.89,4.99,0.238925799352349,0.283307068836894,0.287921907984466,0.236577086552618,0.26485183857874,0.195417656558788,-0.0699474818801957,-0.16394698676637,0.0162725429895343,0.186996589651146,0.226218294876596,0.194344667329938,0.233864069305971,0.28013347209579,0.111239342098268,0.217277046401532,0.202703355107892,0.00778855951935894,-0.0948225743143149,0.0990093222262447,0.178235713537918,0.0861057016923043,0.506762553736538
"NY1517",4,438,4,41,2.83,1.73,1.19,5.75,0.248708998831069,0.286467424472873,0.285139660336597,0.238065594098899,0.269799471655831,0.205752574221627,-0.0771718849098019,-0.180599875756373,-0.00134646409880713,0.198262984942208,0.234720777976383,0.205169521190876,0.269628677529307,0.333176801130043,0.0946164213791436,0.222364158677433,0.218275985331721,-0.0187338247627219,-0.124361645734662,0.0965748074533207,0.199664663338437,0.109978503300458,0.527697834697345
"FSG_421LH",4,439,4,42,2.55,1.9,1.36,5.81,0.268589531164928,0.291327527691846,0.31026235890924,0.253490996853484,0.285903099583609,0.226351217406886,-0.0653054363194943,-0.172104174748528,0.0236976672519561,0.224424716886456,0.261334474838946,0.234780601561058,0.28744182094369,0.33400487454035,0.151296661131459,0.261359579983582,0.245383694665006,-0.0230466885152153,-0.105460555655429,0.130032998048112,0.234297795889641,0.127408520853676,0.540463209618934
"REGEN",4,440,4,43,3.05,1.98,1.27,6.3,0.258807936869067,0.267552924975636,0.290734068093697,0.231149902740494,0.263572084933066,0.195011339777181,-0.074153052847099,-0.173043697671994,0.0293097574154141,0.215353620120424,0.243580807363156,0.212106189518563,0.258370517562819,0.321726596116171,0.118728817124223,0.222356258540769,0.208333277025949,-0.0378669996478596,-0.104279417863342,0.11756899320057,0.241506266766876,0.109800601806552,0.536312531163813
"LANDER",4,441,4,44,2.73,1.8,1.06,5.59,0.243454828834111,0.236986232061025,0.280738300018097,0.210607609625279,0.240340111821705,0.184138073944395,-0.081106370939953,-0.171820566889077,0.0244412476887392,0.199725187698176,0.234036868242383,0.191724278999461,0.233561788656795,0.306679915501988,0.119593061017448,0.211059780125728,0.191235153886525,-0.0403267775020631,-0.0884388723384887,0.115011311837703,0.21690833281356,0.0665419785049051,0.515385434909876
"SW315_LH",4,442,4,45,2.75,1.5,0.97,5.22,0.270316452298051,0.260114412635007,0.304757145848722,0.238485705151283,0.254286673781626,0.213586538723626,-0.0866124164140542,-0.175298053281741,-0.00394940276321033,0.187043101302934,0.236263540366398,0.200689057388516,0.267571017412584,0.335048595720924,0.107948926010424,0.216971554101852,0.207386807371599,-0.0408134324394849,-0.10425952797012,0.0790929095488489,0.194982586455989,0.0751357921470638,0.519098133061109
"PLUSS_III",4,443,4,46,2.84,1.78,0.92,5.54,0.26695980032452,0.254863291778119,0.301572020871429,0.235124883310706,0.23293856237928,0.219415618157955,-0.0790754851585778,-0.132567361060408,0.0933124292976224,0.262506448583716,0.271736432723705,0.241898590590556,0.293297062924365,0.336126664861083,0.157857422715611,0.256026791973894,0.232766464996496,-0.0418699013728514,-0.0533963491323621,0.181261797154568,0.267795749035174,0.1095005854037,0.534141737504781
"HI-GEST_360",4,444,4,47,2.9,1.68,0.82,5.4,0.271295244887184,0.246475751586854,0.294671117022226,0.237840002955262,0.226997247317032,0.237247846283264,-0.11073902617695,-0.146694279597236,0.0786326894969859,0.258450429709354,0.256039604142133,0.240176015454755,0.283138800721546,0.346114184353759,0.156990045198351,0.246979200544438,0.224123702593996,-0.0563429326140905,-0.069756451891234,0.161941760579427,0.256083338489124,0.128558963141806,0.528523467493669
"N-R-GEE",4,445,4,48,2.99,1.73,1.01,5.73,0.27480202315368,0.243272881323375,0.283444028395194,0.239380108220519,0.22859439222357,0.23871467544562,-0.141763141079656,-0.166125629399088,0.0497907288917166,0.240704878851383,0.239076879909578,0.242653249471322,0.270907152121216,0.328951247193803,0.139856118107425,0.224672742814736,0.204535453554531,-0.0563977107394455,-0.0777242609053867,0.126050225370585,0.22703018131662,0.151733557809323,0.533949702947907
"SEEDWAY_9558",4,446,4,49,2.78,1.61,1.03,5.42,0.269429891069871,0.230785530164504,0.279948389490148,0.229958557312213,0.222811917216842,0.243962843168935,-0.147653281891971,-0.17607774481681,0.0193149807037459,0.224368715193513,0.214873471519163,0.246540067245745,0.256011703951144,0.324001577189371,0.116210189425402,0.219860703674255,0.194566636899459,-0.0747063639617572,-0.0967925624756525,0.103534580606913,0.225572184138026,0.16542966231067,0.536235561470902
"GUARDSMAN_II",4,447,4,50,2.83,1.78,1.11,5.72,0.280065895217244,0.242301955521495,0.277659684113449,0.240641164240185,0.238620234767817,0.238797016884786,-0.157816612773683,-0.180163798522028,0.03729513099298,0.243067420463594,0.213176978388717,0.261703227208785,0.251029873842262,0.312353365949972,0.133793321573761,0.238421662335212,0.211001572588181,-0.0762564259663481,-0.0888623143891982,0.116369401653226,0.238462952604317,0.174430409001471,0.534814678044494
"ONEIDA_VR",4,448,4,51,2.73,1.54,0.89,5.15,0.269604411886154,0.234234160115673,0.268061117862535,0.24121442878714,0.24158467923552,0.253950680887891,-0.156663093999501,-0.193104322338125,0.00681684544717138,0.218203491834636,0.187267398962643,0.250270174196785,0.258250791957454,0.32952721494008,0.10638788878013,0.210204346433895,0.197336645194875,-0.0784510789831882,-0.111738875795146,0.0516041194438008,0.210750837716984,0.181919390301123,0.542274111843489
